ticket_id,subject,description,category,priority,department,resolution_type,resolution,resolved_in_steps,confidence_score,feedback,was_escalated,is_repeated_issue,is_ambiguous,source
HW-G-0001,Computer running extremely slow,"Hi team, my desktop has been very slow for the past two days. Opening any application takes several minutes and even typing is laggy.",Hardware & Infrastructure,Low,Marketing,step_by_step,Step 1: Open Task Manager and check for high CPU or memory usage. Step 2: Restart the computer. Step 3: Run disk cleanup to free up space. Step 4: Check if antivirus is running a full scan and pause it temporarily. Step 5: If issue persists IT will assess RAM and storage health.,5,0.85,satisfied,False,True,False,general
HW-G-0002,New laptop setup required,"Hi, I received a new laptop but it has not been set up yet. It needs company software installed and connected to the domain.",Hardware & Infrastructure,Low,Finance,information,"Raise a new device onboarding request through the IT portal. The setup team will schedule a session within 24 hours to configure the device, install required software, and join it to the company domain.",1,0.82,satisfied,False,False,False,general
HW-G-0003,New laptop setup required,I have been dealing with this for days. I received a new laptop but it has not been set up yet. It needs company software installed and connected to the domain.,Hardware & Infrastructure,Medium,IT,information,"Raise a new device onboarding request through the IT portal. The setup team will schedule a session within 24 hours to configure the device, install required software, and join it to the company domain.",1,0.85,satisfied,False,False,False,general
HW-G-0004,Printer not printing,Urgent - The office printer is not printing. I sent a document 20 minutes ago and it is stuck in the queue. Other colleagues are also affected.,Hardware & Infrastructure,Medium,Marketing,step_by_step,Step 1: Open print queue and cancel all pending jobs. Step 2: Restart the printer. Step 3: Restart the print spooler service on your computer. Step 4: Reinstall the printer driver if the issue continues.,4,0.85,satisfied,False,True,False,general
HW-G-0005,Projector not connecting to laptop,This is really frustrating. I have a presentation in 30 minutes and the conference room projector will not connect to my laptop via HDMI.,Hardware & Infrastructure,High,HR,quick_fix,Press Windows + P to open the display projection menu and select Duplicate or Extend. If still not detected try a different HDMI cable from the cabinet.,1,0.83,not_helpful,False,True,False,general
HW-G-0006,Computer running extremely slow,"Hello, My desktop has been very slow for the past two days. Opening any application takes several minutes and even typing is laggy. Please help.",Hardware & Infrastructure,Medium,HR,step_by_step,Step 1: Open Task Manager and check for high CPU or memory usage. Step 2: Restart the computer. Step 3: Run disk cleanup to free up space. Step 4: Check if antivirus is running a full scan and pause it temporarily. Step 5: If issue persists IT will assess RAM and storage health.,5,0.86,satisfied,False,True,False,general
HW-G-0007,Hard drive making clicking noise,Not sure if this is the right place but my computer hard drive has started making a clicking noise when I open files. I am worried I might lose data.,Hardware & Infrastructure,Critical,HR,step_by_step,Step 1: Immediately back up all important files to the shared network drive. Step 2: Stop using the machine for heavy tasks. Step 3: Escalate to IT immediately — clicking noise indicates imminent drive failure.,3,0.67,escalated,True,False,False,general
HW-G-0008,New laptop setup required,This is really frustrating. I received a new laptop but it has not been set up yet. It needs company software installed and connected to the domain.,Hardware & Infrastructure,Medium,Operations,information,"Raise a new device onboarding request through the IT portal. The setup team will schedule a session within 24 hours to configure the device, install required software, and join it to the company domain.",1,0.87,not_helpful,False,False,False,general
HW-G-0009,Printer not printing,"Hello, The office printer is not printing. I sent a document 20 minutes ago and it is stuck in the queue. Other colleagues are also affected. Please help.",Hardware & Infrastructure,High,HR,step_by_step,Step 1: Open print queue and cancel all pending jobs. Step 2: Restart the printer. Step 3: Restart the print spooler service on your computer. Step 4: Reinstall the printer driver if the issue continues.,4,0.81,satisfied,False,True,False,general
HW-G-0010,Printer not printing,This is really frustrating. The office printer is not printing. I sent a document 20 minutes ago and it is stuck in the queue. Other colleagues are also affected.,Hardware & Infrastructure,High,Finance,step_by_step,Step 1: Open print queue and cancel all pending jobs. Step 2: Restart the printer. Step 3: Restart the print spooler service on your computer. Step 4: Reinstall the printer driver if the issue continues.,4,0.87,satisfied,False,True,False,general
HW-G-0011,Office phone not receiving calls,"Hi team, my desk phone stopped receiving incoming calls since yesterday afternoon. I can make outgoing calls fine.",Hardware & Infrastructure,Medium,Operations,step_by_step,Step 1: Check if Do Not Disturb mode is enabled. Step 2: Unplug the phone and reconnect after 30 seconds. Step 3: Contact the telephony team with your extension number if issue persists.,3,0.88,satisfied,False,False,False,general
HW-G-0012,Monitor not displaying anything,"Hello, I came back from lunch and my monitor is completely black. The computer seems to be on but nothing shows on screen. Please help.",Hardware & Infrastructure,Medium,Marketing,step_by_step,Step 1: Check that the monitor power cable is securely plugged in. Step 2: Check the display cable connection on both ends. Step 3: Press the monitor input select button to cycle through inputs. Step 4: Connect a different monitor to isolate whether issue is the monitor or the GPU.,4,0.84,satisfied,False,True,False,general
HW-G-0013,New laptop setup required,I received a new laptop but it has not been set up yet. It needs company software installed and connected to the domain.,Hardware & Infrastructure,Medium,Finance,information,"Raise a new device onboarding request through the IT portal. The setup team will schedule a session within 24 hours to configure the device, install required software, and join it to the company domain.",1,0.8,not_helpful,False,False,False,general
HW-G-0014,Laptop won't turn on,"Hi team, my laptop stopped turning on this morning. I pressed the power button multiple times but nothing happens. The charging LED is also not lighting up.",Hardware & Infrastructure,Critical,Finance,step_by_step,Step 1: Hold the power button for 30 seconds to drain residual charge. Step 2: Remove battery if removable and reconnect. Step 3: Connect directly to power adapter and try again. Step 4: If still unresponsive escalate to hardware team for inspection.,4,0.87,escalated,True,True,False,general
HW-G-0015,USB drive not recognised,Following up on this issue — when I plug in my USB drive the computer does not detect it. I need the files urgently for a client meeting.,Hardware & Infrastructure,High,IT,step_by_step,Step 1: Try a different USB port. Step 2: Test the USB drive on another computer. Step 3: Open Disk Management to check if drive appears without a letter assigned. Step 4: If not detected anywhere the drive may be faulty.,4,0.46,escalated,True,False,True,general
HW-G-0016,Hard drive making clicking noise,I have been dealing with this for days. My computer hard drive has started making a clicking noise when I open files. I am worried I might lose data.,Hardware & Infrastructure,Critical,Operations,step_by_step,Step 1: Immediately back up all important files to the shared network drive. Step 2: Stop using the machine for heavy tasks. Step 3: Escalate to IT immediately — clicking noise indicates imminent drive failure.,3,0.46,escalated,True,False,False,general
HW-G-0017,Keyboard keys not working,This is really frustrating. Several keys on my keyboard have stopped responding — the number keys and some letters. My keyboard is wired USB.,Hardware & Infrastructure,Medium,Finance,step_by_step,Step 1: Unplug the keyboard and plug into a different USB port. Step 2: Test the keyboard on another computer. Step 3: If confirmed faulty submit a hardware replacement request.,3,0.82,satisfied,False,False,False,general
HW-G-0018,Monitor not displaying anything,"Hi team, i came back from lunch and my monitor is completely black. The computer seems to be on but nothing shows on screen.",Hardware & Infrastructure,Medium,Finance,step_by_step,Step 1: Check that the monitor power cable is securely plugged in. Step 2: Check the display cable connection on both ends. Step 3: Press the monitor input select button to cycle through inputs. Step 4: Connect a different monitor to isolate whether issue is the monitor or the GPU.,4,0.82,satisfied,False,True,False,general
HW-G-0019,Monitor not displaying anything,Not sure if this is the right place but i came back from lunch and my monitor is completely black. The computer seems to be on but nothing shows on screen.,Hardware & Infrastructure,High,Operations,step_by_step,Step 1: Check that the monitor power cable is securely plugged in. Step 2: Check the display cable connection on both ends. Step 3: Press the monitor input select button to cycle through inputs. Step 4: Connect a different monitor to isolate whether issue is the monitor or the GPU.,4,0.88,satisfied,False,True,False,general
HW-G-0020,Hard drive making clicking noise,My computer hard drive has started making a clicking noise when I open files. I am worried I might lose data.,Hardware & Infrastructure,Critical,Marketing,step_by_step,Step 1: Immediately back up all important files to the shared network drive. Step 2: Stop using the machine for heavy tasks. Step 3: Escalate to IT immediately — clicking noise indicates imminent drive failure.,3,0.67,escalated,True,False,False,general
HW-G-0021,Computer running extremely slow,This is really frustrating. My desktop has been very slow for the past two days. Opening any application takes several minutes and even typing is laggy.,Hardware & Infrastructure,Medium,HR,step_by_step,Step 1: Open Task Manager and check for high CPU or memory usage. Step 2: Restart the computer. Step 3: Run disk cleanup to free up space. Step 4: Check if antivirus is running a full scan and pause it temporarily. Step 5: If issue persists IT will assess RAM and storage health.,5,0.9,satisfied,False,True,False,general
HW-G-0022,Keyboard keys not working,"Hello, Several keys on my keyboard have stopped responding — the number keys and some letters. My keyboard is wired USB. Please help.",Hardware & Infrastructure,Low,Operations,step_by_step,Step 1: Unplug the keyboard and plug into a different USB port. Step 2: Test the keyboard on another computer. Step 3: If confirmed faulty submit a hardware replacement request.,3,0.83,not_helpful,False,False,False,general
HW-G-0023,Monitor not displaying anything,I have been dealing with this for days. I came back from lunch and my monitor is completely black. The computer seems to be on but nothing shows on screen.,Hardware & Infrastructure,Medium,Operations,step_by_step,Step 1: Check that the monitor power cable is securely plugged in. Step 2: Check the display cable connection on both ends. Step 3: Press the monitor input select button to cycle through inputs. Step 4: Connect a different monitor to isolate whether issue is the monitor or the GPU.,4,0.82,satisfied,False,True,False,general
HW-G-0024,Printer not printing,I have been dealing with this for days. The office printer is not printing. I sent a document 20 minutes ago and it is stuck in the queue. Other colleagues are also affected.,Hardware & Infrastructure,Medium,HR,step_by_step,Step 1: Open print queue and cancel all pending jobs. Step 2: Restart the printer. Step 3: Restart the print spooler service on your computer. Step 4: Reinstall the printer driver if the issue continues.,4,0.94,satisfied,False,True,False,general
HW-G-0025,USB drive not recognised,This is really frustrating. When I plug in my USB drive the computer does not detect it. I need the files urgently for a client meeting.,Hardware & Infrastructure,Medium,Sales,step_by_step,Step 1: Try a different USB port. Step 2: Test the USB drive on another computer. Step 3: Open Disk Management to check if drive appears without a letter assigned. Step 4: If not detected anywhere the drive may be faulty.,4,0.38,escalated,True,False,True,general
HW-G-0026,Printer not printing,"Hi team, the office printer is not printing. I sent a document 20 minutes ago and it is stuck in the queue. Other colleagues are also affected.",Hardware & Infrastructure,Low,Marketing,step_by_step,Step 1: Open print queue and cancel all pending jobs. Step 2: Restart the printer. Step 3: Restart the print spooler service on your computer. Step 4: Reinstall the printer driver if the issue continues.,4,0.96,not_helpful,False,True,False,general
HW-G-0027,Hard drive making clicking noise,I have been dealing with this for days. My computer hard drive has started making a clicking noise when I open files. I am worried I might lose data.,Hardware & Infrastructure,Critical,Finance,step_by_step,Step 1: Immediately back up all important files to the shared network drive. Step 2: Stop using the machine for heavy tasks. Step 3: Escalate to IT immediately — clicking noise indicates imminent drive failure.,3,0.67,escalated,True,False,False,general
HW-G-0028,Monitor not displaying anything,I have been dealing with this for days. I came back from lunch and my monitor is completely black. The computer seems to be on but nothing shows on screen.,Hardware & Infrastructure,Medium,Operations,step_by_step,Step 1: Check that the monitor power cable is securely plugged in. Step 2: Check the display cable connection on both ends. Step 3: Press the monitor input select button to cycle through inputs. Step 4: Connect a different monitor to isolate whether issue is the monitor or the GPU.,4,0.97,satisfied,False,True,False,general
HW-G-0029,Projector not connecting to laptop,"Hi, I have a presentation in 30 minutes and the conference room projector will not connect to my laptop via HDMI.",Hardware & Infrastructure,Critical,Marketing,quick_fix,Press Windows + P to open the display projection menu and select Duplicate or Extend. If still not detected try a different HDMI cable from the cabinet.,1,0.97,escalated,True,True,False,general
HW-G-0030,Keyboard keys not working,I have been dealing with this for days. Several keys on my keyboard have stopped responding — the number keys and some letters. My keyboard is wired USB.,Hardware & Infrastructure,Low,IT,step_by_step,Step 1: Unplug the keyboard and plug into a different USB port. Step 2: Test the keyboard on another computer. Step 3: If confirmed faulty submit a hardware replacement request.,3,0.88,satisfied,False,False,False,general
HW-G-0031,Computer running extremely slow,I have been dealing with this for days. My desktop has been very slow for the past two days. Opening any application takes several minutes and even typing is laggy.,Hardware & Infrastructure,Medium,Finance,step_by_step,Step 1: Open Task Manager and check for high CPU or memory usage. Step 2: Restart the computer. Step 3: Run disk cleanup to free up space. Step 4: Check if antivirus is running a full scan and pause it temporarily. Step 5: If issue persists IT will assess RAM and storage health.,5,0.81,satisfied,False,True,False,general
HW-G-0032,USB drive not recognised,When I plug in my USB drive the computer does not detect it. I need the files urgently for a client meeting.,Hardware & Infrastructure,Medium,Finance,step_by_step,Step 1: Try a different USB port. Step 2: Test the USB drive on another computer. Step 3: Open Disk Management to check if drive appears without a letter assigned. Step 4: If not detected anywhere the drive may be faulty.,4,0.4,escalated,True,False,True,general
HW-G-0033,Computer running extremely slow,"Hi, My desktop has been very slow for the past two days. Opening any application takes several minutes and even typing is laggy.",Hardware & Infrastructure,High,Sales,step_by_step,Step 1: Open Task Manager and check for high CPU or memory usage. Step 2: Restart the computer. Step 3: Run disk cleanup to free up space. Step 4: Check if antivirus is running a full scan and pause it temporarily. Step 5: If issue persists IT will assess RAM and storage health.,5,0.95,satisfied,False,True,False,general
HW-G-0034,Hard drive making clicking noise,Quick question — my computer hard drive has started making a clicking noise when I open files. I am worried I might lose data.,Hardware & Infrastructure,Critical,Operations,step_by_step,Step 1: Immediately back up all important files to the shared network drive. Step 2: Stop using the machine for heavy tasks. Step 3: Escalate to IT immediately — clicking noise indicates imminent drive failure.,3,0.45,escalated,True,False,False,general
HW-G-0035,Hard drive making clicking noise,Not sure if this is the right place but my computer hard drive has started making a clicking noise when I open files. I am worried I might lose data.,Hardware & Infrastructure,Critical,Finance,step_by_step,Step 1: Immediately back up all important files to the shared network drive. Step 2: Stop using the machine for heavy tasks. Step 3: Escalate to IT immediately — clicking noise indicates imminent drive failure.,3,0.54,escalated,True,False,False,general
HW-G-0036,Computer running extremely slow,Following up on this issue — my desktop has been very slow for the past two days. Opening any application takes several minutes and even typing is laggy.,Hardware & Infrastructure,Low,Marketing,step_by_step,Step 1: Open Task Manager and check for high CPU or memory usage. Step 2: Restart the computer. Step 3: Run disk cleanup to free up space. Step 4: Check if antivirus is running a full scan and pause it temporarily. Step 5: If issue persists IT will assess RAM and storage health.,5,0.88,satisfied,False,True,False,general
HW-G-0037,Laptop won't turn on,Not sure if this is the right place but my laptop stopped turning on this morning. I pressed the power button multiple times but nothing happens. The charging LED is also not lighting up.,Hardware & Infrastructure,High,Marketing,step_by_step,Step 1: Hold the power button for 30 seconds to drain residual charge. Step 2: Remove battery if removable and reconnect. Step 3: Connect directly to power adapter and try again. Step 4: If still unresponsive escalate to hardware team for inspection.,4,0.98,satisfied,False,True,False,general
HW-G-0038,Office phone not receiving calls,I have been dealing with this for days. My desk phone stopped receiving incoming calls since yesterday afternoon. I can make outgoing calls fine.,Hardware & Infrastructure,High,IT,step_by_step,Step 1: Check if Do Not Disturb mode is enabled. Step 2: Unplug the phone and reconnect after 30 seconds. Step 3: Contact the telephony team with your extension number if issue persists.,3,0.75,satisfied,False,False,False,general
HW-G-0039,Monitor not displaying anything,"Hi team, i came back from lunch and my monitor is completely black. The computer seems to be on but nothing shows on screen.",Hardware & Infrastructure,Medium,IT,step_by_step,Step 1: Check that the monitor power cable is securely plugged in. Step 2: Check the display cable connection on both ends. Step 3: Press the monitor input select button to cycle through inputs. Step 4: Connect a different monitor to isolate whether issue is the monitor or the GPU.,4,0.85,satisfied,False,True,False,general
HW-G-0040,New laptop setup required,I received a new laptop but it has not been set up yet. It needs company software installed and connected to the domain.,Hardware & Infrastructure,Low,HR,information,"Raise a new device onboarding request through the IT portal. The setup team will schedule a session within 24 hours to configure the device, install required software, and join it to the company domain.",1,0.88,satisfied,False,False,False,general
HW-G-0041,Printer not printing,Not sure if this is the right place but the office printer is not printing. I sent a document 20 minutes ago and it is stuck in the queue. Other colleagues are also affected.,Hardware & Infrastructure,Medium,HR,step_by_step,Step 1: Open print queue and cancel all pending jobs. Step 2: Restart the printer. Step 3: Restart the print spooler service on your computer. Step 4: Reinstall the printer driver if the issue continues.,4,0.89,satisfied,False,True,False,general
HW-G-0042,Monitor not displaying anything,Following up on this issue — i came back from lunch and my monitor is completely black. The computer seems to be on but nothing shows on screen.,Hardware & Infrastructure,Medium,Sales,step_by_step,Step 1: Check that the monitor power cable is securely plugged in. Step 2: Check the display cable connection on both ends. Step 3: Press the monitor input select button to cycle through inputs. Step 4: Connect a different monitor to isolate whether issue is the monitor or the GPU.,4,0.98,satisfied,False,True,False,general
HW-G-0043,Projector not connecting to laptop,Following up on this issue — i have a presentation in 30 minutes and the conference room projector will not connect to my laptop via HDMI.,Hardware & Infrastructure,High,Finance,quick_fix,Press Windows + P to open the display projection menu and select Duplicate or Extend. If still not detected try a different HDMI cable from the cabinet.,1,0.93,satisfied,False,True,False,general
HW-G-0044,Printer not printing,I have been dealing with this for days. The office printer is not printing. I sent a document 20 minutes ago and it is stuck in the queue. Other colleagues are also affected.,Hardware & Infrastructure,Medium,HR,step_by_step,Step 1: Open print queue and cancel all pending jobs. Step 2: Restart the printer. Step 3: Restart the print spooler service on your computer. Step 4: Reinstall the printer driver if the issue continues.,4,0.97,satisfied,False,True,False,general
HW-G-0045,Office phone not receiving calls,I have been dealing with this for days. My desk phone stopped receiving incoming calls since yesterday afternoon. I can make outgoing calls fine.,Hardware & Infrastructure,Low,Finance,step_by_step,Step 1: Check if Do Not Disturb mode is enabled. Step 2: Unplug the phone and reconnect after 30 seconds. Step 3: Contact the telephony team with your extension number if issue persists.,3,0.86,satisfied,False,False,False,general
HW-G-0046,Laptop won't turn on,Urgent - My laptop stopped turning on this morning. I pressed the power button multiple times but nothing happens. The charging LED is also not lighting up.,Hardware & Infrastructure,Critical,HR,step_by_step,Step 1: Hold the power button for 30 seconds to drain residual charge. Step 2: Remove battery if removable and reconnect. Step 3: Connect directly to power adapter and try again. Step 4: If still unresponsive escalate to hardware team for inspection.,4,0.81,escalated,True,True,False,general
HW-G-0047,USB drive not recognised,Quick question — when I plug in my USB drive the computer does not detect it. I need the files urgently for a client meeting.,Hardware & Infrastructure,Low,Finance,step_by_step,Step 1: Try a different USB port. Step 2: Test the USB drive on another computer. Step 3: Open Disk Management to check if drive appears without a letter assigned. Step 4: If not detected anywhere the drive may be faulty.,4,0.59,satisfied,False,False,True,general
HW-G-0048,USB drive not recognised,Quick question — when I plug in my USB drive the computer does not detect it. I need the files urgently for a client meeting.,Hardware & Infrastructure,Medium,Operations,step_by_step,Step 1: Try a different USB port. Step 2: Test the USB drive on another computer. Step 3: Open Disk Management to check if drive appears without a letter assigned. Step 4: If not detected anywhere the drive may be faulty.,4,0.53,not_helpful,False,False,True,general
HW-G-0049,New laptop setup required,This is really frustrating. I received a new laptop but it has not been set up yet. It needs company software installed and connected to the domain.,Hardware & Infrastructure,Medium,Finance,information,"Raise a new device onboarding request through the IT portal. The setup team will schedule a session within 24 hours to configure the device, install required software, and join it to the company domain.",1,0.78,satisfied,False,False,False,general
HW-G-0050,Keyboard keys not working,This is really frustrating. Several keys on my keyboard have stopped responding — the number keys and some letters. My keyboard is wired USB.,Hardware & Infrastructure,Low,HR,step_by_step,Step 1: Unplug the keyboard and plug into a different USB port. Step 2: Test the keyboard on another computer. Step 3: If confirmed faulty submit a hardware replacement request.,3,0.88,satisfied,False,False,False,general
HW-G-0051,Laptop won't turn on,"Hi team, my laptop stopped turning on this morning. I pressed the power button multiple times but nothing happens. The charging LED is also not lighting up.",Hardware & Infrastructure,High,Operations,step_by_step,Step 1: Hold the power button for 30 seconds to drain residual charge. Step 2: Remove battery if removable and reconnect. Step 3: Connect directly to power adapter and try again. Step 4: If still unresponsive escalate to hardware team for inspection.,4,0.98,not_helpful,False,True,False,general
HW-G-0052,Printer not printing,"Hi team, the office printer is not printing. I sent a document 20 minutes ago and it is stuck in the queue. Other colleagues are also affected.",Hardware & Infrastructure,Medium,Finance,step_by_step,Step 1: Open print queue and cancel all pending jobs. Step 2: Restart the printer. Step 3: Restart the print spooler service on your computer. Step 4: Reinstall the printer driver if the issue continues.,4,0.82,satisfied,False,True,False,general
HW-G-0053,Office phone not receiving calls,"Hello, My desk phone stopped receiving incoming calls since yesterday afternoon. I can make outgoing calls fine. Please help.",Hardware & Infrastructure,Medium,Operations,step_by_step,Step 1: Check if Do Not Disturb mode is enabled. Step 2: Unplug the phone and reconnect after 30 seconds. Step 3: Contact the telephony team with your extension number if issue persists.,3,0.83,satisfied,False,False,False,general
HW-G-0054,New laptop setup required,"Hi team, i received a new laptop but it has not been set up yet. It needs company software installed and connected to the domain.",Hardware & Infrastructure,Low,Finance,information,"Raise a new device onboarding request through the IT portal. The setup team will schedule a session within 24 hours to configure the device, install required software, and join it to the company domain.",1,0.92,satisfied,False,False,False,general
HW-G-0055,Keyboard keys not working,"Hello, Several keys on my keyboard have stopped responding — the number keys and some letters. My keyboard is wired USB. Please help.",Hardware & Infrastructure,Low,Sales,step_by_step,Step 1: Unplug the keyboard and plug into a different USB port. Step 2: Test the keyboard on another computer. Step 3: If confirmed faulty submit a hardware replacement request.,3,0.75,satisfied,False,False,False,general
HW-G-0056,USB drive not recognised,"Hello, When I plug in my USB drive the computer does not detect it. I need the files urgently for a client meeting. Please help.",Hardware & Infrastructure,Medium,Operations,step_by_step,Step 1: Try a different USB port. Step 2: Test the USB drive on another computer. Step 3: Open Disk Management to check if drive appears without a letter assigned. Step 4: If not detected anywhere the drive may be faulty.,4,0.46,not_helpful,False,False,True,general
HW-G-0057,Hard drive making clicking noise,My computer hard drive has started making a clicking noise when I open files. I am worried I might lose data.,Hardware & Infrastructure,Critical,HR,step_by_step,Step 1: Immediately back up all important files to the shared network drive. Step 2: Stop using the machine for heavy tasks. Step 3: Escalate to IT immediately — clicking noise indicates imminent drive failure.,3,0.66,escalated,True,False,False,general
HW-G-0058,Projector not connecting to laptop,This is really frustrating. I have a presentation in 30 minutes and the conference room projector will not connect to my laptop via HDMI.,Hardware & Infrastructure,Critical,Finance,quick_fix,Press Windows + P to open the display projection menu and select Duplicate or Extend. If still not detected try a different HDMI cable from the cabinet.,1,0.81,escalated,True,True,False,general
HW-G-0059,Keyboard keys not working,I have been dealing with this for days. Several keys on my keyboard have stopped responding — the number keys and some letters. My keyboard is wired USB.,Hardware & Infrastructure,Low,HR,step_by_step,Step 1: Unplug the keyboard and plug into a different USB port. Step 2: Test the keyboard on another computer. Step 3: If confirmed faulty submit a hardware replacement request.,3,0.83,satisfied,False,False,False,general
HW-G-0060,Computer running extremely slow,I have been dealing with this for days. My desktop has been very slow for the past two days. Opening any application takes several minutes and even typing is laggy.,Hardware & Infrastructure,Low,HR,step_by_step,Step 1: Open Task Manager and check for high CPU or memory usage. Step 2: Restart the computer. Step 3: Run disk cleanup to free up space. Step 4: Check if antivirus is running a full scan and pause it temporarily. Step 5: If issue persists IT will assess RAM and storage health.,5,0.96,not_helpful,False,True,False,general
HW-G-0061,Office phone not receiving calls,"Hello, My desk phone stopped receiving incoming calls since yesterday afternoon. I can make outgoing calls fine. Please help.",Hardware & Infrastructure,Medium,Sales,step_by_step,Step 1: Check if Do Not Disturb mode is enabled. Step 2: Unplug the phone and reconnect after 30 seconds. Step 3: Contact the telephony team with your extension number if issue persists.,3,0.76,satisfied,False,False,False,general
HW-G-0062,Laptop won't turn on,"Hi, My laptop stopped turning on this morning. I pressed the power button multiple times but nothing happens. The charging LED is also not lighting up.",Hardware & Infrastructure,Critical,Marketing,step_by_step,Step 1: Hold the power button for 30 seconds to drain residual charge. Step 2: Remove battery if removable and reconnect. Step 3: Connect directly to power adapter and try again. Step 4: If still unresponsive escalate to hardware team for inspection.,4,0.84,escalated,True,True,False,general
HW-G-0063,Computer running extremely slow,Quick question — my desktop has been very slow for the past two days. Opening any application takes several minutes and even typing is laggy.,Hardware & Infrastructure,Medium,Marketing,step_by_step,Step 1: Open Task Manager and check for high CPU or memory usage. Step 2: Restart the computer. Step 3: Run disk cleanup to free up space. Step 4: Check if antivirus is running a full scan and pause it temporarily. Step 5: If issue persists IT will assess RAM and storage health.,5,0.9,satisfied,False,True,False,general
HW-G-0064,Monitor not displaying anything,Urgent - I came back from lunch and my monitor is completely black. The computer seems to be on but nothing shows on screen.,Hardware & Infrastructure,High,IT,step_by_step,Step 1: Check that the monitor power cable is securely plugged in. Step 2: Check the display cable connection on both ends. Step 3: Press the monitor input select button to cycle through inputs. Step 4: Connect a different monitor to isolate whether issue is the monitor or the GPU.,4,0.84,satisfied,False,True,False,general
HW-G-0065,Laptop won't turn on,Not sure if this is the right place but my laptop stopped turning on this morning. I pressed the power button multiple times but nothing happens. The charging LED is also not lighting up.,Hardware & Infrastructure,High,Marketing,step_by_step,Step 1: Hold the power button for 30 seconds to drain residual charge. Step 2: Remove battery if removable and reconnect. Step 3: Connect directly to power adapter and try again. Step 4: If still unresponsive escalate to hardware team for inspection.,4,0.97,satisfied,False,True,False,general
HW-G-0066,Printer not printing,The office printer is not printing. I sent a document 20 minutes ago and it is stuck in the queue. Other colleagues are also affected.,Hardware & Infrastructure,Medium,IT,step_by_step,Step 1: Open print queue and cancel all pending jobs. Step 2: Restart the printer. Step 3: Restart the print spooler service on your computer. Step 4: Reinstall the printer driver if the issue continues.,4,0.94,satisfied,False,True,False,general
HW-G-0067,Printer not printing,"Hi, The office printer is not printing. I sent a document 20 minutes ago and it is stuck in the queue. Other colleagues are also affected.",Hardware & Infrastructure,Medium,Finance,step_by_step,Step 1: Open print queue and cancel all pending jobs. Step 2: Restart the printer. Step 3: Restart the print spooler service on your computer. Step 4: Reinstall the printer driver if the issue continues.,4,0.97,satisfied,False,True,False,general
HW-G-0068,Laptop won't turn on,"Hi team, my laptop stopped turning on this morning. I pressed the power button multiple times but nothing happens. The charging LED is also not lighting up.",Hardware & Infrastructure,High,Sales,step_by_step,Step 1: Hold the power button for 30 seconds to drain residual charge. Step 2: Remove battery if removable and reconnect. Step 3: Connect directly to power adapter and try again. Step 4: If still unresponsive escalate to hardware team for inspection.,4,0.87,satisfied,False,True,False,general
HW-G-0069,Office phone not receiving calls,I have been dealing with this for days. My desk phone stopped receiving incoming calls since yesterday afternoon. I can make outgoing calls fine.,Hardware & Infrastructure,Medium,Sales,step_by_step,Step 1: Check if Do Not Disturb mode is enabled. Step 2: Unplug the phone and reconnect after 30 seconds. Step 3: Contact the telephony team with your extension number if issue persists.,3,0.82,not_helpful,False,False,False,general
HW-G-0070,Laptop won't turn on,"Hello, My laptop stopped turning on this morning. I pressed the power button multiple times but nothing happens. The charging LED is also not lighting up. Please help.",Hardware & Infrastructure,Medium,HR,step_by_step,Step 1: Hold the power button for 30 seconds to drain residual charge. Step 2: Remove battery if removable and reconnect. Step 3: Connect directly to power adapter and try again. Step 4: If still unresponsive escalate to hardware team for inspection.,4,0.97,satisfied,False,True,False,general
HW-G-0071,Computer running extremely slow,Not sure if this is the right place but my desktop has been very slow for the past two days. Opening any application takes several minutes and even typing is laggy.,Hardware & Infrastructure,Medium,Operations,step_by_step,Step 1: Open Task Manager and check for high CPU or memory usage. Step 2: Restart the computer. Step 3: Run disk cleanup to free up space. Step 4: Check if antivirus is running a full scan and pause it temporarily. Step 5: If issue persists IT will assess RAM and storage health.,5,0.86,satisfied,False,True,False,general
HW-G-0072,New laptop setup required,I received a new laptop but it has not been set up yet. It needs company software installed and connected to the domain.,Hardware & Infrastructure,Medium,Marketing,information,"Raise a new device onboarding request through the IT portal. The setup team will schedule a session within 24 hours to configure the device, install required software, and join it to the company domain.",1,0.94,satisfied,False,False,False,general
HW-G-0073,Projector not connecting to laptop,"Hi, I have a presentation in 30 minutes and the conference room projector will not connect to my laptop via HDMI.",Hardware & Infrastructure,Medium,Sales,quick_fix,Press Windows + P to open the display projection menu and select Duplicate or Extend. If still not detected try a different HDMI cable from the cabinet.,1,0.97,satisfied,False,True,False,general
HW-G-0074,Projector not connecting to laptop,This is really frustrating. I have a presentation in 30 minutes and the conference room projector will not connect to my laptop via HDMI.,Hardware & Infrastructure,Medium,Marketing,quick_fix,Press Windows + P to open the display projection menu and select Duplicate or Extend. If still not detected try a different HDMI cable from the cabinet.,1,0.92,satisfied,False,True,False,general
HW-G-0075,Computer running extremely slow,Not sure if this is the right place but my desktop has been very slow for the past two days. Opening any application takes several minutes and even typing is laggy.,Hardware & Infrastructure,High,Sales,step_by_step,Step 1: Open Task Manager and check for high CPU or memory usage. Step 2: Restart the computer. Step 3: Run disk cleanup to free up space. Step 4: Check if antivirus is running a full scan and pause it temporarily. Step 5: If issue persists IT will assess RAM and storage health.,5,0.85,satisfied,False,True,False,general
HW-G-0076,Projector not connecting to laptop,Not sure if this is the right place but i have a presentation in 30 minutes and the conference room projector will not connect to my laptop via HDMI.,Hardware & Infrastructure,High,Marketing,quick_fix,Press Windows + P to open the display projection menu and select Duplicate or Extend. If still not detected try a different HDMI cable from the cabinet.,1,0.9,satisfied,False,True,False,general
HW-G-0077,Monitor not displaying anything,I came back from lunch and my monitor is completely black. The computer seems to be on but nothing shows on screen.,Hardware & Infrastructure,Medium,Sales,step_by_step,Step 1: Check that the monitor power cable is securely plugged in. Step 2: Check the display cable connection on both ends. Step 3: Press the monitor input select button to cycle through inputs. Step 4: Connect a different monitor to isolate whether issue is the monitor or the GPU.,4,0.85,satisfied,False,True,False,general
HW-G-0078,Keyboard keys not working,This is really frustrating. Several keys on my keyboard have stopped responding — the number keys and some letters. My keyboard is wired USB.,Hardware & Infrastructure,Low,IT,step_by_step,Step 1: Unplug the keyboard and plug into a different USB port. Step 2: Test the keyboard on another computer. Step 3: If confirmed faulty submit a hardware replacement request.,3,0.91,satisfied,False,False,False,general
HW-G-0079,Hard drive making clicking noise,Following up on this issue — my computer hard drive has started making a clicking noise when I open files. I am worried I might lose data.,Hardware & Infrastructure,Critical,Marketing,step_by_step,Step 1: Immediately back up all important files to the shared network drive. Step 2: Stop using the machine for heavy tasks. Step 3: Escalate to IT immediately — clicking noise indicates imminent drive failure.,3,0.48,escalated,True,False,False,general
HW-G-0080,Monitor not displaying anything,Quick question — i came back from lunch and my monitor is completely black. The computer seems to be on but nothing shows on screen.,Hardware & Infrastructure,Medium,Sales,step_by_step,Step 1: Check that the monitor power cable is securely plugged in. Step 2: Check the display cable connection on both ends. Step 3: Press the monitor input select button to cycle through inputs. Step 4: Connect a different monitor to isolate whether issue is the monitor or the GPU.,4,0.85,satisfied,False,True,False,general
HW-G-0081,Computer running extremely slow,"Hi, My desktop has been very slow for the past two days. Opening any application takes several minutes and even typing is laggy.",Hardware & Infrastructure,High,Finance,step_by_step,Step 1: Open Task Manager and check for high CPU or memory usage. Step 2: Restart the computer. Step 3: Run disk cleanup to free up space. Step 4: Check if antivirus is running a full scan and pause it temporarily. Step 5: If issue persists IT will assess RAM and storage health.,5,0.94,satisfied,False,True,False,general
HW-G-0082,Monitor not displaying anything,"Hi team, i came back from lunch and my monitor is completely black. The computer seems to be on but nothing shows on screen.",Hardware & Infrastructure,Low,IT,step_by_step,Step 1: Check that the monitor power cable is securely plugged in. Step 2: Check the display cable connection on both ends. Step 3: Press the monitor input select button to cycle through inputs. Step 4: Connect a different monitor to isolate whether issue is the monitor or the GPU.,4,0.84,satisfied,False,True,False,general
HW-G-0083,Projector not connecting to laptop,Not sure if this is the right place but i have a presentation in 30 minutes and the conference room projector will not connect to my laptop via HDMI.,Hardware & Infrastructure,Critical,IT,quick_fix,Press Windows + P to open the display projection menu and select Duplicate or Extend. If still not detected try a different HDMI cable from the cabinet.,1,0.9,escalated,True,True,False,general
HW-G-0084,Projector not connecting to laptop,"Hi team, i have a presentation in 30 minutes and the conference room projector will not connect to my laptop via HDMI.",Hardware & Infrastructure,High,IT,quick_fix,Press Windows + P to open the display projection menu and select Duplicate or Extend. If still not detected try a different HDMI cable from the cabinet.,1,0.92,satisfied,False,True,False,general
HW-G-0085,Printer not printing,The office printer is not printing. I sent a document 20 minutes ago and it is stuck in the queue. Other colleagues are also affected.,Hardware & Infrastructure,Medium,Operations,step_by_step,Step 1: Open print queue and cancel all pending jobs. Step 2: Restart the printer. Step 3: Restart the print spooler service on your computer. Step 4: Reinstall the printer driver if the issue continues.,4,0.97,satisfied,False,True,False,general
HW-G-0086,Printer not printing,Following up on this issue — the office printer is not printing. I sent a document 20 minutes ago and it is stuck in the queue. Other colleagues are also affected.,Hardware & Infrastructure,High,Marketing,step_by_step,Step 1: Open print queue and cancel all pending jobs. Step 2: Restart the printer. Step 3: Restart the print spooler service on your computer. Step 4: Reinstall the printer driver if the issue continues.,4,0.82,satisfied,False,True,False,general
HW-G-0087,New laptop setup required,Following up on this issue — i received a new laptop but it has not been set up yet. It needs company software installed and connected to the domain.,Hardware & Infrastructure,Critical,Operations,information,"Raise a new device onboarding request through the IT portal. The setup team will schedule a session within 24 hours to configure the device, install required software, and join it to the company domain.",1,0.86,escalated,True,False,False,general
HW-G-0088,New laptop setup required,Urgent - I received a new laptop but it has not been set up yet. It needs company software installed and connected to the domain.,Hardware & Infrastructure,Medium,Marketing,information,"Raise a new device onboarding request through the IT portal. The setup team will schedule a session within 24 hours to configure the device, install required software, and join it to the company domain.",1,0.94,satisfied,False,False,False,general
HW-G-0089,Hard drive making clicking noise,"Hello, My computer hard drive has started making a clicking noise when I open files. I am worried I might lose data. Please help.",Hardware & Infrastructure,Critical,Operations,step_by_step,Step 1: Immediately back up all important files to the shared network drive. Step 2: Stop using the machine for heavy tasks. Step 3: Escalate to IT immediately — clicking noise indicates imminent drive failure.,3,0.62,escalated,True,False,False,general
HW-G-0090,Hard drive making clicking noise,"Hi team, my computer hard drive has started making a clicking noise when I open files. I am worried I might lose data.",Hardware & Infrastructure,Critical,Marketing,step_by_step,Step 1: Immediately back up all important files to the shared network drive. Step 2: Stop using the machine for heavy tasks. Step 3: Escalate to IT immediately — clicking noise indicates imminent drive failure.,3,0.49,escalated,True,False,False,general
HW-G-0091,Keyboard keys not working,"Hi team, several keys on my keyboard have stopped responding — the number keys and some letters. My keyboard is wired USB.",Hardware & Infrastructure,Low,Finance,step_by_step,Step 1: Unplug the keyboard and plug into a different USB port. Step 2: Test the keyboard on another computer. Step 3: If confirmed faulty submit a hardware replacement request.,3,0.8,not_helpful,False,False,False,general
HW-G-0092,Monitor not displaying anything,"Hi team, i came back from lunch and my monitor is completely black. The computer seems to be on but nothing shows on screen.",Hardware & Infrastructure,Medium,IT,step_by_step,Step 1: Check that the monitor power cable is securely plugged in. Step 2: Check the display cable connection on both ends. Step 3: Press the monitor input select button to cycle through inputs. Step 4: Connect a different monitor to isolate whether issue is the monitor or the GPU.,4,0.92,satisfied,False,True,False,general
HW-G-0093,Projector not connecting to laptop,Not sure if this is the right place but i have a presentation in 30 minutes and the conference room projector will not connect to my laptop via HDMI.,Hardware & Infrastructure,High,IT,quick_fix,Press Windows + P to open the display projection menu and select Duplicate or Extend. If still not detected try a different HDMI cable from the cabinet.,1,0.88,satisfied,False,True,False,general
HW-G-0094,USB drive not recognised,Quick question — when I plug in my USB drive the computer does not detect it. I need the files urgently for a client meeting.,Hardware & Infrastructure,High,IT,step_by_step,Step 1: Try a different USB port. Step 2: Test the USB drive on another computer. Step 3: Open Disk Management to check if drive appears without a letter assigned. Step 4: If not detected anywhere the drive may be faulty.,4,0.38,escalated,True,False,True,general
HW-G-0095,Hard drive making clicking noise,Not sure if this is the right place but my computer hard drive has started making a clicking noise when I open files. I am worried I might lose data.,Hardware & Infrastructure,Critical,IT,step_by_step,Step 1: Immediately back up all important files to the shared network drive. Step 2: Stop using the machine for heavy tasks. Step 3: Escalate to IT immediately — clicking noise indicates imminent drive failure.,3,0.51,escalated,True,False,False,general
HW-G-0096,New laptop setup required,"Hi, I received a new laptop but it has not been set up yet. It needs company software installed and connected to the domain.",Hardware & Infrastructure,High,IT,information,"Raise a new device onboarding request through the IT portal. The setup team will schedule a session within 24 hours to configure the device, install required software, and join it to the company domain.",1,0.85,satisfied,False,False,False,general
HW-G-0097,Printer not printing,Not sure if this is the right place but the office printer is not printing. I sent a document 20 minutes ago and it is stuck in the queue. Other colleagues are also affected.,Hardware & Infrastructure,Medium,Marketing,step_by_step,Step 1: Open print queue and cancel all pending jobs. Step 2: Restart the printer. Step 3: Restart the print spooler service on your computer. Step 4: Reinstall the printer driver if the issue continues.,4,0.89,satisfied,False,True,False,general
HW-G-0098,Monitor not displaying anything,I have been dealing with this for days. I came back from lunch and my monitor is completely black. The computer seems to be on but nothing shows on screen.,Hardware & Infrastructure,High,HR,step_by_step,Step 1: Check that the monitor power cable is securely plugged in. Step 2: Check the display cable connection on both ends. Step 3: Press the monitor input select button to cycle through inputs. Step 4: Connect a different monitor to isolate whether issue is the monitor or the GPU.,4,0.97,not_helpful,False,True,False,general
HW-G-0099,Projector not connecting to laptop,Not sure if this is the right place but i have a presentation in 30 minutes and the conference room projector will not connect to my laptop via HDMI.,Hardware & Infrastructure,High,Finance,quick_fix,Press Windows + P to open the display projection menu and select Duplicate or Extend. If still not detected try a different HDMI cable from the cabinet.,1,0.92,satisfied,False,True,False,general
HW-G-0100,Hard drive making clicking noise,This is really frustrating. My computer hard drive has started making a clicking noise when I open files. I am worried I might lose data.,Hardware & Infrastructure,Critical,Finance,step_by_step,Step 1: Immediately back up all important files to the shared network drive. Step 2: Stop using the machine for heavy tasks. Step 3: Escalate to IT immediately — clicking noise indicates imminent drive failure.,3,0.49,escalated,True,False,False,general
HW-G-0101,Hard drive making clicking noise,Not sure if this is the right place but my computer hard drive has started making a clicking noise when I open files. I am worried I might lose data.,Hardware & Infrastructure,Critical,Sales,step_by_step,Step 1: Immediately back up all important files to the shared network drive. Step 2: Stop using the machine for heavy tasks. Step 3: Escalate to IT immediately — clicking noise indicates imminent drive failure.,3,0.62,escalated,True,False,False,general
HW-G-0102,Projector not connecting to laptop,I have been dealing with this for days. I have a presentation in 30 minutes and the conference room projector will not connect to my laptop via HDMI.,Hardware & Infrastructure,High,HR,quick_fix,Press Windows + P to open the display projection menu and select Duplicate or Extend. If still not detected try a different HDMI cable from the cabinet.,1,0.81,satisfied,False,True,False,general
HW-G-0103,Office phone not receiving calls,My desk phone stopped receiving incoming calls since yesterday afternoon. I can make outgoing calls fine.,Hardware & Infrastructure,Medium,HR,step_by_step,Step 1: Check if Do Not Disturb mode is enabled. Step 2: Unplug the phone and reconnect after 30 seconds. Step 3: Contact the telephony team with your extension number if issue persists.,3,0.74,not_helpful,False,False,False,general
HW-G-0104,Printer not printing,Urgent - The office printer is not printing. I sent a document 20 minutes ago and it is stuck in the queue. Other colleagues are also affected.,Hardware & Infrastructure,Medium,IT,step_by_step,Step 1: Open print queue and cancel all pending jobs. Step 2: Restart the printer. Step 3: Restart the print spooler service on your computer. Step 4: Reinstall the printer driver if the issue continues.,4,0.8,satisfied,False,True,False,general
HW-G-0105,Computer running extremely slow,This is really frustrating. My desktop has been very slow for the past two days. Opening any application takes several minutes and even typing is laggy.,Hardware & Infrastructure,Medium,Finance,step_by_step,Step 1: Open Task Manager and check for high CPU or memory usage. Step 2: Restart the computer. Step 3: Run disk cleanup to free up space. Step 4: Check if antivirus is running a full scan and pause it temporarily. Step 5: If issue persists IT will assess RAM and storage health.,5,0.84,satisfied,False,True,False,general
HW-G-0106,USB drive not recognised,Urgent - When I plug in my USB drive the computer does not detect it. I need the files urgently for a client meeting.,Hardware & Infrastructure,Medium,Sales,step_by_step,Step 1: Try a different USB port. Step 2: Test the USB drive on another computer. Step 3: Open Disk Management to check if drive appears without a letter assigned. Step 4: If not detected anywhere the drive may be faulty.,4,0.56,satisfied,False,False,True,general
HW-G-0107,Computer running extremely slow,Not sure if this is the right place but my desktop has been very slow for the past two days. Opening any application takes several minutes and even typing is laggy.,Hardware & Infrastructure,Medium,IT,step_by_step,Step 1: Open Task Manager and check for high CPU or memory usage. Step 2: Restart the computer. Step 3: Run disk cleanup to free up space. Step 4: Check if antivirus is running a full scan and pause it temporarily. Step 5: If issue persists IT will assess RAM and storage health.,5,0.97,satisfied,False,True,False,general
HW-G-0108,Printer not printing,"Hi team, the office printer is not printing. I sent a document 20 minutes ago and it is stuck in the queue. Other colleagues are also affected.",Hardware & Infrastructure,Low,Marketing,step_by_step,Step 1: Open print queue and cancel all pending jobs. Step 2: Restart the printer. Step 3: Restart the print spooler service on your computer. Step 4: Reinstall the printer driver if the issue continues.,4,0.92,satisfied,False,True,False,general
HW-G-0109,Keyboard keys not working,Quick question — several keys on my keyboard have stopped responding — the number keys and some letters. My keyboard is wired USB.,Hardware & Infrastructure,Medium,HR,step_by_step,Step 1: Unplug the keyboard and plug into a different USB port. Step 2: Test the keyboard on another computer. Step 3: If confirmed faulty submit a hardware replacement request.,3,0.86,satisfied,False,False,False,general
HW-G-0110,Office phone not receiving calls,This is really frustrating. My desk phone stopped receiving incoming calls since yesterday afternoon. I can make outgoing calls fine.,Hardware & Infrastructure,Medium,HR,step_by_step,Step 1: Check if Do Not Disturb mode is enabled. Step 2: Unplug the phone and reconnect after 30 seconds. Step 3: Contact the telephony team with your extension number if issue persists.,3,0.88,satisfied,False,False,False,general
HW-G-0111,Projector not connecting to laptop,This is really frustrating. I have a presentation in 30 minutes and the conference room projector will not connect to my laptop via HDMI.,Hardware & Infrastructure,Critical,Marketing,quick_fix,Press Windows + P to open the display projection menu and select Duplicate or Extend. If still not detected try a different HDMI cable from the cabinet.,1,0.82,escalated,True,True,False,general
HW-G-0112,Hard drive making clicking noise,I have been dealing with this for days. My computer hard drive has started making a clicking noise when I open files. I am worried I might lose data.,Hardware & Infrastructure,Critical,Marketing,step_by_step,Step 1: Immediately back up all important files to the shared network drive. Step 2: Stop using the machine for heavy tasks. Step 3: Escalate to IT immediately — clicking noise indicates imminent drive failure.,3,0.53,escalated,True,False,False,general
HW-G-0113,Keyboard keys not working,Following up on this issue — several keys on my keyboard have stopped responding — the number keys and some letters. My keyboard is wired USB.,Hardware & Infrastructure,Low,IT,step_by_step,Step 1: Unplug the keyboard and plug into a different USB port. Step 2: Test the keyboard on another computer. Step 3: If confirmed faulty submit a hardware replacement request.,3,0.94,not_helpful,False,False,False,general
HW-G-0114,USB drive not recognised,"Hi team, when I plug in my USB drive the computer does not detect it. I need the files urgently for a client meeting.",Hardware & Infrastructure,Medium,Sales,step_by_step,Step 1: Try a different USB port. Step 2: Test the USB drive on another computer. Step 3: Open Disk Management to check if drive appears without a letter assigned. Step 4: If not detected anywhere the drive may be faulty.,4,0.58,not_helpful,False,False,True,general
HW-G-0115,Hard drive making clicking noise,Quick question — my computer hard drive has started making a clicking noise when I open files. I am worried I might lose data.,Hardware & Infrastructure,Critical,Marketing,step_by_step,Step 1: Immediately back up all important files to the shared network drive. Step 2: Stop using the machine for heavy tasks. Step 3: Escalate to IT immediately — clicking noise indicates imminent drive failure.,3,0.54,escalated,True,False,False,general
HW-G-0116,Projector not connecting to laptop,Following up on this issue — i have a presentation in 30 minutes and the conference room projector will not connect to my laptop via HDMI.,Hardware & Infrastructure,High,Finance,quick_fix,Press Windows + P to open the display projection menu and select Duplicate or Extend. If still not detected try a different HDMI cable from the cabinet.,1,0.89,satisfied,False,True,False,general
HW-G-0117,Office phone not receiving calls,"Hello, My desk phone stopped receiving incoming calls since yesterday afternoon. I can make outgoing calls fine. Please help.",Hardware & Infrastructure,High,Operations,step_by_step,Step 1: Check if Do Not Disturb mode is enabled. Step 2: Unplug the phone and reconnect after 30 seconds. Step 3: Contact the telephony team with your extension number if issue persists.,3,0.8,not_helpful,False,False,False,general
HW-G-0118,Laptop won't turn on,Not sure if this is the right place but my laptop stopped turning on this morning. I pressed the power button multiple times but nothing happens. The charging LED is also not lighting up.,Hardware & Infrastructure,High,IT,step_by_step,Step 1: Hold the power button for 30 seconds to drain residual charge. Step 2: Remove battery if removable and reconnect. Step 3: Connect directly to power adapter and try again. Step 4: If still unresponsive escalate to hardware team for inspection.,4,0.83,satisfied,False,True,False,general
HW-G-0119,New laptop setup required,Following up on this issue — i received a new laptop but it has not been set up yet. It needs company software installed and connected to the domain.,Hardware & Infrastructure,High,IT,information,"Raise a new device onboarding request through the IT portal. The setup team will schedule a session within 24 hours to configure the device, install required software, and join it to the company domain.",1,0.89,satisfied,False,False,False,general
HW-G-0120,Laptop won't turn on,"Hello, My laptop stopped turning on this morning. I pressed the power button multiple times but nothing happens. The charging LED is also not lighting up. Please help.",Hardware & Infrastructure,Medium,Marketing,step_by_step,Step 1: Hold the power button for 30 seconds to drain residual charge. Step 2: Remove battery if removable and reconnect. Step 3: Connect directly to power adapter and try again. Step 4: If still unresponsive escalate to hardware team for inspection.,4,0.84,satisfied,False,True,False,general
HW-G-0121,USB drive not recognised,I have been dealing with this for days. When I plug in my USB drive the computer does not detect it. I need the files urgently for a client meeting.,Hardware & Infrastructure,Medium,Sales,step_by_step,Step 1: Try a different USB port. Step 2: Test the USB drive on another computer. Step 3: Open Disk Management to check if drive appears without a letter assigned. Step 4: If not detected anywhere the drive may be faulty.,4,0.51,not_helpful,False,False,True,general
HW-G-0122,Office phone not receiving calls,"Hi team, my desk phone stopped receiving incoming calls since yesterday afternoon. I can make outgoing calls fine.",Hardware & Infrastructure,High,Marketing,step_by_step,Step 1: Check if Do Not Disturb mode is enabled. Step 2: Unplug the phone and reconnect after 30 seconds. Step 3: Contact the telephony team with your extension number if issue persists.,3,0.79,satisfied,False,False,False,general
HW-G-0123,Printer not printing,Urgent - The office printer is not printing. I sent a document 20 minutes ago and it is stuck in the queue. Other colleagues are also affected.,Hardware & Infrastructure,Medium,Finance,step_by_step,Step 1: Open print queue and cancel all pending jobs. Step 2: Restart the printer. Step 3: Restart the print spooler service on your computer. Step 4: Reinstall the printer driver if the issue continues.,4,0.93,not_helpful,False,True,False,general
HW-G-0124,Printer not printing,I have been dealing with this for days. The office printer is not printing. I sent a document 20 minutes ago and it is stuck in the queue. Other colleagues are also affected.,Hardware & Infrastructure,High,Operations,step_by_step,Step 1: Open print queue and cancel all pending jobs. Step 2: Restart the printer. Step 3: Restart the print spooler service on your computer. Step 4: Reinstall the printer driver if the issue continues.,4,0.85,satisfied,False,True,False,general
HW-G-0125,Keyboard keys not working,This is really frustrating. Several keys on my keyboard have stopped responding — the number keys and some letters. My keyboard is wired USB.,Hardware & Infrastructure,High,Finance,step_by_step,Step 1: Unplug the keyboard and plug into a different USB port. Step 2: Test the keyboard on another computer. Step 3: If confirmed faulty submit a hardware replacement request.,3,0.92,satisfied,False,False,False,general
HW-G-0126,Keyboard keys not working,Several keys on my keyboard have stopped responding — the number keys and some letters. My keyboard is wired USB.,Hardware & Infrastructure,Low,Operations,step_by_step,Step 1: Unplug the keyboard and plug into a different USB port. Step 2: Test the keyboard on another computer. Step 3: If confirmed faulty submit a hardware replacement request.,3,0.85,satisfied,False,False,False,general
HW-G-0127,Keyboard keys not working,Following up on this issue — several keys on my keyboard have stopped responding — the number keys and some letters. My keyboard is wired USB.,Hardware & Infrastructure,Low,HR,step_by_step,Step 1: Unplug the keyboard and plug into a different USB port. Step 2: Test the keyboard on another computer. Step 3: If confirmed faulty submit a hardware replacement request.,3,0.75,not_helpful,False,False,False,general
HW-G-0128,Laptop won't turn on,Urgent - My laptop stopped turning on this morning. I pressed the power button multiple times but nothing happens. The charging LED is also not lighting up.,Hardware & Infrastructure,High,HR,step_by_step,Step 1: Hold the power button for 30 seconds to drain residual charge. Step 2: Remove battery if removable and reconnect. Step 3: Connect directly to power adapter and try again. Step 4: If still unresponsive escalate to hardware team for inspection.,4,0.88,satisfied,False,True,False,general
HW-G-0129,Keyboard keys not working,Not sure if this is the right place but several keys on my keyboard have stopped responding — the number keys and some letters. My keyboard is wired USB.,Hardware & Infrastructure,Medium,IT,step_by_step,Step 1: Unplug the keyboard and plug into a different USB port. Step 2: Test the keyboard on another computer. Step 3: If confirmed faulty submit a hardware replacement request.,3,0.83,not_helpful,False,False,False,general
HW-G-0130,Computer running extremely slow,Quick question — my desktop has been very slow for the past two days. Opening any application takes several minutes and even typing is laggy.,Hardware & Infrastructure,Medium,Sales,step_by_step,Step 1: Open Task Manager and check for high CPU or memory usage. Step 2: Restart the computer. Step 3: Run disk cleanup to free up space. Step 4: Check if antivirus is running a full scan and pause it temporarily. Step 5: If issue persists IT will assess RAM and storage health.,5,0.92,satisfied,False,True,False,general
HW-G-0131,Computer running extremely slow,Not sure if this is the right place but my desktop has been very slow for the past two days. Opening any application takes several minutes and even typing is laggy.,Hardware & Infrastructure,Critical,Operations,step_by_step,Step 1: Open Task Manager and check for high CPU or memory usage. Step 2: Restart the computer. Step 3: Run disk cleanup to free up space. Step 4: Check if antivirus is running a full scan and pause it temporarily. Step 5: If issue persists IT will assess RAM and storage health.,5,0.82,escalated,True,True,False,general
HW-G-0132,USB drive not recognised,I have been dealing with this for days. When I plug in my USB drive the computer does not detect it. I need the files urgently for a client meeting.,Hardware & Infrastructure,High,IT,step_by_step,Step 1: Try a different USB port. Step 2: Test the USB drive on another computer. Step 3: Open Disk Management to check if drive appears without a letter assigned. Step 4: If not detected anywhere the drive may be faulty.,4,0.43,escalated,True,False,True,general
HW-G-0133,Hard drive making clicking noise,Quick question — my computer hard drive has started making a clicking noise when I open files. I am worried I might lose data.,Hardware & Infrastructure,Critical,IT,step_by_step,Step 1: Immediately back up all important files to the shared network drive. Step 2: Stop using the machine for heavy tasks. Step 3: Escalate to IT immediately — clicking noise indicates imminent drive failure.,3,0.5,escalated,True,False,False,general
HW-G-0134,Keyboard keys not working,"Hi team, several keys on my keyboard have stopped responding — the number keys and some letters. My keyboard is wired USB.",Hardware & Infrastructure,Low,Finance,step_by_step,Step 1: Unplug the keyboard and plug into a different USB port. Step 2: Test the keyboard on another computer. Step 3: If confirmed faulty submit a hardware replacement request.,3,0.73,not_helpful,False,False,False,general
HW-G-0135,Printer not printing,I have been dealing with this for days. The office printer is not printing. I sent a document 20 minutes ago and it is stuck in the queue. Other colleagues are also affected.,Hardware & Infrastructure,Medium,HR,step_by_step,Step 1: Open print queue and cancel all pending jobs. Step 2: Restart the printer. Step 3: Restart the print spooler service on your computer. Step 4: Reinstall the printer driver if the issue continues.,4,0.81,satisfied,False,True,False,general
HW-G-0136,Monitor not displaying anything,"Hello, I came back from lunch and my monitor is completely black. The computer seems to be on but nothing shows on screen. Please help.",Hardware & Infrastructure,Low,HR,step_by_step,Step 1: Check that the monitor power cable is securely plugged in. Step 2: Check the display cable connection on both ends. Step 3: Press the monitor input select button to cycle through inputs. Step 4: Connect a different monitor to isolate whether issue is the monitor or the GPU.,4,0.88,satisfied,False,True,False,general
HW-G-0137,Printer not printing,"Hi team, the office printer is not printing. I sent a document 20 minutes ago and it is stuck in the queue. Other colleagues are also affected.",Hardware & Infrastructure,Medium,Marketing,step_by_step,Step 1: Open print queue and cancel all pending jobs. Step 2: Restart the printer. Step 3: Restart the print spooler service on your computer. Step 4: Reinstall the printer driver if the issue continues.,4,0.85,satisfied,False,True,False,general
HW-G-0138,Printer not printing,"Hi, The office printer is not printing. I sent a document 20 minutes ago and it is stuck in the queue. Other colleagues are also affected.",Hardware & Infrastructure,High,IT,step_by_step,Step 1: Open print queue and cancel all pending jobs. Step 2: Restart the printer. Step 3: Restart the print spooler service on your computer. Step 4: Reinstall the printer driver if the issue continues.,4,0.94,satisfied,False,True,False,general
HW-G-0139,Computer running extremely slow,Urgent - My desktop has been very slow for the past two days. Opening any application takes several minutes and even typing is laggy.,Hardware & Infrastructure,Medium,HR,step_by_step,Step 1: Open Task Manager and check for high CPU or memory usage. Step 2: Restart the computer. Step 3: Run disk cleanup to free up space. Step 4: Check if antivirus is running a full scan and pause it temporarily. Step 5: If issue persists IT will assess RAM and storage health.,5,0.92,not_helpful,False,True,False,general
HW-G-0140,Laptop won't turn on,Quick question — my laptop stopped turning on this morning. I pressed the power button multiple times but nothing happens. The charging LED is also not lighting up.,Hardware & Infrastructure,High,Sales,step_by_step,Step 1: Hold the power button for 30 seconds to drain residual charge. Step 2: Remove battery if removable and reconnect. Step 3: Connect directly to power adapter and try again. Step 4: If still unresponsive escalate to hardware team for inspection.,4,0.86,satisfied,False,True,False,general
HW-G-0141,Hard drive making clicking noise,Not sure if this is the right place but my computer hard drive has started making a clicking noise when I open files. I am worried I might lose data.,Hardware & Infrastructure,Critical,Sales,step_by_step,Step 1: Immediately back up all important files to the shared network drive. Step 2: Stop using the machine for heavy tasks. Step 3: Escalate to IT immediately — clicking noise indicates imminent drive failure.,3,0.6,escalated,True,False,False,general
HW-G-0142,New laptop setup required,Not sure if this is the right place but i received a new laptop but it has not been set up yet. It needs company software installed and connected to the domain.,Hardware & Infrastructure,Medium,Marketing,information,"Raise a new device onboarding request through the IT portal. The setup team will schedule a session within 24 hours to configure the device, install required software, and join it to the company domain.",1,0.83,satisfied,False,False,False,general
HW-G-0143,Office phone not receiving calls,Quick question — my desk phone stopped receiving incoming calls since yesterday afternoon. I can make outgoing calls fine.,Hardware & Infrastructure,Medium,Operations,step_by_step,Step 1: Check if Do Not Disturb mode is enabled. Step 2: Unplug the phone and reconnect after 30 seconds. Step 3: Contact the telephony team with your extension number if issue persists.,3,0.73,satisfied,False,False,False,general
HW-G-0144,Laptop won't turn on,"Hello, My laptop stopped turning on this morning. I pressed the power button multiple times but nothing happens. The charging LED is also not lighting up. Please help.",Hardware & Infrastructure,Critical,Operations,step_by_step,Step 1: Hold the power button for 30 seconds to drain residual charge. Step 2: Remove battery if removable and reconnect. Step 3: Connect directly to power adapter and try again. Step 4: If still unresponsive escalate to hardware team for inspection.,4,0.92,escalated,True,True,False,general
HW-G-0145,Laptop won't turn on,Following up on this issue — my laptop stopped turning on this morning. I pressed the power button multiple times but nothing happens. The charging LED is also not lighting up.,Hardware & Infrastructure,High,Sales,step_by_step,Step 1: Hold the power button for 30 seconds to drain residual charge. Step 2: Remove battery if removable and reconnect. Step 3: Connect directly to power adapter and try again. Step 4: If still unresponsive escalate to hardware team for inspection.,4,0.83,satisfied,False,True,False,general
HW-G-0146,Monitor not displaying anything,Following up on this issue — i came back from lunch and my monitor is completely black. The computer seems to be on but nothing shows on screen.,Hardware & Infrastructure,Critical,HR,step_by_step,Step 1: Check that the monitor power cable is securely plugged in. Step 2: Check the display cable connection on both ends. Step 3: Press the monitor input select button to cycle through inputs. Step 4: Connect a different monitor to isolate whether issue is the monitor or the GPU.,4,0.88,escalated,True,True,False,general
HW-G-0147,Hard drive making clicking noise,"Hi team, my computer hard drive has started making a clicking noise when I open files. I am worried I might lose data.",Hardware & Infrastructure,Critical,Finance,step_by_step,Step 1: Immediately back up all important files to the shared network drive. Step 2: Stop using the machine for heavy tasks. Step 3: Escalate to IT immediately — clicking noise indicates imminent drive failure.,3,0.51,escalated,True,False,False,general
HW-G-0148,Office phone not receiving calls,Not sure if this is the right place but my desk phone stopped receiving incoming calls since yesterday afternoon. I can make outgoing calls fine.,Hardware & Infrastructure,Medium,Operations,step_by_step,Step 1: Check if Do Not Disturb mode is enabled. Step 2: Unplug the phone and reconnect after 30 seconds. Step 3: Contact the telephony team with your extension number if issue persists.,3,0.84,satisfied,False,False,False,general
HW-G-0149,Laptop won't turn on,Not sure if this is the right place but my laptop stopped turning on this morning. I pressed the power button multiple times but nothing happens. The charging LED is also not lighting up.,Hardware & Infrastructure,High,Operations,step_by_step,Step 1: Hold the power button for 30 seconds to drain residual charge. Step 2: Remove battery if removable and reconnect. Step 3: Connect directly to power adapter and try again. Step 4: If still unresponsive escalate to hardware team for inspection.,4,0.86,satisfied,False,True,False,general
HW-G-0150,Laptop won't turn on,"Hi, My laptop stopped turning on this morning. I pressed the power button multiple times but nothing happens. The charging LED is also not lighting up.",Hardware & Infrastructure,High,Operations,step_by_step,Step 1: Hold the power button for 30 seconds to drain residual charge. Step 2: Remove battery if removable and reconnect. Step 3: Connect directly to power adapter and try again. Step 4: If still unresponsive escalate to hardware team for inspection.,4,0.9,satisfied,False,True,False,general
HW-G-0151,Office phone not receiving calls,My desk phone stopped receiving incoming calls since yesterday afternoon. I can make outgoing calls fine.,Hardware & Infrastructure,Medium,Finance,step_by_step,Step 1: Check if Do Not Disturb mode is enabled. Step 2: Unplug the phone and reconnect after 30 seconds. Step 3: Contact the telephony team with your extension number if issue persists.,3,0.84,satisfied,False,False,False,general
HW-G-0152,Keyboard keys not working,Following up on this issue — several keys on my keyboard have stopped responding — the number keys and some letters. My keyboard is wired USB.,Hardware & Infrastructure,Low,HR,step_by_step,Step 1: Unplug the keyboard and plug into a different USB port. Step 2: Test the keyboard on another computer. Step 3: If confirmed faulty submit a hardware replacement request.,3,0.94,satisfied,False,False,False,general
HW-G-0153,Laptop won't turn on,"Hi, My laptop stopped turning on this morning. I pressed the power button multiple times but nothing happens. The charging LED is also not lighting up.",Hardware & Infrastructure,Critical,Marketing,step_by_step,Step 1: Hold the power button for 30 seconds to drain residual charge. Step 2: Remove battery if removable and reconnect. Step 3: Connect directly to power adapter and try again. Step 4: If still unresponsive escalate to hardware team for inspection.,4,0.91,escalated,True,True,False,general
HW-G-0154,Monitor not displaying anything,"Hi, I came back from lunch and my monitor is completely black. The computer seems to be on but nothing shows on screen.",Hardware & Infrastructure,Medium,HR,step_by_step,Step 1: Check that the monitor power cable is securely plugged in. Step 2: Check the display cable connection on both ends. Step 3: Press the monitor input select button to cycle through inputs. Step 4: Connect a different monitor to isolate whether issue is the monitor or the GPU.,4,0.8,satisfied,False,True,False,general
HW-G-0155,Hard drive making clicking noise,Urgent - My computer hard drive has started making a clicking noise when I open files. I am worried I might lose data.,Hardware & Infrastructure,Critical,IT,step_by_step,Step 1: Immediately back up all important files to the shared network drive. Step 2: Stop using the machine for heavy tasks. Step 3: Escalate to IT immediately — clicking noise indicates imminent drive failure.,3,0.59,escalated,True,False,False,general
HW-G-0156,Keyboard keys not working,Following up on this issue — several keys on my keyboard have stopped responding — the number keys and some letters. My keyboard is wired USB.,Hardware & Infrastructure,Low,Finance,step_by_step,Step 1: Unplug the keyboard and plug into a different USB port. Step 2: Test the keyboard on another computer. Step 3: If confirmed faulty submit a hardware replacement request.,3,0.79,not_helpful,False,False,False,general
HW-G-0157,Hard drive making clicking noise,Quick question — my computer hard drive has started making a clicking noise when I open files. I am worried I might lose data.,Hardware & Infrastructure,Critical,Operations,step_by_step,Step 1: Immediately back up all important files to the shared network drive. Step 2: Stop using the machine for heavy tasks. Step 3: Escalate to IT immediately — clicking noise indicates imminent drive failure.,3,0.52,escalated,True,False,False,general
HW-G-0158,Monitor not displaying anything,Not sure if this is the right place but i came back from lunch and my monitor is completely black. The computer seems to be on but nothing shows on screen.,Hardware & Infrastructure,High,Sales,step_by_step,Step 1: Check that the monitor power cable is securely plugged in. Step 2: Check the display cable connection on both ends. Step 3: Press the monitor input select button to cycle through inputs. Step 4: Connect a different monitor to isolate whether issue is the monitor or the GPU.,4,0.85,satisfied,False,True,False,general
HW-G-0159,New laptop setup required,Quick question — i received a new laptop but it has not been set up yet. It needs company software installed and connected to the domain.,Hardware & Infrastructure,Medium,Operations,information,"Raise a new device onboarding request through the IT portal. The setup team will schedule a session within 24 hours to configure the device, install required software, and join it to the company domain.",1,0.72,satisfied,False,False,False,general
HW-G-0160,Hard drive making clicking noise,Following up on this issue — my computer hard drive has started making a clicking noise when I open files. I am worried I might lose data.,Hardware & Infrastructure,Critical,Sales,step_by_step,Step 1: Immediately back up all important files to the shared network drive. Step 2: Stop using the machine for heavy tasks. Step 3: Escalate to IT immediately — clicking noise indicates imminent drive failure.,3,0.54,escalated,True,False,False,general
HW-G-0161,Office phone not receiving calls,This is really frustrating. My desk phone stopped receiving incoming calls since yesterday afternoon. I can make outgoing calls fine.,Hardware & Infrastructure,Medium,Finance,step_by_step,Step 1: Check if Do Not Disturb mode is enabled. Step 2: Unplug the phone and reconnect after 30 seconds. Step 3: Contact the telephony team with your extension number if issue persists.,3,0.85,satisfied,False,False,False,general
HW-G-0162,Printer not printing,The office printer is not printing. I sent a document 20 minutes ago and it is stuck in the queue. Other colleagues are also affected.,Hardware & Infrastructure,Medium,Sales,step_by_step,Step 1: Open print queue and cancel all pending jobs. Step 2: Restart the printer. Step 3: Restart the print spooler service on your computer. Step 4: Reinstall the printer driver if the issue continues.,4,0.84,satisfied,False,True,False,general
HW-G-0163,Hard drive making clicking noise,Not sure if this is the right place but my computer hard drive has started making a clicking noise when I open files. I am worried I might lose data.,Hardware & Infrastructure,Critical,Marketing,step_by_step,Step 1: Immediately back up all important files to the shared network drive. Step 2: Stop using the machine for heavy tasks. Step 3: Escalate to IT immediately — clicking noise indicates imminent drive failure.,3,0.63,escalated,True,False,False,general
HW-G-0164,Monitor not displaying anything,Quick question — i came back from lunch and my monitor is completely black. The computer seems to be on but nothing shows on screen.,Hardware & Infrastructure,Medium,Sales,step_by_step,Step 1: Check that the monitor power cable is securely plugged in. Step 2: Check the display cable connection on both ends. Step 3: Press the monitor input select button to cycle through inputs. Step 4: Connect a different monitor to isolate whether issue is the monitor or the GPU.,4,0.81,satisfied,False,True,False,general
HW-G-0165,Computer running extremely slow,Following up on this issue — my desktop has been very slow for the past two days. Opening any application takes several minutes and even typing is laggy.,Hardware & Infrastructure,High,HR,step_by_step,Step 1: Open Task Manager and check for high CPU or memory usage. Step 2: Restart the computer. Step 3: Run disk cleanup to free up space. Step 4: Check if antivirus is running a full scan and pause it temporarily. Step 5: If issue persists IT will assess RAM and storage health.,5,0.88,satisfied,False,True,False,general
HW-G-0166,Monitor not displaying anything,Following up on this issue — i came back from lunch and my monitor is completely black. The computer seems to be on but nothing shows on screen.,Hardware & Infrastructure,Medium,Sales,step_by_step,Step 1: Check that the monitor power cable is securely plugged in. Step 2: Check the display cable connection on both ends. Step 3: Press the monitor input select button to cycle through inputs. Step 4: Connect a different monitor to isolate whether issue is the monitor or the GPU.,4,0.92,satisfied,False,True,False,general
HW-G-0167,Office phone not receiving calls,This is really frustrating. My desk phone stopped receiving incoming calls since yesterday afternoon. I can make outgoing calls fine.,Hardware & Infrastructure,Medium,Marketing,step_by_step,Step 1: Check if Do Not Disturb mode is enabled. Step 2: Unplug the phone and reconnect after 30 seconds. Step 3: Contact the telephony team with your extension number if issue persists.,3,0.82,satisfied,False,False,False,general
HW-G-0168,New laptop setup required,Following up on this issue — i received a new laptop but it has not been set up yet. It needs company software installed and connected to the domain.,Hardware & Infrastructure,Medium,Operations,information,"Raise a new device onboarding request through the IT portal. The setup team will schedule a session within 24 hours to configure the device, install required software, and join it to the company domain.",1,0.8,satisfied,False,False,False,general
HW-G-0169,Laptop won't turn on,"Hello, My laptop stopped turning on this morning. I pressed the power button multiple times but nothing happens. The charging LED is also not lighting up. Please help.",Hardware & Infrastructure,High,Finance,step_by_step,Step 1: Hold the power button for 30 seconds to drain residual charge. Step 2: Remove battery if removable and reconnect. Step 3: Connect directly to power adapter and try again. Step 4: If still unresponsive escalate to hardware team for inspection.,4,0.84,satisfied,False,True,False,general
HW-G-0170,Computer running extremely slow,"Hi team, my desktop has been very slow for the past two days. Opening any application takes several minutes and even typing is laggy.",Hardware & Infrastructure,Medium,IT,step_by_step,Step 1: Open Task Manager and check for high CPU or memory usage. Step 2: Restart the computer. Step 3: Run disk cleanup to free up space. Step 4: Check if antivirus is running a full scan and pause it temporarily. Step 5: If issue persists IT will assess RAM and storage health.,5,0.82,satisfied,False,True,False,general
HW-G-0171,Monitor not displaying anything,I came back from lunch and my monitor is completely black. The computer seems to be on but nothing shows on screen.,Hardware & Infrastructure,Medium,Sales,step_by_step,Step 1: Check that the monitor power cable is securely plugged in. Step 2: Check the display cable connection on both ends. Step 3: Press the monitor input select button to cycle through inputs. Step 4: Connect a different monitor to isolate whether issue is the monitor or the GPU.,4,0.96,satisfied,False,True,False,general
HW-G-0172,Office phone not receiving calls,Quick question — my desk phone stopped receiving incoming calls since yesterday afternoon. I can make outgoing calls fine.,Hardware & Infrastructure,Medium,Marketing,step_by_step,Step 1: Check if Do Not Disturb mode is enabled. Step 2: Unplug the phone and reconnect after 30 seconds. Step 3: Contact the telephony team with your extension number if issue persists.,3,0.75,satisfied,False,False,False,general
HW-G-0173,Monitor not displaying anything,Quick question — i came back from lunch and my monitor is completely black. The computer seems to be on but nothing shows on screen.,Hardware & Infrastructure,Medium,Marketing,step_by_step,Step 1: Check that the monitor power cable is securely plugged in. Step 2: Check the display cable connection on both ends. Step 3: Press the monitor input select button to cycle through inputs. Step 4: Connect a different monitor to isolate whether issue is the monitor or the GPU.,4,0.81,satisfied,False,True,False,general
HW-G-0174,Printer not printing,"Hello, The office printer is not printing. I sent a document 20 minutes ago and it is stuck in the queue. Other colleagues are also affected. Please help.",Hardware & Infrastructure,Medium,IT,step_by_step,Step 1: Open print queue and cancel all pending jobs. Step 2: Restart the printer. Step 3: Restart the print spooler service on your computer. Step 4: Reinstall the printer driver if the issue continues.,4,0.9,satisfied,False,True,False,general
HW-G-0175,Keyboard keys not working,"Hello, Several keys on my keyboard have stopped responding — the number keys and some letters. My keyboard is wired USB. Please help.",Hardware & Infrastructure,Low,Marketing,step_by_step,Step 1: Unplug the keyboard and plug into a different USB port. Step 2: Test the keyboard on another computer. Step 3: If confirmed faulty submit a hardware replacement request.,3,0.94,satisfied,False,False,False,general
HW-G-0176,New laptop setup required,Quick question — i received a new laptop but it has not been set up yet. It needs company software installed and connected to the domain.,Hardware & Infrastructure,Medium,Sales,information,"Raise a new device onboarding request through the IT portal. The setup team will schedule a session within 24 hours to configure the device, install required software, and join it to the company domain.",1,0.83,satisfied,False,False,False,general
HW-G-0177,Projector not connecting to laptop,Not sure if this is the right place but i have a presentation in 30 minutes and the conference room projector will not connect to my laptop via HDMI.,Hardware & Infrastructure,High,IT,quick_fix,Press Windows + P to open the display projection menu and select Duplicate or Extend. If still not detected try a different HDMI cable from the cabinet.,1,0.88,satisfied,False,True,False,general
HW-G-0178,Computer running extremely slow,"Hello, My desktop has been very slow for the past two days. Opening any application takes several minutes and even typing is laggy. Please help.",Hardware & Infrastructure,Medium,HR,step_by_step,Step 1: Open Task Manager and check for high CPU or memory usage. Step 2: Restart the computer. Step 3: Run disk cleanup to free up space. Step 4: Check if antivirus is running a full scan and pause it temporarily. Step 5: If issue persists IT will assess RAM and storage health.,5,0.9,satisfied,False,True,False,general
HW-G-0179,Projector not connecting to laptop,I have a presentation in 30 minutes and the conference room projector will not connect to my laptop via HDMI.,Hardware & Infrastructure,High,Operations,quick_fix,Press Windows + P to open the display projection menu and select Duplicate or Extend. If still not detected try a different HDMI cable from the cabinet.,1,0.9,satisfied,False,True,False,general
HW-G-0180,Hard drive making clicking noise,"Hi, My computer hard drive has started making a clicking noise when I open files. I am worried I might lose data.",Hardware & Infrastructure,Critical,Operations,step_by_step,Step 1: Immediately back up all important files to the shared network drive. Step 2: Stop using the machine for heavy tasks. Step 3: Escalate to IT immediately — clicking noise indicates imminent drive failure.,3,0.65,escalated,True,False,False,general
HW-G-0181,Office phone not receiving calls,Urgent - My desk phone stopped receiving incoming calls since yesterday afternoon. I can make outgoing calls fine.,Hardware & Infrastructure,Medium,Marketing,step_by_step,Step 1: Check if Do Not Disturb mode is enabled. Step 2: Unplug the phone and reconnect after 30 seconds. Step 3: Contact the telephony team with your extension number if issue persists.,3,0.77,satisfied,False,False,False,general
HW-G-0182,Computer running extremely slow,Following up on this issue — my desktop has been very slow for the past two days. Opening any application takes several minutes and even typing is laggy.,Hardware & Infrastructure,High,HR,step_by_step,Step 1: Open Task Manager and check for high CPU or memory usage. Step 2: Restart the computer. Step 3: Run disk cleanup to free up space. Step 4: Check if antivirus is running a full scan and pause it temporarily. Step 5: If issue persists IT will assess RAM and storage health.,5,0.92,satisfied,False,True,False,general
HW-G-0183,USB drive not recognised,"Hello, When I plug in my USB drive the computer does not detect it. I need the files urgently for a client meeting. Please help.",Hardware & Infrastructure,Medium,Sales,step_by_step,Step 1: Try a different USB port. Step 2: Test the USB drive on another computer. Step 3: Open Disk Management to check if drive appears without a letter assigned. Step 4: If not detected anywhere the drive may be faulty.,4,0.41,escalated,True,False,True,general
HW-G-0184,Projector not connecting to laptop,This is really frustrating. I have a presentation in 30 minutes and the conference room projector will not connect to my laptop via HDMI.,Hardware & Infrastructure,High,Operations,quick_fix,Press Windows + P to open the display projection menu and select Duplicate or Extend. If still not detected try a different HDMI cable from the cabinet.,1,0.82,satisfied,False,True,False,general
HW-G-0185,New laptop setup required,Following up on this issue — i received a new laptop but it has not been set up yet. It needs company software installed and connected to the domain.,Hardware & Infrastructure,High,Sales,information,"Raise a new device onboarding request through the IT portal. The setup team will schedule a session within 24 hours to configure the device, install required software, and join it to the company domain.",1,0.92,satisfied,False,False,False,general
HW-G-0186,Office phone not receiving calls,"Hi, My desk phone stopped receiving incoming calls since yesterday afternoon. I can make outgoing calls fine.",Hardware & Infrastructure,High,Marketing,step_by_step,Step 1: Check if Do Not Disturb mode is enabled. Step 2: Unplug the phone and reconnect after 30 seconds. Step 3: Contact the telephony team with your extension number if issue persists.,3,0.83,satisfied,False,False,False,general
HW-G-0187,Projector not connecting to laptop,This is really frustrating. I have a presentation in 30 minutes and the conference room projector will not connect to my laptop via HDMI.,Hardware & Infrastructure,Critical,HR,quick_fix,Press Windows + P to open the display projection menu and select Duplicate or Extend. If still not detected try a different HDMI cable from the cabinet.,1,0.94,escalated,True,True,False,general
HW-G-0188,Projector not connecting to laptop,"Hello, I have a presentation in 30 minutes and the conference room projector will not connect to my laptop via HDMI. Please help.",Hardware & Infrastructure,Medium,Operations,quick_fix,Press Windows + P to open the display projection menu and select Duplicate or Extend. If still not detected try a different HDMI cable from the cabinet.,1,0.9,satisfied,False,True,False,general
HW-G-0189,Projector not connecting to laptop,"Hi team, i have a presentation in 30 minutes and the conference room projector will not connect to my laptop via HDMI.",Hardware & Infrastructure,Critical,Marketing,quick_fix,Press Windows + P to open the display projection menu and select Duplicate or Extend. If still not detected try a different HDMI cable from the cabinet.,1,0.97,escalated,True,True,False,general
HW-G-0190,Printer not printing,This is really frustrating. The office printer is not printing. I sent a document 20 minutes ago and it is stuck in the queue. Other colleagues are also affected.,Hardware & Infrastructure,Medium,Operations,step_by_step,Step 1: Open print queue and cancel all pending jobs. Step 2: Restart the printer. Step 3: Restart the print spooler service on your computer. Step 4: Reinstall the printer driver if the issue continues.,4,0.91,not_helpful,False,True,False,general
HW-G-0191,Printer not printing,"Hello, The office printer is not printing. I sent a document 20 minutes ago and it is stuck in the queue. Other colleagues are also affected. Please help.",Hardware & Infrastructure,Medium,Marketing,step_by_step,Step 1: Open print queue and cancel all pending jobs. Step 2: Restart the printer. Step 3: Restart the print spooler service on your computer. Step 4: Reinstall the printer driver if the issue continues.,4,0.91,satisfied,False,True,False,general
HW-G-0192,Projector not connecting to laptop,Following up on this issue — i have a presentation in 30 minutes and the conference room projector will not connect to my laptop via HDMI.,Hardware & Infrastructure,Medium,HR,quick_fix,Press Windows + P to open the display projection menu and select Duplicate or Extend. If still not detected try a different HDMI cable from the cabinet.,1,0.81,satisfied,False,True,False,general
HW-G-0193,Computer running extremely slow,This is really frustrating. My desktop has been very slow for the past two days. Opening any application takes several minutes and even typing is laggy.,Hardware & Infrastructure,Medium,Marketing,step_by_step,Step 1: Open Task Manager and check for high CPU or memory usage. Step 2: Restart the computer. Step 3: Run disk cleanup to free up space. Step 4: Check if antivirus is running a full scan and pause it temporarily. Step 5: If issue persists IT will assess RAM and storage health.,5,0.9,satisfied,False,True,False,general
HW-G-0194,New laptop setup required,Not sure if this is the right place but i received a new laptop but it has not been set up yet. It needs company software installed and connected to the domain.,Hardware & Infrastructure,Medium,Marketing,information,"Raise a new device onboarding request through the IT portal. The setup team will schedule a session within 24 hours to configure the device, install required software, and join it to the company domain.",1,0.9,satisfied,False,False,False,general
HW-G-0195,Computer running extremely slow,"Hello, My desktop has been very slow for the past two days. Opening any application takes several minutes and even typing is laggy. Please help.",Hardware & Infrastructure,High,HR,step_by_step,Step 1: Open Task Manager and check for high CPU or memory usage. Step 2: Restart the computer. Step 3: Run disk cleanup to free up space. Step 4: Check if antivirus is running a full scan and pause it temporarily. Step 5: If issue persists IT will assess RAM and storage health.,5,0.91,not_helpful,False,True,False,general
HW-G-0196,Office phone not receiving calls,This is really frustrating. My desk phone stopped receiving incoming calls since yesterday afternoon. I can make outgoing calls fine.,Hardware & Infrastructure,Medium,HR,step_by_step,Step 1: Check if Do Not Disturb mode is enabled. Step 2: Unplug the phone and reconnect after 30 seconds. Step 3: Contact the telephony team with your extension number if issue persists.,3,0.83,satisfied,False,False,False,general
HW-G-0197,Office phone not receiving calls,Not sure if this is the right place but my desk phone stopped receiving incoming calls since yesterday afternoon. I can make outgoing calls fine.,Hardware & Infrastructure,Medium,Sales,step_by_step,Step 1: Check if Do Not Disturb mode is enabled. Step 2: Unplug the phone and reconnect after 30 seconds. Step 3: Contact the telephony team with your extension number if issue persists.,3,0.95,satisfied,False,False,False,general
HW-G-0198,Printer not printing,Following up on this issue — the office printer is not printing. I sent a document 20 minutes ago and it is stuck in the queue. Other colleagues are also affected.,Hardware & Infrastructure,Critical,HR,step_by_step,Step 1: Open print queue and cancel all pending jobs. Step 2: Restart the printer. Step 3: Restart the print spooler service on your computer. Step 4: Reinstall the printer driver if the issue continues.,4,0.97,escalated,True,True,False,general
HW-G-0199,Printer not printing,This is really frustrating. The office printer is not printing. I sent a document 20 minutes ago and it is stuck in the queue. Other colleagues are also affected.,Hardware & Infrastructure,Medium,Finance,step_by_step,Step 1: Open print queue and cancel all pending jobs. Step 2: Restart the printer. Step 3: Restart the print spooler service on your computer. Step 4: Reinstall the printer driver if the issue continues.,4,0.91,satisfied,False,True,False,general
HW-G-0200,Monitor not displaying anything,I have been dealing with this for days. I came back from lunch and my monitor is completely black. The computer seems to be on but nothing shows on screen.,Hardware & Infrastructure,High,Finance,step_by_step,Step 1: Check that the monitor power cable is securely plugged in. Step 2: Check the display cable connection on both ends. Step 3: Press the monitor input select button to cycle through inputs. Step 4: Connect a different monitor to isolate whether issue is the monitor or the GPU.,4,0.84,satisfied,False,True,False,general
HW-E-0001,ERPNext database backup failed,Urgent - I received an alert that last night scheduled database backup did not complete. We need to ensure data is protected.,Hardware & Infrastructure,High,Operations,step_by_step,Step 1: Check ERPNext backup log in Setup > Backups. Step 2: Verify disk space on the server. Step 3: Manually trigger a backup with bench --site sitename backup. Step 4: Configure backup alerts to notify IT team on failure.,4,0.82,satisfied,False,False,False,erp
HW-E-0002,ERPNext application server is down,Urgent - The ERPNext application is completely inaccessible. All users are getting a 502 Bad Gateway error.,Hardware & Infrastructure,Critical,Operations,step_by_step,Step 1: SSH into the server and run bench status to check services. Step 2: Run sudo supervisorctl restart all to restart bench workers. Step 3: Run bench restart as the bench user. Step 4: Check nginx error log for further errors. Step 5: If still down restart the server.,5,0.68,escalated,True,False,False,erp
HW-E-0003,Cannot access ERPNext from home,Urgent - I am working from home and cannot access ERPNext. I get a connection timeout error.,Hardware & Infrastructure,High,HR,step_by_step,Step 1: Connect to the company VPN first. Step 2: Once VPN is connected try accessing ERPNext again. Step 3: If still failing clear browser cache and try incognito mode.,3,0.82,satisfied,False,True,False,erp
HW-E-0004,Cannot access ERPNext from home,Urgent - I am working from home and cannot access ERPNext. I get a connection timeout error.,Hardware & Infrastructure,High,Sales,step_by_step,Step 1: Connect to the company VPN first. Step 2: Once VPN is connected try accessing ERPNext again. Step 3: If still failing clear browser cache and try incognito mode.,3,0.84,satisfied,False,True,False,erp
HW-E-0005,ERPNext application server is down,"Hi team, the ERPNext application is completely inaccessible. All users are getting a 502 Bad Gateway error.",Hardware & Infrastructure,Critical,Marketing,step_by_step,Step 1: SSH into the server and run bench status to check services. Step 2: Run sudo supervisorctl restart all to restart bench workers. Step 3: Run bench restart as the bench user. Step 4: Check nginx error log for further errors. Step 5: If still down restart the server.,5,0.53,escalated,True,False,False,erp
HW-E-0006,ERPNext application server is down,I have been dealing with this for days. The ERPNext application is completely inaccessible. All users are getting a 502 Bad Gateway error.,Hardware & Infrastructure,Critical,Operations,step_by_step,Step 1: SSH into the server and run bench status to check services. Step 2: Run sudo supervisorctl restart all to restart bench workers. Step 3: Run bench restart as the bench user. Step 4: Check nginx error log for further errors. Step 5: If still down restart the server.,5,0.62,escalated,True,False,False,erp
HW-E-0007,ERPNext application server is down,Quick question — the ERPNext application is completely inaccessible. All users are getting a 502 Bad Gateway error.,Hardware & Infrastructure,Critical,HR,step_by_step,Step 1: SSH into the server and run bench status to check services. Step 2: Run sudo supervisorctl restart all to restart bench workers. Step 3: Run bench restart as the bench user. Step 4: Check nginx error log for further errors. Step 5: If still down restart the server.,5,0.48,escalated,True,False,False,erp
HW-E-0008,ERPNext database backup failed,Following up on this issue — i received an alert that last night scheduled database backup did not complete. We need to ensure data is protected.,Hardware & Infrastructure,High,IT,step_by_step,Step 1: Check ERPNext backup log in Setup > Backups. Step 2: Verify disk space on the server. Step 3: Manually trigger a backup with bench --site sitename backup. Step 4: Configure backup alerts to notify IT team on failure.,4,0.78,satisfied,False,False,False,erp
HW-E-0009,Frappe worker not processing background jobs,"Hi team, background jobs in ERPNext are stuck. Scheduled tasks are not running and email notifications are not being sent.",Hardware & Infrastructure,High,HR,step_by_step,Step 1: Run bench status to check if workers are running. Step 2: Run sudo supervisorctl status to check worker processes. Step 3: Restart workers with sudo supervisorctl restart frappe-bench-worker. Step 4: Monitor the queue using bench doctor.,4,0.75,not_helpful,False,False,False,erp
HW-E-0010,Cannot access ERPNext from home,Quick question — i am working from home and cannot access ERPNext. I get a connection timeout error.,Hardware & Infrastructure,Medium,Operations,step_by_step,Step 1: Connect to the company VPN first. Step 2: Once VPN is connected try accessing ERPNext again. Step 3: If still failing clear browser cache and try incognito mode.,3,0.81,satisfied,False,True,False,erp
HW-E-0011,Cannot access ERPNext from home,I have been dealing with this for days. I am working from home and cannot access ERPNext. I get a connection timeout error.,Hardware & Infrastructure,Medium,Operations,step_by_step,Step 1: Connect to the company VPN first. Step 2: Once VPN is connected try accessing ERPNext again. Step 3: If still failing clear browser cache and try incognito mode.,3,0.91,satisfied,False,True,False,erp
HW-E-0012,Frappe worker not processing background jobs,I have been dealing with this for days. Background jobs in ERPNext are stuck. Scheduled tasks are not running and email notifications are not being sent.,Hardware & Infrastructure,Medium,Marketing,step_by_step,Step 1: Run bench status to check if workers are running. Step 2: Run sudo supervisorctl status to check worker processes. Step 3: Restart workers with sudo supervisorctl restart frappe-bench-worker. Step 4: Monitor the queue using bench doctor.,4,0.79,not_helpful,False,False,False,erp
HW-E-0013,ERPNext loading very slowly,Following up on this issue — eRPNext has been extremely slow since this morning. Pages take 30-40 seconds to load. All departments are affected.,Hardware & Infrastructure,High,IT,step_by_step,Step 1: Check server resource usage with htop. Step 2: Check for long-running background jobs in ERPNext scheduler. Step 3: Run bench clear-cache. Step 4: Check MariaDB slow query log for expensive queries.,4,0.96,satisfied,False,True,False,erp
HW-E-0014,Frappe worker not processing background jobs,"Hello, Background jobs in ERPNext are stuck. Scheduled tasks are not running and email notifications are not being sent. Please help.",Hardware & Infrastructure,High,Sales,step_by_step,Step 1: Run bench status to check if workers are running. Step 2: Run sudo supervisorctl status to check worker processes. Step 3: Restart workers with sudo supervisorctl restart frappe-bench-worker. Step 4: Monitor the queue using bench doctor.,4,0.71,satisfied,False,False,False,erp
HW-E-0015,ERPNext loading very slowly,"Hi team, eRPNext has been extremely slow since this morning. Pages take 30-40 seconds to load. All departments are affected.",Hardware & Infrastructure,High,HR,step_by_step,Step 1: Check server resource usage with htop. Step 2: Check for long-running background jobs in ERPNext scheduler. Step 3: Run bench clear-cache. Step 4: Check MariaDB slow query log for expensive queries.,4,0.89,satisfied,False,True,False,erp
HW-E-0016,Frappe worker not processing background jobs,I have been dealing with this for days. Background jobs in ERPNext are stuck. Scheduled tasks are not running and email notifications are not being sent.,Hardware & Infrastructure,Medium,HR,step_by_step,Step 1: Run bench status to check if workers are running. Step 2: Run sudo supervisorctl status to check worker processes. Step 3: Restart workers with sudo supervisorctl restart frappe-bench-worker. Step 4: Monitor the queue using bench doctor.,4,0.8,not_helpful,False,False,False,erp
HW-E-0017,ERPNext database backup failed,"Hi team, i received an alert that last night scheduled database backup did not complete. We need to ensure data is protected.",Hardware & Infrastructure,Critical,IT,step_by_step,Step 1: Check ERPNext backup log in Setup > Backups. Step 2: Verify disk space on the server. Step 3: Manually trigger a backup with bench --site sitename backup. Step 4: Configure backup alerts to notify IT team on failure.,4,0.76,escalated,True,False,False,erp
HW-E-0018,Cannot access ERPNext from home,I am working from home and cannot access ERPNext. I get a connection timeout error.,Hardware & Infrastructure,High,Sales,step_by_step,Step 1: Connect to the company VPN first. Step 2: Once VPN is connected try accessing ERPNext again. Step 3: If still failing clear browser cache and try incognito mode.,3,0.97,satisfied,False,True,False,erp
HW-E-0019,ERPNext database backup failed,Urgent - I received an alert that last night scheduled database backup did not complete. We need to ensure data is protected.,Hardware & Infrastructure,High,Marketing,step_by_step,Step 1: Check ERPNext backup log in Setup > Backups. Step 2: Verify disk space on the server. Step 3: Manually trigger a backup with bench --site sitename backup. Step 4: Configure backup alerts to notify IT team on failure.,4,0.67,satisfied,False,False,False,erp
HW-E-0020,Frappe worker not processing background jobs,This is really frustrating. Background jobs in ERPNext are stuck. Scheduled tasks are not running and email notifications are not being sent.,Hardware & Infrastructure,High,HR,step_by_step,Step 1: Run bench status to check if workers are running. Step 2: Run sudo supervisorctl status to check worker processes. Step 3: Restart workers with sudo supervisorctl restart frappe-bench-worker. Step 4: Monitor the queue using bench doctor.,4,0.67,not_helpful,False,False,False,erp
HW-E-0021,Cannot access ERPNext from home,Quick question — i am working from home and cannot access ERPNext. I get a connection timeout error.,Hardware & Infrastructure,Medium,Operations,step_by_step,Step 1: Connect to the company VPN first. Step 2: Once VPN is connected try accessing ERPNext again. Step 3: If still failing clear browser cache and try incognito mode.,3,0.95,satisfied,False,True,False,erp
HW-E-0022,ERPNext database backup failed,"Hello, I received an alert that last night scheduled database backup did not complete. We need to ensure data is protected. Please help.",Hardware & Infrastructure,Medium,HR,step_by_step,Step 1: Check ERPNext backup log in Setup > Backups. Step 2: Verify disk space on the server. Step 3: Manually trigger a backup with bench --site sitename backup. Step 4: Configure backup alerts to notify IT team on failure.,4,0.84,not_helpful,False,False,False,erp
HW-E-0023,ERPNext loading very slowly,This is really frustrating. ERPNext has been extremely slow since this morning. Pages take 30-40 seconds to load. All departments are affected.,Hardware & Infrastructure,High,HR,step_by_step,Step 1: Check server resource usage with htop. Step 2: Check for long-running background jobs in ERPNext scheduler. Step 3: Run bench clear-cache. Step 4: Check MariaDB slow query log for expensive queries.,4,0.94,not_helpful,False,True,False,erp
HW-E-0024,ERPNext loading very slowly,Not sure if this is the right place but eRPNext has been extremely slow since this morning. Pages take 30-40 seconds to load. All departments are affected.,Hardware & Infrastructure,Critical,HR,step_by_step,Step 1: Check server resource usage with htop. Step 2: Check for long-running background jobs in ERPNext scheduler. Step 3: Run bench clear-cache. Step 4: Check MariaDB slow query log for expensive queries.,4,0.9,escalated,True,True,False,erp
HW-E-0025,ERPNext loading very slowly,I have been dealing with this for days. ERPNext has been extremely slow since this morning. Pages take 30-40 seconds to load. All departments are affected.,Hardware & Infrastructure,High,Finance,step_by_step,Step 1: Check server resource usage with htop. Step 2: Check for long-running background jobs in ERPNext scheduler. Step 3: Run bench clear-cache. Step 4: Check MariaDB slow query log for expensive queries.,4,0.97,satisfied,False,True,False,erp
HW-E-0026,Frappe worker not processing background jobs,This is really frustrating. Background jobs in ERPNext are stuck. Scheduled tasks are not running and email notifications are not being sent.,Hardware & Infrastructure,High,Operations,step_by_step,Step 1: Run bench status to check if workers are running. Step 2: Run sudo supervisorctl status to check worker processes. Step 3: Restart workers with sudo supervisorctl restart frappe-bench-worker. Step 4: Monitor the queue using bench doctor.,4,0.72,satisfied,False,False,False,erp
HW-E-0027,ERPNext database backup failed,Quick question — i received an alert that last night scheduled database backup did not complete. We need to ensure data is protected.,Hardware & Infrastructure,Medium,HR,step_by_step,Step 1: Check ERPNext backup log in Setup > Backups. Step 2: Verify disk space on the server. Step 3: Manually trigger a backup with bench --site sitename backup. Step 4: Configure backup alerts to notify IT team on failure.,4,0.66,satisfied,False,False,False,erp
HW-E-0028,ERPNext application server is down,Following up on this issue — the ERPNext application is completely inaccessible. All users are getting a 502 Bad Gateway error.,Hardware & Infrastructure,Critical,Operations,step_by_step,Step 1: SSH into the server and run bench status to check services. Step 2: Run sudo supervisorctl restart all to restart bench workers. Step 3: Run bench restart as the bench user. Step 4: Check nginx error log for further errors. Step 5: If still down restart the server.,5,0.59,escalated,True,False,False,erp
HW-E-0029,Frappe worker not processing background jobs,This is really frustrating. Background jobs in ERPNext are stuck. Scheduled tasks are not running and email notifications are not being sent.,Hardware & Infrastructure,High,IT,step_by_step,Step 1: Run bench status to check if workers are running. Step 2: Run sudo supervisorctl status to check worker processes. Step 3: Restart workers with sudo supervisorctl restart frappe-bench-worker. Step 4: Monitor the queue using bench doctor.,4,0.69,satisfied,False,False,False,erp
HW-E-0030,ERPNext application server is down,Following up on this issue — the ERPNext application is completely inaccessible. All users are getting a 502 Bad Gateway error.,Hardware & Infrastructure,Critical,Operations,step_by_step,Step 1: SSH into the server and run bench status to check services. Step 2: Run sudo supervisorctl restart all to restart bench workers. Step 3: Run bench restart as the bench user. Step 4: Check nginx error log for further errors. Step 5: If still down restart the server.,5,0.6,escalated,True,False,False,erp
HW-E-0031,Cannot access ERPNext from home,I am working from home and cannot access ERPNext. I get a connection timeout error.,Hardware & Infrastructure,Low,Finance,step_by_step,Step 1: Connect to the company VPN first. Step 2: Once VPN is connected try accessing ERPNext again. Step 3: If still failing clear browser cache and try incognito mode.,3,0.87,satisfied,False,True,False,erp
HW-E-0032,Cannot access ERPNext from home,"Hello, I am working from home and cannot access ERPNext. I get a connection timeout error. Please help.",Hardware & Infrastructure,High,Sales,step_by_step,Step 1: Connect to the company VPN first. Step 2: Once VPN is connected try accessing ERPNext again. Step 3: If still failing clear browser cache and try incognito mode.,3,0.94,satisfied,False,True,False,erp
HW-E-0033,ERPNext application server is down,Urgent - The ERPNext application is completely inaccessible. All users are getting a 502 Bad Gateway error.,Hardware & Infrastructure,Critical,Finance,step_by_step,Step 1: SSH into the server and run bench status to check services. Step 2: Run sudo supervisorctl restart all to restart bench workers. Step 3: Run bench restart as the bench user. Step 4: Check nginx error log for further errors. Step 5: If still down restart the server.,5,0.61,escalated,True,False,False,erp
HW-E-0034,Frappe worker not processing background jobs,This is really frustrating. Background jobs in ERPNext are stuck. Scheduled tasks are not running and email notifications are not being sent.,Hardware & Infrastructure,High,HR,step_by_step,Step 1: Run bench status to check if workers are running. Step 2: Run sudo supervisorctl status to check worker processes. Step 3: Restart workers with sudo supervisorctl restart frappe-bench-worker. Step 4: Monitor the queue using bench doctor.,4,0.7,satisfied,False,False,False,erp
HW-E-0035,Frappe worker not processing background jobs,Background jobs in ERPNext are stuck. Scheduled tasks are not running and email notifications are not being sent.,Hardware & Infrastructure,Critical,IT,step_by_step,Step 1: Run bench status to check if workers are running. Step 2: Run sudo supervisorctl status to check worker processes. Step 3: Restart workers with sudo supervisorctl restart frappe-bench-worker. Step 4: Monitor the queue using bench doctor.,4,0.66,escalated,True,False,False,erp
HW-E-0036,ERPNext application server is down,Quick question — the ERPNext application is completely inaccessible. All users are getting a 502 Bad Gateway error.,Hardware & Infrastructure,Critical,IT,step_by_step,Step 1: SSH into the server and run bench status to check services. Step 2: Run sudo supervisorctl restart all to restart bench workers. Step 3: Run bench restart as the bench user. Step 4: Check nginx error log for further errors. Step 5: If still down restart the server.,5,0.57,escalated,True,False,False,erp
HW-E-0037,Frappe worker not processing background jobs,Urgent - Background jobs in ERPNext are stuck. Scheduled tasks are not running and email notifications are not being sent.,Hardware & Infrastructure,High,Operations,step_by_step,Step 1: Run bench status to check if workers are running. Step 2: Run sudo supervisorctl status to check worker processes. Step 3: Restart workers with sudo supervisorctl restart frappe-bench-worker. Step 4: Monitor the queue using bench doctor.,4,0.73,not_helpful,False,False,False,erp
HW-E-0038,Frappe worker not processing background jobs,"Hi team, background jobs in ERPNext are stuck. Scheduled tasks are not running and email notifications are not being sent.",Hardware & Infrastructure,Critical,IT,step_by_step,Step 1: Run bench status to check if workers are running. Step 2: Run sudo supervisorctl status to check worker processes. Step 3: Restart workers with sudo supervisorctl restart frappe-bench-worker. Step 4: Monitor the queue using bench doctor.,4,0.83,escalated,True,False,False,erp
HW-E-0039,ERPNext application server is down,I have been dealing with this for days. The ERPNext application is completely inaccessible. All users are getting a 502 Bad Gateway error.,Hardware & Infrastructure,Critical,HR,step_by_step,Step 1: SSH into the server and run bench status to check services. Step 2: Run sudo supervisorctl restart all to restart bench workers. Step 3: Run bench restart as the bench user. Step 4: Check nginx error log for further errors. Step 5: If still down restart the server.,5,0.57,escalated,True,False,False,erp
HW-E-0040,Frappe worker not processing background jobs,"Hi, Background jobs in ERPNext are stuck. Scheduled tasks are not running and email notifications are not being sent.",Hardware & Infrastructure,Critical,Sales,step_by_step,Step 1: Run bench status to check if workers are running. Step 2: Run sudo supervisorctl status to check worker processes. Step 3: Restart workers with sudo supervisorctl restart frappe-bench-worker. Step 4: Monitor the queue using bench doctor.,4,0.8,escalated,True,False,False,erp
HW-E-0041,ERPNext loading very slowly,"Hi, ERPNext has been extremely slow since this morning. Pages take 30-40 seconds to load. All departments are affected.",Hardware & Infrastructure,Medium,Sales,step_by_step,Step 1: Check server resource usage with htop. Step 2: Check for long-running background jobs in ERPNext scheduler. Step 3: Run bench clear-cache. Step 4: Check MariaDB slow query log for expensive queries.,4,0.91,satisfied,False,True,False,erp
HW-E-0042,Cannot access ERPNext from home,"Hi, I am working from home and cannot access ERPNext. I get a connection timeout error.",Hardware & Infrastructure,High,HR,step_by_step,Step 1: Connect to the company VPN first. Step 2: Once VPN is connected try accessing ERPNext again. Step 3: If still failing clear browser cache and try incognito mode.,3,0.95,satisfied,False,True,False,erp
HW-E-0043,ERPNext loading very slowly,"Hi team, eRPNext has been extremely slow since this morning. Pages take 30-40 seconds to load. All departments are affected.",Hardware & Infrastructure,High,Finance,step_by_step,Step 1: Check server resource usage with htop. Step 2: Check for long-running background jobs in ERPNext scheduler. Step 3: Run bench clear-cache. Step 4: Check MariaDB slow query log for expensive queries.,4,0.83,satisfied,False,True,False,erp
HW-E-0044,Frappe worker not processing background jobs,Quick question — background jobs in ERPNext are stuck. Scheduled tasks are not running and email notifications are not being sent.,Hardware & Infrastructure,High,Marketing,step_by_step,Step 1: Run bench status to check if workers are running. Step 2: Run sudo supervisorctl status to check worker processes. Step 3: Restart workers with sudo supervisorctl restart frappe-bench-worker. Step 4: Monitor the queue using bench doctor.,4,0.76,satisfied,False,False,False,erp
HW-E-0045,ERPNext database backup failed,Following up on this issue — i received an alert that last night scheduled database backup did not complete. We need to ensure data is protected.,Hardware & Infrastructure,High,HR,step_by_step,Step 1: Check ERPNext backup log in Setup > Backups. Step 2: Verify disk space on the server. Step 3: Manually trigger a backup with bench --site sitename backup. Step 4: Configure backup alerts to notify IT team on failure.,4,0.84,satisfied,False,False,False,erp
HW-E-0046,Frappe worker not processing background jobs,Background jobs in ERPNext are stuck. Scheduled tasks are not running and email notifications are not being sent.,Hardware & Infrastructure,High,Sales,step_by_step,Step 1: Run bench status to check if workers are running. Step 2: Run sudo supervisorctl status to check worker processes. Step 3: Restart workers with sudo supervisorctl restart frappe-bench-worker. Step 4: Monitor the queue using bench doctor.,4,0.71,satisfied,False,False,False,erp
HW-E-0047,ERPNext database backup failed,This is really frustrating. I received an alert that last night scheduled database backup did not complete. We need to ensure data is protected.,Hardware & Infrastructure,Medium,Sales,step_by_step,Step 1: Check ERPNext backup log in Setup > Backups. Step 2: Verify disk space on the server. Step 3: Manually trigger a backup with bench --site sitename backup. Step 4: Configure backup alerts to notify IT team on failure.,4,0.74,satisfied,False,False,False,erp
HW-E-0048,ERPNext application server is down,"Hi team, the ERPNext application is completely inaccessible. All users are getting a 502 Bad Gateway error.",Hardware & Infrastructure,Critical,Operations,step_by_step,Step 1: SSH into the server and run bench status to check services. Step 2: Run sudo supervisorctl restart all to restart bench workers. Step 3: Run bench restart as the bench user. Step 4: Check nginx error log for further errors. Step 5: If still down restart the server.,5,0.67,escalated,True,False,False,erp
HW-E-0049,ERPNext database backup failed,I received an alert that last night scheduled database backup did not complete. We need to ensure data is protected.,Hardware & Infrastructure,High,IT,step_by_step,Step 1: Check ERPNext backup log in Setup > Backups. Step 2: Verify disk space on the server. Step 3: Manually trigger a backup with bench --site sitename backup. Step 4: Configure backup alerts to notify IT team on failure.,4,0.74,satisfied,False,False,False,erp
HW-E-0050,ERPNext database backup failed,Urgent - I received an alert that last night scheduled database backup did not complete. We need to ensure data is protected.,Hardware & Infrastructure,High,HR,step_by_step,Step 1: Check ERPNext backup log in Setup > Backups. Step 2: Verify disk space on the server. Step 3: Manually trigger a backup with bench --site sitename backup. Step 4: Configure backup alerts to notify IT team on failure.,4,0.71,satisfied,False,False,False,erp
HW-E-0051,Frappe worker not processing background jobs,"Hi team, background jobs in ERPNext are stuck. Scheduled tasks are not running and email notifications are not being sent.",Hardware & Infrastructure,Medium,Operations,step_by_step,Step 1: Run bench status to check if workers are running. Step 2: Run sudo supervisorctl status to check worker processes. Step 3: Restart workers with sudo supervisorctl restart frappe-bench-worker. Step 4: Monitor the queue using bench doctor.,4,0.83,satisfied,False,False,False,erp
HW-E-0052,ERPNext loading very slowly,I have been dealing with this for days. ERPNext has been extremely slow since this morning. Pages take 30-40 seconds to load. All departments are affected.,Hardware & Infrastructure,Medium,Operations,step_by_step,Step 1: Check server resource usage with htop. Step 2: Check for long-running background jobs in ERPNext scheduler. Step 3: Run bench clear-cache. Step 4: Check MariaDB slow query log for expensive queries.,4,0.93,not_helpful,False,True,False,erp
HW-E-0053,ERPNext database backup failed,Not sure if this is the right place but i received an alert that last night scheduled database backup did not complete. We need to ensure data is protected.,Hardware & Infrastructure,High,Sales,step_by_step,Step 1: Check ERPNext backup log in Setup > Backups. Step 2: Verify disk space on the server. Step 3: Manually trigger a backup with bench --site sitename backup. Step 4: Configure backup alerts to notify IT team on failure.,4,0.72,satisfied,False,False,False,erp
HW-E-0054,ERPNext database backup failed,This is really frustrating. I received an alert that last night scheduled database backup did not complete. We need to ensure data is protected.,Hardware & Infrastructure,Medium,HR,step_by_step,Step 1: Check ERPNext backup log in Setup > Backups. Step 2: Verify disk space on the server. Step 3: Manually trigger a backup with bench --site sitename backup. Step 4: Configure backup alerts to notify IT team on failure.,4,0.78,satisfied,False,False,False,erp
HW-E-0055,ERPNext database backup failed,Quick question — i received an alert that last night scheduled database backup did not complete. We need to ensure data is protected.,Hardware & Infrastructure,High,Finance,step_by_step,Step 1: Check ERPNext backup log in Setup > Backups. Step 2: Verify disk space on the server. Step 3: Manually trigger a backup with bench --site sitename backup. Step 4: Configure backup alerts to notify IT team on failure.,4,0.71,satisfied,False,False,False,erp
HW-E-0056,Cannot access ERPNext from home,"Hello, I am working from home and cannot access ERPNext. I get a connection timeout error. Please help.",Hardware & Infrastructure,Low,Marketing,step_by_step,Step 1: Connect to the company VPN first. Step 2: Once VPN is connected try accessing ERPNext again. Step 3: If still failing clear browser cache and try incognito mode.,3,0.92,not_helpful,False,True,False,erp
HW-E-0057,Frappe worker not processing background jobs,I have been dealing with this for days. Background jobs in ERPNext are stuck. Scheduled tasks are not running and email notifications are not being sent.,Hardware & Infrastructure,Medium,IT,step_by_step,Step 1: Run bench status to check if workers are running. Step 2: Run sudo supervisorctl status to check worker processes. Step 3: Restart workers with sudo supervisorctl restart frappe-bench-worker. Step 4: Monitor the queue using bench doctor.,4,0.79,satisfied,False,False,False,erp
HW-E-0058,Cannot access ERPNext from home,I have been dealing with this for days. I am working from home and cannot access ERPNext. I get a connection timeout error.,Hardware & Infrastructure,High,HR,step_by_step,Step 1: Connect to the company VPN first. Step 2: Once VPN is connected try accessing ERPNext again. Step 3: If still failing clear browser cache and try incognito mode.,3,0.92,satisfied,False,True,False,erp
HW-E-0059,Frappe worker not processing background jobs,"Hi, Background jobs in ERPNext are stuck. Scheduled tasks are not running and email notifications are not being sent.",Hardware & Infrastructure,High,Sales,step_by_step,Step 1: Run bench status to check if workers are running. Step 2: Run sudo supervisorctl status to check worker processes. Step 3: Restart workers with sudo supervisorctl restart frappe-bench-worker. Step 4: Monitor the queue using bench doctor.,4,0.65,satisfied,False,False,False,erp
HW-E-0060,Frappe worker not processing background jobs,"Hello, Background jobs in ERPNext are stuck. Scheduled tasks are not running and email notifications are not being sent. Please help.",Hardware & Infrastructure,High,HR,step_by_step,Step 1: Run bench status to check if workers are running. Step 2: Run sudo supervisorctl status to check worker processes. Step 3: Restart workers with sudo supervisorctl restart frappe-bench-worker. Step 4: Monitor the queue using bench doctor.,4,0.85,satisfied,False,False,False,erp
HW-E-0061,ERPNext database backup failed,I received an alert that last night scheduled database backup did not complete. We need to ensure data is protected.,Hardware & Infrastructure,High,Marketing,step_by_step,Step 1: Check ERPNext backup log in Setup > Backups. Step 2: Verify disk space on the server. Step 3: Manually trigger a backup with bench --site sitename backup. Step 4: Configure backup alerts to notify IT team on failure.,4,0.82,not_helpful,False,False,False,erp
HW-E-0062,Cannot access ERPNext from home,Urgent - I am working from home and cannot access ERPNext. I get a connection timeout error.,Hardware & Infrastructure,High,Finance,step_by_step,Step 1: Connect to the company VPN first. Step 2: Once VPN is connected try accessing ERPNext again. Step 3: If still failing clear browser cache and try incognito mode.,3,0.91,satisfied,False,True,False,erp
HW-E-0063,ERPNext loading very slowly,Urgent - ERPNext has been extremely slow since this morning. Pages take 30-40 seconds to load. All departments are affected.,Hardware & Infrastructure,Critical,Marketing,step_by_step,Step 1: Check server resource usage with htop. Step 2: Check for long-running background jobs in ERPNext scheduler. Step 3: Run bench clear-cache. Step 4: Check MariaDB slow query log for expensive queries.,4,0.94,escalated,True,True,False,erp
HW-E-0064,Frappe worker not processing background jobs,Following up on this issue — background jobs in ERPNext are stuck. Scheduled tasks are not running and email notifications are not being sent.,Hardware & Infrastructure,Medium,Operations,step_by_step,Step 1: Run bench status to check if workers are running. Step 2: Run sudo supervisorctl status to check worker processes. Step 3: Restart workers with sudo supervisorctl restart frappe-bench-worker. Step 4: Monitor the queue using bench doctor.,4,0.72,satisfied,False,False,False,erp
HW-E-0065,Cannot access ERPNext from home,"Hi, I am working from home and cannot access ERPNext. I get a connection timeout error.",Hardware & Infrastructure,High,Sales,step_by_step,Step 1: Connect to the company VPN first. Step 2: Once VPN is connected try accessing ERPNext again. Step 3: If still failing clear browser cache and try incognito mode.,3,0.94,satisfied,False,True,False,erp
HW-E-0066,Frappe worker not processing background jobs,Quick question — background jobs in ERPNext are stuck. Scheduled tasks are not running and email notifications are not being sent.,Hardware & Infrastructure,Critical,IT,step_by_step,Step 1: Run bench status to check if workers are running. Step 2: Run sudo supervisorctl status to check worker processes. Step 3: Restart workers with sudo supervisorctl restart frappe-bench-worker. Step 4: Monitor the queue using bench doctor.,4,0.69,escalated,True,False,False,erp
HW-E-0067,Frappe worker not processing background jobs,Not sure if this is the right place but background jobs in ERPNext are stuck. Scheduled tasks are not running and email notifications are not being sent.,Hardware & Infrastructure,High,Finance,step_by_step,Step 1: Run bench status to check if workers are running. Step 2: Run sudo supervisorctl status to check worker processes. Step 3: Restart workers with sudo supervisorctl restart frappe-bench-worker. Step 4: Monitor the queue using bench doctor.,4,0.81,satisfied,False,False,False,erp
HW-E-0068,ERPNext loading very slowly,"Hello, ERPNext has been extremely slow since this morning. Pages take 30-40 seconds to load. All departments are affected. Please help.",Hardware & Infrastructure,Critical,HR,step_by_step,Step 1: Check server resource usage with htop. Step 2: Check for long-running background jobs in ERPNext scheduler. Step 3: Run bench clear-cache. Step 4: Check MariaDB slow query log for expensive queries.,4,0.82,escalated,True,True,False,erp
HW-E-0069,Frappe worker not processing background jobs,"Hi team, background jobs in ERPNext are stuck. Scheduled tasks are not running and email notifications are not being sent.",Hardware & Infrastructure,Critical,Marketing,step_by_step,Step 1: Run bench status to check if workers are running. Step 2: Run sudo supervisorctl status to check worker processes. Step 3: Restart workers with sudo supervisorctl restart frappe-bench-worker. Step 4: Monitor the queue using bench doctor.,4,0.76,escalated,True,False,False,erp
HW-E-0070,ERPNext database backup failed,Urgent - I received an alert that last night scheduled database backup did not complete. We need to ensure data is protected.,Hardware & Infrastructure,Critical,Sales,step_by_step,Step 1: Check ERPNext backup log in Setup > Backups. Step 2: Verify disk space on the server. Step 3: Manually trigger a backup with bench --site sitename backup. Step 4: Configure backup alerts to notify IT team on failure.,4,0.71,escalated,True,False,False,erp
HW-E-0071,Frappe worker not processing background jobs,Not sure if this is the right place but background jobs in ERPNext are stuck. Scheduled tasks are not running and email notifications are not being sent.,Hardware & Infrastructure,Critical,HR,step_by_step,Step 1: Run bench status to check if workers are running. Step 2: Run sudo supervisorctl status to check worker processes. Step 3: Restart workers with sudo supervisorctl restart frappe-bench-worker. Step 4: Monitor the queue using bench doctor.,4,0.68,escalated,True,False,False,erp
HW-E-0072,ERPNext loading very slowly,ERPNext has been extremely slow since this morning. Pages take 30-40 seconds to load. All departments are affected.,Hardware & Infrastructure,Critical,IT,step_by_step,Step 1: Check server resource usage with htop. Step 2: Check for long-running background jobs in ERPNext scheduler. Step 3: Run bench clear-cache. Step 4: Check MariaDB slow query log for expensive queries.,4,0.96,escalated,True,True,False,erp
HW-E-0073,ERPNext application server is down,Not sure if this is the right place but the ERPNext application is completely inaccessible. All users are getting a 502 Bad Gateway error.,Hardware & Infrastructure,Critical,HR,step_by_step,Step 1: SSH into the server and run bench status to check services. Step 2: Run sudo supervisorctl restart all to restart bench workers. Step 3: Run bench restart as the bench user. Step 4: Check nginx error log for further errors. Step 5: If still down restart the server.,5,0.52,escalated,True,False,False,erp
HW-E-0074,Cannot access ERPNext from home,This is really frustrating. I am working from home and cannot access ERPNext. I get a connection timeout error.,Hardware & Infrastructure,Medium,Finance,step_by_step,Step 1: Connect to the company VPN first. Step 2: Once VPN is connected try accessing ERPNext again. Step 3: If still failing clear browser cache and try incognito mode.,3,0.86,satisfied,False,True,False,erp
HW-E-0075,ERPNext loading very slowly,Urgent - ERPNext has been extremely slow since this morning. Pages take 30-40 seconds to load. All departments are affected.,Hardware & Infrastructure,Medium,Marketing,step_by_step,Step 1: Check server resource usage with htop. Step 2: Check for long-running background jobs in ERPNext scheduler. Step 3: Run bench clear-cache. Step 4: Check MariaDB slow query log for expensive queries.,4,0.97,satisfied,False,True,False,erp
HW-E-0076,Frappe worker not processing background jobs,"Hello, Background jobs in ERPNext are stuck. Scheduled tasks are not running and email notifications are not being sent. Please help.",Hardware & Infrastructure,High,Finance,step_by_step,Step 1: Run bench status to check if workers are running. Step 2: Run sudo supervisorctl status to check worker processes. Step 3: Restart workers with sudo supervisorctl restart frappe-bench-worker. Step 4: Monitor the queue using bench doctor.,4,0.65,satisfied,False,False,False,erp
HW-E-0077,ERPNext loading very slowly,"Hi team, eRPNext has been extremely slow since this morning. Pages take 30-40 seconds to load. All departments are affected.",Hardware & Infrastructure,High,Sales,step_by_step,Step 1: Check server resource usage with htop. Step 2: Check for long-running background jobs in ERPNext scheduler. Step 3: Run bench clear-cache. Step 4: Check MariaDB slow query log for expensive queries.,4,0.93,satisfied,False,True,False,erp
HW-E-0078,ERPNext loading very slowly,Quick question — eRPNext has been extremely slow since this morning. Pages take 30-40 seconds to load. All departments are affected.,Hardware & Infrastructure,High,IT,step_by_step,Step 1: Check server resource usage with htop. Step 2: Check for long-running background jobs in ERPNext scheduler. Step 3: Run bench clear-cache. Step 4: Check MariaDB slow query log for expensive queries.,4,0.81,satisfied,False,True,False,erp
HW-E-0079,ERPNext application server is down,Quick question — the ERPNext application is completely inaccessible. All users are getting a 502 Bad Gateway error.,Hardware & Infrastructure,Critical,Operations,step_by_step,Step 1: SSH into the server and run bench status to check services. Step 2: Run sudo supervisorctl restart all to restart bench workers. Step 3: Run bench restart as the bench user. Step 4: Check nginx error log for further errors. Step 5: If still down restart the server.,5,0.66,escalated,True,False,False,erp
HW-E-0080,ERPNext application server is down,Urgent - The ERPNext application is completely inaccessible. All users are getting a 502 Bad Gateway error.,Hardware & Infrastructure,Critical,Sales,step_by_step,Step 1: SSH into the server and run bench status to check services. Step 2: Run sudo supervisorctl restart all to restart bench workers. Step 3: Run bench restart as the bench user. Step 4: Check nginx error log for further errors. Step 5: If still down restart the server.,5,0.57,escalated,True,False,False,erp
HW-E-0081,Frappe worker not processing background jobs,Urgent - Background jobs in ERPNext are stuck. Scheduled tasks are not running and email notifications are not being sent.,Hardware & Infrastructure,Medium,Marketing,step_by_step,Step 1: Run bench status to check if workers are running. Step 2: Run sudo supervisorctl status to check worker processes. Step 3: Restart workers with sudo supervisorctl restart frappe-bench-worker. Step 4: Monitor the queue using bench doctor.,4,0.72,satisfied,False,False,False,erp
HW-E-0082,ERPNext application server is down,I have been dealing with this for days. The ERPNext application is completely inaccessible. All users are getting a 502 Bad Gateway error.,Hardware & Infrastructure,Critical,Operations,step_by_step,Step 1: SSH into the server and run bench status to check services. Step 2: Run sudo supervisorctl restart all to restart bench workers. Step 3: Run bench restart as the bench user. Step 4: Check nginx error log for further errors. Step 5: If still down restart the server.,5,0.51,escalated,True,False,False,erp
HW-E-0083,ERPNext database backup failed,Following up on this issue — i received an alert that last night scheduled database backup did not complete. We need to ensure data is protected.,Hardware & Infrastructure,High,HR,step_by_step,Step 1: Check ERPNext backup log in Setup > Backups. Step 2: Verify disk space on the server. Step 3: Manually trigger a backup with bench --site sitename backup. Step 4: Configure backup alerts to notify IT team on failure.,4,0.75,satisfied,False,False,False,erp
HW-E-0084,Frappe worker not processing background jobs,Background jobs in ERPNext are stuck. Scheduled tasks are not running and email notifications are not being sent.,Hardware & Infrastructure,Critical,Sales,step_by_step,Step 1: Run bench status to check if workers are running. Step 2: Run sudo supervisorctl status to check worker processes. Step 3: Restart workers with sudo supervisorctl restart frappe-bench-worker. Step 4: Monitor the queue using bench doctor.,4,0.7,escalated,True,False,False,erp
HW-E-0085,ERPNext application server is down,"Hi team, the ERPNext application is completely inaccessible. All users are getting a 502 Bad Gateway error.",Hardware & Infrastructure,Critical,Operations,step_by_step,Step 1: SSH into the server and run bench status to check services. Step 2: Run sudo supervisorctl restart all to restart bench workers. Step 3: Run bench restart as the bench user. Step 4: Check nginx error log for further errors. Step 5: If still down restart the server.,5,0.61,escalated,True,False,False,erp
HW-E-0086,Cannot access ERPNext from home,Urgent - I am working from home and cannot access ERPNext. I get a connection timeout error.,Hardware & Infrastructure,Medium,Marketing,step_by_step,Step 1: Connect to the company VPN first. Step 2: Once VPN is connected try accessing ERPNext again. Step 3: If still failing clear browser cache and try incognito mode.,3,0.86,satisfied,False,True,False,erp
HW-E-0087,Frappe worker not processing background jobs,Urgent - Background jobs in ERPNext are stuck. Scheduled tasks are not running and email notifications are not being sent.,Hardware & Infrastructure,Critical,Finance,step_by_step,Step 1: Run bench status to check if workers are running. Step 2: Run sudo supervisorctl status to check worker processes. Step 3: Restart workers with sudo supervisorctl restart frappe-bench-worker. Step 4: Monitor the queue using bench doctor.,4,0.75,escalated,True,False,False,erp
HW-E-0088,ERPNext application server is down,The ERPNext application is completely inaccessible. All users are getting a 502 Bad Gateway error.,Hardware & Infrastructure,Critical,Sales,step_by_step,Step 1: SSH into the server and run bench status to check services. Step 2: Run sudo supervisorctl restart all to restart bench workers. Step 3: Run bench restart as the bench user. Step 4: Check nginx error log for further errors. Step 5: If still down restart the server.,5,0.67,escalated,True,False,False,erp
HW-E-0089,ERPNext loading very slowly,"Hello, ERPNext has been extremely slow since this morning. Pages take 30-40 seconds to load. All departments are affected. Please help.",Hardware & Infrastructure,Medium,Operations,step_by_step,Step 1: Check server resource usage with htop. Step 2: Check for long-running background jobs in ERPNext scheduler. Step 3: Run bench clear-cache. Step 4: Check MariaDB slow query log for expensive queries.,4,0.84,satisfied,False,True,False,erp
HW-E-0090,Frappe worker not processing background jobs,"Hello, Background jobs in ERPNext are stuck. Scheduled tasks are not running and email notifications are not being sent. Please help.",Hardware & Infrastructure,Critical,HR,step_by_step,Step 1: Run bench status to check if workers are running. Step 2: Run sudo supervisorctl status to check worker processes. Step 3: Restart workers with sudo supervisorctl restart frappe-bench-worker. Step 4: Monitor the queue using bench doctor.,4,0.76,escalated,True,False,False,erp
HW-E-0091,ERPNext loading very slowly,This is really frustrating. ERPNext has been extremely slow since this morning. Pages take 30-40 seconds to load. All departments are affected.,Hardware & Infrastructure,High,Sales,step_by_step,Step 1: Check server resource usage with htop. Step 2: Check for long-running background jobs in ERPNext scheduler. Step 3: Run bench clear-cache. Step 4: Check MariaDB slow query log for expensive queries.,4,0.96,satisfied,False,True,False,erp
HW-E-0092,ERPNext application server is down,Not sure if this is the right place but the ERPNext application is completely inaccessible. All users are getting a 502 Bad Gateway error.,Hardware & Infrastructure,Critical,Marketing,step_by_step,Step 1: SSH into the server and run bench status to check services. Step 2: Run sudo supervisorctl restart all to restart bench workers. Step 3: Run bench restart as the bench user. Step 4: Check nginx error log for further errors. Step 5: If still down restart the server.,5,0.53,escalated,True,False,False,erp
HW-E-0093,Frappe worker not processing background jobs,Urgent - Background jobs in ERPNext are stuck. Scheduled tasks are not running and email notifications are not being sent.,Hardware & Infrastructure,Critical,IT,step_by_step,Step 1: Run bench status to check if workers are running. Step 2: Run sudo supervisorctl status to check worker processes. Step 3: Restart workers with sudo supervisorctl restart frappe-bench-worker. Step 4: Monitor the queue using bench doctor.,4,0.73,escalated,True,False,False,erp
HW-E-0094,Frappe worker not processing background jobs,"Hi team, background jobs in ERPNext are stuck. Scheduled tasks are not running and email notifications are not being sent.",Hardware & Infrastructure,High,Marketing,step_by_step,Step 1: Run bench status to check if workers are running. Step 2: Run sudo supervisorctl status to check worker processes. Step 3: Restart workers with sudo supervisorctl restart frappe-bench-worker. Step 4: Monitor the queue using bench doctor.,4,0.81,satisfied,False,False,False,erp
HW-E-0095,Frappe worker not processing background jobs,I have been dealing with this for days. Background jobs in ERPNext are stuck. Scheduled tasks are not running and email notifications are not being sent.,Hardware & Infrastructure,Medium,Sales,step_by_step,Step 1: Run bench status to check if workers are running. Step 2: Run sudo supervisorctl status to check worker processes. Step 3: Restart workers with sudo supervisorctl restart frappe-bench-worker. Step 4: Monitor the queue using bench doctor.,4,0.77,not_helpful,False,False,False,erp
HW-E-0096,Cannot access ERPNext from home,Following up on this issue — i am working from home and cannot access ERPNext. I get a connection timeout error.,Hardware & Infrastructure,Medium,Operations,step_by_step,Step 1: Connect to the company VPN first. Step 2: Once VPN is connected try accessing ERPNext again. Step 3: If still failing clear browser cache and try incognito mode.,3,0.86,satisfied,False,True,False,erp
HW-E-0097,Frappe worker not processing background jobs,This is really frustrating. Background jobs in ERPNext are stuck. Scheduled tasks are not running and email notifications are not being sent.,Hardware & Infrastructure,High,Operations,step_by_step,Step 1: Run bench status to check if workers are running. Step 2: Run sudo supervisorctl status to check worker processes. Step 3: Restart workers with sudo supervisorctl restart frappe-bench-worker. Step 4: Monitor the queue using bench doctor.,4,0.74,satisfied,False,False,False,erp
HW-E-0098,Frappe worker not processing background jobs,"Hi team, background jobs in ERPNext are stuck. Scheduled tasks are not running and email notifications are not being sent.",Hardware & Infrastructure,High,Marketing,step_by_step,Step 1: Run bench status to check if workers are running. Step 2: Run sudo supervisorctl status to check worker processes. Step 3: Restart workers with sudo supervisorctl restart frappe-bench-worker. Step 4: Monitor the queue using bench doctor.,4,0.85,not_helpful,False,False,False,erp
HW-E-0099,Frappe worker not processing background jobs,Background jobs in ERPNext are stuck. Scheduled tasks are not running and email notifications are not being sent.,Hardware & Infrastructure,High,Finance,step_by_step,Step 1: Run bench status to check if workers are running. Step 2: Run sudo supervisorctl status to check worker processes. Step 3: Restart workers with sudo supervisorctl restart frappe-bench-worker. Step 4: Monitor the queue using bench doctor.,4,0.81,satisfied,False,False,False,erp
HW-E-0100,ERPNext database backup failed,"Hi, I received an alert that last night scheduled database backup did not complete. We need to ensure data is protected.",Hardware & Infrastructure,High,Marketing,step_by_step,Step 1: Check ERPNext backup log in Setup > Backups. Step 2: Verify disk space on the server. Step 3: Manually trigger a backup with bench --site sitename backup. Step 4: Configure backup alerts to notify IT team on failure.,4,0.74,satisfied,False,False,False,erp
APP-G-0001,Browser homepage hijacked,Urgent - My Chrome browser is opening a different homepage I did not set and keeps redirecting to unknown websites.,Software & Applications,High,Marketing,step_by_step,Step 1: Run a malware scan using company antivirus. Step 2: Go to Chrome Settings and reset the homepage. Step 3: Check installed extensions and remove unfamiliar ones. Step 4: Reset Chrome to default settings if redirects continue.,4,0.61,satisfied,False,False,True,general
APP-G-0002,Which software does the company have licences for,Quick question — i want to install some design tools but not sure which ones the company has licences for.,Software & Applications,Medium,Finance,information,The licensed software list is on the IT portal under Software Catalogue. For design tools contact your department head for budget approval first then raise a software request through IT.,1,0.81,not_helpful,False,False,False,general
APP-G-0003,Antivirus blocking a legitimate file,"Hi team, the company antivirus is blocking a file I downloaded from our official vendor portal. The file is definitely safe.",Software & Applications,Medium,HR,quick_fix,Submit a file whitelist request through the IT security portal attaching the vendor download confirmation email. IT security will review and whitelist within 4 hours.,1,0.46,not_helpful,False,False,True,general
APP-G-0004,Cannot install required software,"Hello, I need to install Tableau for a data project but do not have admin rights on my machine. Please help.",Software & Applications,Low,Sales,information,Software installations require admin privileges. Raise a software installation request through the IT portal with business justification. IT will install within one business day.,1,0.87,satisfied,False,True,False,general
APP-G-0005,Which software does the company have licences for,Following up on this issue — i want to install some design tools but not sure which ones the company has licences for.,Software & Applications,Low,Finance,information,The licensed software list is on the IT portal under Software Catalogue. For design tools contact your department head for budget approval first then raise a software request through IT.,1,0.87,satisfied,False,False,False,general
APP-G-0006,Outlook not syncing emails,Following up on this issue — my Outlook has not received any new emails since this morning. Send/receive is trying but failing.,Software & Applications,Medium,HR,step_by_step,Step 1: Check internet connection and VPN. Step 2: Go to Send/Receive tab and click Send/Receive All Folders. Step 3: Check if Outlook is set to Work Offline and toggle it off. Step 4: Remove and re-add the email account if issue persists.,4,0.81,satisfied,False,True,False,general
APP-G-0007,Browser homepage hijacked,I have been dealing with this for days. My Chrome browser is opening a different homepage I did not set and keeps redirecting to unknown websites.,Software & Applications,High,Operations,step_by_step,Step 1: Run a malware scan using company antivirus. Step 2: Go to Chrome Settings and reset the homepage. Step 3: Check installed extensions and remove unfamiliar ones. Step 4: Reset Chrome to default settings if redirects continue.,4,0.55,escalated,True,False,True,general
APP-G-0008,Excel file showing corrupted data,Urgent - I opened an Excel file a colleague sent and all numbers look wrong. The file was fine yesterday.,Software & Applications,Critical,Sales,step_by_step,Step 1: Try opening on another computer to confirm corruption. Step 2: Use File > Open > Open and Repair in Excel. Step 3: Ask sender to resend the original file. Step 4: Restore from backup if available.,4,0.82,escalated,True,False,False,general
APP-G-0009,Antivirus blocking a legitimate file,"Hi, The company antivirus is blocking a file I downloaded from our official vendor portal. The file is definitely safe.",Software & Applications,Medium,IT,quick_fix,Submit a file whitelist request through the IT security portal attaching the vendor download confirmation email. IT security will review and whitelist within 4 hours.,1,0.62,not_helpful,False,False,True,general
APP-G-0010,Microsoft Word keeps crashing,I have been dealing with this for days. Word crashes every time I try to open a specific document. It was working fine yesterday. I need this document urgently.,Software & Applications,Medium,Finance,step_by_step,Step 1: Try opening Word in safe mode by holding Ctrl while launching. Step 2: If it opens disable add-ins one by one. Step 3: Run Office Quick Repair from Control Panel. Step 4: If file-specific try opening on a different computer.,4,0.9,satisfied,False,True,False,general
APP-G-0011,Outlook not syncing emails,Following up on this issue — my Outlook has not received any new emails since this morning. Send/receive is trying but failing.,Software & Applications,Low,Operations,step_by_step,Step 1: Check internet connection and VPN. Step 2: Go to Send/Receive tab and click Send/Receive All Folders. Step 3: Check if Outlook is set to Work Offline and toggle it off. Step 4: Remove and re-add the email account if issue persists.,4,0.87,satisfied,False,True,False,general
APP-G-0012,Teams calls dropping frequently,This is really frustrating. My Microsoft Teams calls keep dropping after about 5 minutes. My internet seems fine for everything else.,Software & Applications,High,Marketing,step_by_step,Step 1: Check network bandwidth — Teams requires at least 1.5 Mbps for HD video. Step 2: Turn off video during calls to reduce bandwidth. Step 3: Clear Teams cache by deleting AppData/Microsoft/Teams cache folders. Step 4: Update Teams to the latest version.,4,0.95,satisfied,False,True,False,general
APP-G-0013,Outlook not syncing emails,I have been dealing with this for days. My Outlook has not received any new emails since this morning. Send/receive is trying but failing.,Software & Applications,Medium,Marketing,step_by_step,Step 1: Check internet connection and VPN. Step 2: Go to Send/Receive tab and click Send/Receive All Folders. Step 3: Check if Outlook is set to Work Offline and toggle it off. Step 4: Remove and re-add the email account if issue persists.,4,0.92,satisfied,False,True,False,general
APP-G-0014,Cannot install required software,I need to install Tableau for a data project but do not have admin rights on my machine.,Software & Applications,Medium,HR,information,Software installations require admin privileges. Raise a software installation request through the IT portal with business justification. IT will install within one business day.,1,0.82,satisfied,False,True,False,general
APP-G-0015,Antivirus blocking a legitimate file,This is really frustrating. The company antivirus is blocking a file I downloaded from our official vendor portal. The file is definitely safe.,Software & Applications,Medium,Marketing,quick_fix,Submit a file whitelist request through the IT security portal attaching the vendor download confirmation email. IT security will review and whitelist within 4 hours.,1,0.42,escalated,True,False,True,general
APP-G-0016,Zoom camera not working during meetings,"Hi team, my camera stopped working in Zoom. Other participants cannot see me. The camera works in Windows camera app but not Zoom.",Software & Applications,Medium,Sales,step_by_step,Step 1: In Zoom settings go to Video and check the correct camera is selected. Step 2: Close other apps that might be using the camera. Step 3: Uninstall and reinstall Zoom. Step 4: Update camera drivers from Device Manager.,4,0.97,satisfied,False,True,False,general
APP-G-0017,Zoom camera not working during meetings,"Hello, My camera stopped working in Zoom. Other participants cannot see me. The camera works in Windows camera app but not Zoom. Please help.",Software & Applications,Medium,Operations,step_by_step,Step 1: In Zoom settings go to Video and check the correct camera is selected. Step 2: Close other apps that might be using the camera. Step 3: Uninstall and reinstall Zoom. Step 4: Update camera drivers from Device Manager.,4,0.9,satisfied,False,True,False,general
APP-G-0018,Antivirus blocking a legitimate file,Quick question — the company antivirus is blocking a file I downloaded from our official vendor portal. The file is definitely safe.,Software & Applications,Low,Finance,quick_fix,Submit a file whitelist request through the IT security portal attaching the vendor download confirmation email. IT security will review and whitelist within 4 hours.,1,0.53,not_helpful,False,False,True,general
APP-G-0019,Cannot install required software,Quick question — i need to install Tableau for a data project but do not have admin rights on my machine.,Software & Applications,Low,HR,information,Software installations require admin privileges. Raise a software installation request through the IT portal with business justification. IT will install within one business day.,1,0.93,satisfied,False,True,False,general
APP-G-0020,Microsoft Word keeps crashing,"Hello, Word crashes every time I try to open a specific document. It was working fine yesterday. I need this document urgently. Please help.",Software & Applications,Low,Marketing,step_by_step,Step 1: Try opening Word in safe mode by holding Ctrl while launching. Step 2: If it opens disable add-ins one by one. Step 3: Run Office Quick Repair from Control Panel. Step 4: If file-specific try opening on a different computer.,4,0.97,satisfied,False,True,False,general
APP-G-0021,Zoom camera not working during meetings,Following up on this issue — my camera stopped working in Zoom. Other participants cannot see me. The camera works in Windows camera app but not Zoom.,Software & Applications,High,Marketing,step_by_step,Step 1: In Zoom settings go to Video and check the correct camera is selected. Step 2: Close other apps that might be using the camera. Step 3: Uninstall and reinstall Zoom. Step 4: Update camera drivers from Device Manager.,4,0.87,satisfied,False,True,False,general
APP-G-0022,Antivirus blocking a legitimate file,Not sure if this is the right place but the company antivirus is blocking a file I downloaded from our official vendor portal. The file is definitely safe.,Software & Applications,Medium,Sales,quick_fix,Submit a file whitelist request through the IT security portal attaching the vendor download confirmation email. IT security will review and whitelist within 4 hours.,1,0.61,satisfied,False,False,True,general
APP-G-0023,Which software does the company have licences for,Following up on this issue — i want to install some design tools but not sure which ones the company has licences for.,Software & Applications,Low,IT,information,The licensed software list is on the IT portal under Software Catalogue. For design tools contact your department head for budget approval first then raise a software request through IT.,1,0.73,satisfied,False,False,False,general
APP-G-0024,Zoom camera not working during meetings,This is really frustrating. My camera stopped working in Zoom. Other participants cannot see me. The camera works in Windows camera app but not Zoom.,Software & Applications,Medium,Marketing,step_by_step,Step 1: In Zoom settings go to Video and check the correct camera is selected. Step 2: Close other apps that might be using the camera. Step 3: Uninstall and reinstall Zoom. Step 4: Update camera drivers from Device Manager.,4,0.83,satisfied,False,True,False,general
APP-G-0025,Browser homepage hijacked,This is really frustrating. My Chrome browser is opening a different homepage I did not set and keeps redirecting to unknown websites.,Software & Applications,Critical,Operations,step_by_step,Step 1: Run a malware scan using company antivirus. Step 2: Go to Chrome Settings and reset the homepage. Step 3: Check installed extensions and remove unfamiliar ones. Step 4: Reset Chrome to default settings if redirects continue.,4,0.41,escalated,True,False,True,general
APP-G-0026,Antivirus blocking a legitimate file,"Hi team, the company antivirus is blocking a file I downloaded from our official vendor portal. The file is definitely safe.",Software & Applications,Medium,Sales,quick_fix,Submit a file whitelist request through the IT security portal attaching the vendor download confirmation email. IT security will review and whitelist within 4 hours.,1,0.44,escalated,True,False,True,general
APP-G-0027,Which software does the company have licences for,Not sure if this is the right place but i want to install some design tools but not sure which ones the company has licences for.,Software & Applications,Low,Operations,information,The licensed software list is on the IT portal under Software Catalogue. For design tools contact your department head for budget approval first then raise a software request through IT.,1,0.74,satisfied,False,False,False,general
APP-G-0028,Teams calls dropping frequently,This is really frustrating. My Microsoft Teams calls keep dropping after about 5 minutes. My internet seems fine for everything else.,Software & Applications,Medium,Operations,step_by_step,Step 1: Check network bandwidth — Teams requires at least 1.5 Mbps for HD video. Step 2: Turn off video during calls to reduce bandwidth. Step 3: Clear Teams cache by deleting AppData/Microsoft/Teams cache folders. Step 4: Update Teams to the latest version.,4,0.96,satisfied,False,True,False,general
APP-G-0029,Browser homepage hijacked,I have been dealing with this for days. My Chrome browser is opening a different homepage I did not set and keeps redirecting to unknown websites.,Software & Applications,High,IT,step_by_step,Step 1: Run a malware scan using company antivirus. Step 2: Go to Chrome Settings and reset the homepage. Step 3: Check installed extensions and remove unfamiliar ones. Step 4: Reset Chrome to default settings if redirects continue.,4,0.42,escalated,True,False,True,general
APP-G-0030,Which software does the company have licences for,Not sure if this is the right place but i want to install some design tools but not sure which ones the company has licences for.,Software & Applications,Medium,Operations,information,The licensed software list is on the IT portal under Software Catalogue. For design tools contact your department head for budget approval first then raise a software request through IT.,1,0.84,satisfied,False,False,False,general
APP-G-0031,Which software does the company have licences for,I want to install some design tools but not sure which ones the company has licences for.,Software & Applications,High,Sales,information,The licensed software list is on the IT portal under Software Catalogue. For design tools contact your department head for budget approval first then raise a software request through IT.,1,0.77,satisfied,False,False,False,general
APP-G-0032,Which software does the company have licences for,"Hello, I want to install some design tools but not sure which ones the company has licences for. Please help.",Software & Applications,Low,Operations,information,The licensed software list is on the IT portal under Software Catalogue. For design tools contact your department head for budget approval first then raise a software request through IT.,1,0.92,satisfied,False,False,False,general
APP-G-0033,Microsoft Word keeps crashing,This is really frustrating. Word crashes every time I try to open a specific document. It was working fine yesterday. I need this document urgently.,Software & Applications,High,IT,step_by_step,Step 1: Try opening Word in safe mode by holding Ctrl while launching. Step 2: If it opens disable add-ins one by one. Step 3: Run Office Quick Repair from Control Panel. Step 4: If file-specific try opening on a different computer.,4,0.88,satisfied,False,True,False,general
APP-G-0034,Browser homepage hijacked,I have been dealing with this for days. My Chrome browser is opening a different homepage I did not set and keeps redirecting to unknown websites.,Software & Applications,Medium,Finance,step_by_step,Step 1: Run a malware scan using company antivirus. Step 2: Go to Chrome Settings and reset the homepage. Step 3: Check installed extensions and remove unfamiliar ones. Step 4: Reset Chrome to default settings if redirects continue.,4,0.39,escalated,True,False,True,general
APP-G-0035,Browser homepage hijacked,I have been dealing with this for days. My Chrome browser is opening a different homepage I did not set and keeps redirecting to unknown websites.,Software & Applications,High,IT,step_by_step,Step 1: Run a malware scan using company antivirus. Step 2: Go to Chrome Settings and reset the homepage. Step 3: Check installed extensions and remove unfamiliar ones. Step 4: Reset Chrome to default settings if redirects continue.,4,0.4,escalated,True,False,True,general
APP-G-0036,Antivirus blocking a legitimate file,"Hi team, the company antivirus is blocking a file I downloaded from our official vendor portal. The file is definitely safe.",Software & Applications,Medium,Finance,quick_fix,Submit a file whitelist request through the IT security portal attaching the vendor download confirmation email. IT security will review and whitelist within 4 hours.,1,0.62,satisfied,False,False,True,general
APP-G-0037,Outlook not syncing emails,This is really frustrating. My Outlook has not received any new emails since this morning. Send/receive is trying but failing.,Software & Applications,Medium,Finance,step_by_step,Step 1: Check internet connection and VPN. Step 2: Go to Send/Receive tab and click Send/Receive All Folders. Step 3: Check if Outlook is set to Work Offline and toggle it off. Step 4: Remove and re-add the email account if issue persists.,4,0.94,satisfied,False,True,False,general
APP-G-0038,Zoom camera not working during meetings,My camera stopped working in Zoom. Other participants cannot see me. The camera works in Windows camera app but not Zoom.,Software & Applications,Medium,Finance,step_by_step,Step 1: In Zoom settings go to Video and check the correct camera is selected. Step 2: Close other apps that might be using the camera. Step 3: Uninstall and reinstall Zoom. Step 4: Update camera drivers from Device Manager.,4,0.87,satisfied,False,True,False,general
APP-G-0039,Browser homepage hijacked,Urgent - My Chrome browser is opening a different homepage I did not set and keeps redirecting to unknown websites.,Software & Applications,Critical,Operations,step_by_step,Step 1: Run a malware scan using company antivirus. Step 2: Go to Chrome Settings and reset the homepage. Step 3: Check installed extensions and remove unfamiliar ones. Step 4: Reset Chrome to default settings if redirects continue.,4,0.5,escalated,True,False,True,general
APP-G-0040,Antivirus blocking a legitimate file,Not sure if this is the right place but the company antivirus is blocking a file I downloaded from our official vendor portal. The file is definitely safe.,Software & Applications,Medium,Operations,quick_fix,Submit a file whitelist request through the IT security portal attaching the vendor download confirmation email. IT security will review and whitelist within 4 hours.,1,0.6,satisfied,False,False,True,general
APP-G-0041,Excel file showing corrupted data,Following up on this issue — i opened an Excel file a colleague sent and all numbers look wrong. The file was fine yesterday.,Software & Applications,High,Marketing,step_by_step,Step 1: Try opening on another computer to confirm corruption. Step 2: Use File > Open > Open and Repair in Excel. Step 3: Ask sender to resend the original file. Step 4: Restore from backup if available.,4,0.75,satisfied,False,False,False,general
APP-G-0042,Excel file showing corrupted data,"Hi team, i opened an Excel file a colleague sent and all numbers look wrong. The file was fine yesterday.",Software & Applications,High,IT,step_by_step,Step 1: Try opening on another computer to confirm corruption. Step 2: Use File > Open > Open and Repair in Excel. Step 3: Ask sender to resend the original file. Step 4: Restore from backup if available.,4,0.65,satisfied,False,False,False,general
APP-G-0043,Excel file showing corrupted data,I opened an Excel file a colleague sent and all numbers look wrong. The file was fine yesterday.,Software & Applications,High,Operations,step_by_step,Step 1: Try opening on another computer to confirm corruption. Step 2: Use File > Open > Open and Repair in Excel. Step 3: Ask sender to resend the original file. Step 4: Restore from backup if available.,4,0.8,satisfied,False,False,False,general
APP-G-0044,Which software does the company have licences for,Quick question — i want to install some design tools but not sure which ones the company has licences for.,Software & Applications,Low,Operations,information,The licensed software list is on the IT portal under Software Catalogue. For design tools contact your department head for budget approval first then raise a software request through IT.,1,0.88,not_helpful,False,False,False,general
APP-G-0045,Zoom camera not working during meetings,Quick question — my camera stopped working in Zoom. Other participants cannot see me. The camera works in Windows camera app but not Zoom.,Software & Applications,High,IT,step_by_step,Step 1: In Zoom settings go to Video and check the correct camera is selected. Step 2: Close other apps that might be using the camera. Step 3: Uninstall and reinstall Zoom. Step 4: Update camera drivers from Device Manager.,4,0.91,satisfied,False,True,False,general
APP-G-0046,Cannot install required software,"Hi team, i need to install Tableau for a data project but do not have admin rights on my machine.",Software & Applications,Medium,Finance,information,Software installations require admin privileges. Raise a software installation request through the IT portal with business justification. IT will install within one business day.,1,0.84,satisfied,False,True,False,general
APP-G-0047,Microsoft Word keeps crashing,"Hi, Word crashes every time I try to open a specific document. It was working fine yesterday. I need this document urgently.",Software & Applications,Medium,IT,step_by_step,Step 1: Try opening Word in safe mode by holding Ctrl while launching. Step 2: If it opens disable add-ins one by one. Step 3: Run Office Quick Repair from Control Panel. Step 4: If file-specific try opening on a different computer.,4,0.88,satisfied,False,True,False,general
APP-G-0048,Antivirus blocking a legitimate file,The company antivirus is blocking a file I downloaded from our official vendor portal. The file is definitely safe.,Software & Applications,High,Marketing,quick_fix,Submit a file whitelist request through the IT security portal attaching the vendor download confirmation email. IT security will review and whitelist within 4 hours.,1,0.6,not_helpful,False,False,True,general
APP-G-0049,Cannot install required software,Following up on this issue — i need to install Tableau for a data project but do not have admin rights on my machine.,Software & Applications,Low,Operations,information,Software installations require admin privileges. Raise a software installation request through the IT portal with business justification. IT will install within one business day.,1,0.9,not_helpful,False,True,False,general
APP-G-0050,Teams calls dropping frequently,This is really frustrating. My Microsoft Teams calls keep dropping after about 5 minutes. My internet seems fine for everything else.,Software & Applications,Medium,Operations,step_by_step,Step 1: Check network bandwidth — Teams requires at least 1.5 Mbps for HD video. Step 2: Turn off video during calls to reduce bandwidth. Step 3: Clear Teams cache by deleting AppData/Microsoft/Teams cache folders. Step 4: Update Teams to the latest version.,4,0.83,not_helpful,False,True,False,general
APP-G-0051,Browser homepage hijacked,"Hello, My Chrome browser is opening a different homepage I did not set and keeps redirecting to unknown websites. Please help.",Software & Applications,High,Operations,step_by_step,Step 1: Run a malware scan using company antivirus. Step 2: Go to Chrome Settings and reset the homepage. Step 3: Check installed extensions and remove unfamiliar ones. Step 4: Reset Chrome to default settings if redirects continue.,4,0.59,escalated,True,False,True,general
APP-G-0052,Which software does the company have licences for,"Hi, I want to install some design tools but not sure which ones the company has licences for.",Software & Applications,Low,Sales,information,The licensed software list is on the IT portal under Software Catalogue. For design tools contact your department head for budget approval first then raise a software request through IT.,1,0.78,satisfied,False,False,False,general
APP-G-0053,Excel file showing corrupted data,Following up on this issue — i opened an Excel file a colleague sent and all numbers look wrong. The file was fine yesterday.,Software & Applications,High,Sales,step_by_step,Step 1: Try opening on another computer to confirm corruption. Step 2: Use File > Open > Open and Repair in Excel. Step 3: Ask sender to resend the original file. Step 4: Restore from backup if available.,4,0.79,satisfied,False,False,False,general
APP-G-0054,Antivirus blocking a legitimate file,"Hello, The company antivirus is blocking a file I downloaded from our official vendor portal. The file is definitely safe. Please help.",Software & Applications,High,Sales,quick_fix,Submit a file whitelist request through the IT security portal attaching the vendor download confirmation email. IT security will review and whitelist within 4 hours.,1,0.57,escalated,True,False,True,general
APP-G-0055,Outlook not syncing emails,Not sure if this is the right place but my Outlook has not received any new emails since this morning. Send/receive is trying but failing.,Software & Applications,Medium,Sales,step_by_step,Step 1: Check internet connection and VPN. Step 2: Go to Send/Receive tab and click Send/Receive All Folders. Step 3: Check if Outlook is set to Work Offline and toggle it off. Step 4: Remove and re-add the email account if issue persists.,4,0.9,satisfied,False,True,False,general
APP-G-0056,Cannot install required software,This is really frustrating. I need to install Tableau for a data project but do not have admin rights on my machine.,Software & Applications,Low,IT,information,Software installations require admin privileges. Raise a software installation request through the IT portal with business justification. IT will install within one business day.,1,0.85,satisfied,False,True,False,general
APP-G-0057,Excel file showing corrupted data,"Hello, I opened an Excel file a colleague sent and all numbers look wrong. The file was fine yesterday. Please help.",Software & Applications,High,Operations,step_by_step,Step 1: Try opening on another computer to confirm corruption. Step 2: Use File > Open > Open and Repair in Excel. Step 3: Ask sender to resend the original file. Step 4: Restore from backup if available.,4,0.69,not_helpful,False,False,False,general
APP-G-0058,Excel file showing corrupted data,"Hi, I opened an Excel file a colleague sent and all numbers look wrong. The file was fine yesterday.",Software & Applications,Medium,HR,step_by_step,Step 1: Try opening on another computer to confirm corruption. Step 2: Use File > Open > Open and Repair in Excel. Step 3: Ask sender to resend the original file. Step 4: Restore from backup if available.,4,0.77,satisfied,False,False,False,general
APP-G-0059,Antivirus blocking a legitimate file,"Hi team, the company antivirus is blocking a file I downloaded from our official vendor portal. The file is definitely safe.",Software & Applications,Medium,IT,quick_fix,Submit a file whitelist request through the IT security portal attaching the vendor download confirmation email. IT security will review and whitelist within 4 hours.,1,0.44,escalated,True,False,True,general
APP-G-0060,Browser homepage hijacked,Urgent - My Chrome browser is opening a different homepage I did not set and keeps redirecting to unknown websites.,Software & Applications,High,HR,step_by_step,Step 1: Run a malware scan using company antivirus. Step 2: Go to Chrome Settings and reset the homepage. Step 3: Check installed extensions and remove unfamiliar ones. Step 4: Reset Chrome to default settings if redirects continue.,4,0.4,escalated,True,False,True,general
APP-G-0061,Antivirus blocking a legitimate file,Following up on this issue — the company antivirus is blocking a file I downloaded from our official vendor portal. The file is definitely safe.,Software & Applications,Critical,IT,quick_fix,Submit a file whitelist request through the IT security portal attaching the vendor download confirmation email. IT security will review and whitelist within 4 hours.,1,0.42,escalated,True,False,True,general
APP-G-0062,Zoom camera not working during meetings,My camera stopped working in Zoom. Other participants cannot see me. The camera works in Windows camera app but not Zoom.,Software & Applications,High,HR,step_by_step,Step 1: In Zoom settings go to Video and check the correct camera is selected. Step 2: Close other apps that might be using the camera. Step 3: Uninstall and reinstall Zoom. Step 4: Update camera drivers from Device Manager.,4,0.85,satisfied,False,True,False,general
APP-G-0063,Zoom camera not working during meetings,Urgent - My camera stopped working in Zoom. Other participants cannot see me. The camera works in Windows camera app but not Zoom.,Software & Applications,Medium,IT,step_by_step,Step 1: In Zoom settings go to Video and check the correct camera is selected. Step 2: Close other apps that might be using the camera. Step 3: Uninstall and reinstall Zoom. Step 4: Update camera drivers from Device Manager.,4,0.93,not_helpful,False,True,False,general
APP-G-0064,Cannot install required software,Following up on this issue — i need to install Tableau for a data project but do not have admin rights on my machine.,Software & Applications,Medium,Finance,information,Software installations require admin privileges. Raise a software installation request through the IT portal with business justification. IT will install within one business day.,1,0.81,satisfied,False,True,False,general
APP-G-0065,Excel file showing corrupted data,Quick question — i opened an Excel file a colleague sent and all numbers look wrong. The file was fine yesterday.,Software & Applications,Critical,Operations,step_by_step,Step 1: Try opening on another computer to confirm corruption. Step 2: Use File > Open > Open and Repair in Excel. Step 3: Ask sender to resend the original file. Step 4: Restore from backup if available.,4,0.65,escalated,True,False,False,general
APP-G-0066,Outlook not syncing emails,I have been dealing with this for days. My Outlook has not received any new emails since this morning. Send/receive is trying but failing.,Software & Applications,High,Operations,step_by_step,Step 1: Check internet connection and VPN. Step 2: Go to Send/Receive tab and click Send/Receive All Folders. Step 3: Check if Outlook is set to Work Offline and toggle it off. Step 4: Remove and re-add the email account if issue persists.,4,0.86,satisfied,False,True,False,general
APP-G-0067,Which software does the company have licences for,"Hello, I want to install some design tools but not sure which ones the company has licences for. Please help.",Software & Applications,Medium,Finance,information,The licensed software list is on the IT portal under Software Catalogue. For design tools contact your department head for budget approval first then raise a software request through IT.,1,0.75,satisfied,False,False,False,general
APP-G-0068,Outlook not syncing emails,Urgent - My Outlook has not received any new emails since this morning. Send/receive is trying but failing.,Software & Applications,Medium,HR,step_by_step,Step 1: Check internet connection and VPN. Step 2: Go to Send/Receive tab and click Send/Receive All Folders. Step 3: Check if Outlook is set to Work Offline and toggle it off. Step 4: Remove and re-add the email account if issue persists.,4,0.93,satisfied,False,True,False,general
APP-G-0069,Browser homepage hijacked,"Hi, My Chrome browser is opening a different homepage I did not set and keeps redirecting to unknown websites.",Software & Applications,High,Finance,step_by_step,Step 1: Run a malware scan using company antivirus. Step 2: Go to Chrome Settings and reset the homepage. Step 3: Check installed extensions and remove unfamiliar ones. Step 4: Reset Chrome to default settings if redirects continue.,4,0.52,escalated,True,False,True,general
APP-G-0070,Teams calls dropping frequently,"Hi team, my Microsoft Teams calls keep dropping after about 5 minutes. My internet seems fine for everything else.",Software & Applications,High,Finance,step_by_step,Step 1: Check network bandwidth — Teams requires at least 1.5 Mbps for HD video. Step 2: Turn off video during calls to reduce bandwidth. Step 3: Clear Teams cache by deleting AppData/Microsoft/Teams cache folders. Step 4: Update Teams to the latest version.,4,0.89,satisfied,False,True,False,general
APP-G-0071,Cannot install required software,Not sure if this is the right place but i need to install Tableau for a data project but do not have admin rights on my machine.,Software & Applications,Low,Finance,information,Software installations require admin privileges. Raise a software installation request through the IT portal with business justification. IT will install within one business day.,1,0.97,satisfied,False,True,False,general
APP-G-0072,Which software does the company have licences for,Quick question — i want to install some design tools but not sure which ones the company has licences for.,Software & Applications,Medium,HR,information,The licensed software list is on the IT portal under Software Catalogue. For design tools contact your department head for budget approval first then raise a software request through IT.,1,0.95,satisfied,False,False,False,general
APP-G-0073,Excel file showing corrupted data,"Hi team, i opened an Excel file a colleague sent and all numbers look wrong. The file was fine yesterday.",Software & Applications,High,IT,step_by_step,Step 1: Try opening on another computer to confirm corruption. Step 2: Use File > Open > Open and Repair in Excel. Step 3: Ask sender to resend the original file. Step 4: Restore from backup if available.,4,0.79,satisfied,False,False,False,general
APP-G-0074,Excel file showing corrupted data,"Hello, I opened an Excel file a colleague sent and all numbers look wrong. The file was fine yesterday. Please help.",Software & Applications,High,Marketing,step_by_step,Step 1: Try opening on another computer to confirm corruption. Step 2: Use File > Open > Open and Repair in Excel. Step 3: Ask sender to resend the original file. Step 4: Restore from backup if available.,4,0.79,not_helpful,False,False,False,general
APP-G-0075,Outlook not syncing emails,"Hi, My Outlook has not received any new emails since this morning. Send/receive is trying but failing.",Software & Applications,Medium,Finance,step_by_step,Step 1: Check internet connection and VPN. Step 2: Go to Send/Receive tab and click Send/Receive All Folders. Step 3: Check if Outlook is set to Work Offline and toggle it off. Step 4: Remove and re-add the email account if issue persists.,4,0.97,satisfied,False,True,False,general
APP-G-0076,Cannot install required software,This is really frustrating. I need to install Tableau for a data project but do not have admin rights on my machine.,Software & Applications,Low,IT,information,Software installations require admin privileges. Raise a software installation request through the IT portal with business justification. IT will install within one business day.,1,0.88,not_helpful,False,True,False,general
APP-G-0077,Antivirus blocking a legitimate file,"Hi, The company antivirus is blocking a file I downloaded from our official vendor portal. The file is definitely safe.",Software & Applications,High,Finance,quick_fix,Submit a file whitelist request through the IT security portal attaching the vendor download confirmation email. IT security will review and whitelist within 4 hours.,1,0.56,escalated,True,False,True,general
APP-G-0078,Outlook not syncing emails,Quick question — my Outlook has not received any new emails since this morning. Send/receive is trying but failing.,Software & Applications,Medium,HR,step_by_step,Step 1: Check internet connection and VPN. Step 2: Go to Send/Receive tab and click Send/Receive All Folders. Step 3: Check if Outlook is set to Work Offline and toggle it off. Step 4: Remove and re-add the email account if issue persists.,4,0.9,satisfied,False,True,False,general
APP-G-0079,Microsoft Word keeps crashing,I have been dealing with this for days. Word crashes every time I try to open a specific document. It was working fine yesterday. I need this document urgently.,Software & Applications,High,Finance,step_by_step,Step 1: Try opening Word in safe mode by holding Ctrl while launching. Step 2: If it opens disable add-ins one by one. Step 3: Run Office Quick Repair from Control Panel. Step 4: If file-specific try opening on a different computer.,4,0.96,satisfied,False,True,False,general
APP-G-0080,Cannot install required software,"Hi, I need to install Tableau for a data project but do not have admin rights on my machine.",Software & Applications,Low,Marketing,information,Software installations require admin privileges. Raise a software installation request through the IT portal with business justification. IT will install within one business day.,1,0.89,satisfied,False,True,False,general
APP-G-0081,Which software does the company have licences for,Following up on this issue — i want to install some design tools but not sure which ones the company has licences for.,Software & Applications,Low,Finance,information,The licensed software list is on the IT portal under Software Catalogue. For design tools contact your department head for budget approval first then raise a software request through IT.,1,0.84,not_helpful,False,False,False,general
APP-G-0082,Antivirus blocking a legitimate file,"Hello, The company antivirus is blocking a file I downloaded from our official vendor portal. The file is definitely safe. Please help.",Software & Applications,Medium,Marketing,quick_fix,Submit a file whitelist request through the IT security portal attaching the vendor download confirmation email. IT security will review and whitelist within 4 hours.,1,0.52,not_helpful,False,False,True,general
APP-G-0083,Microsoft Word keeps crashing,Quick question — word crashes every time I try to open a specific document. It was working fine yesterday. I need this document urgently.,Software & Applications,Medium,HR,step_by_step,Step 1: Try opening Word in safe mode by holding Ctrl while launching. Step 2: If it opens disable add-ins one by one. Step 3: Run Office Quick Repair from Control Panel. Step 4: If file-specific try opening on a different computer.,4,0.95,satisfied,False,True,False,general
APP-G-0084,Microsoft Word keeps crashing,Word crashes every time I try to open a specific document. It was working fine yesterday. I need this document urgently.,Software & Applications,Medium,HR,step_by_step,Step 1: Try opening Word in safe mode by holding Ctrl while launching. Step 2: If it opens disable add-ins one by one. Step 3: Run Office Quick Repair from Control Panel. Step 4: If file-specific try opening on a different computer.,4,0.93,satisfied,False,True,False,general
APP-G-0085,Which software does the company have licences for,Not sure if this is the right place but i want to install some design tools but not sure which ones the company has licences for.,Software & Applications,Low,Sales,information,The licensed software list is on the IT portal under Software Catalogue. For design tools contact your department head for budget approval first then raise a software request through IT.,1,0.82,not_helpful,False,False,False,general
APP-G-0086,Teams calls dropping frequently,"Hi team, my Microsoft Teams calls keep dropping after about 5 minutes. My internet seems fine for everything else.",Software & Applications,Medium,Marketing,step_by_step,Step 1: Check network bandwidth — Teams requires at least 1.5 Mbps for HD video. Step 2: Turn off video during calls to reduce bandwidth. Step 3: Clear Teams cache by deleting AppData/Microsoft/Teams cache folders. Step 4: Update Teams to the latest version.,4,0.97,satisfied,False,True,False,general
APP-G-0087,Antivirus blocking a legitimate file,I have been dealing with this for days. The company antivirus is blocking a file I downloaded from our official vendor portal. The file is definitely safe.,Software & Applications,Medium,IT,quick_fix,Submit a file whitelist request through the IT security portal attaching the vendor download confirmation email. IT security will review and whitelist within 4 hours.,1,0.59,satisfied,False,False,True,general
APP-G-0088,Antivirus blocking a legitimate file,The company antivirus is blocking a file I downloaded from our official vendor portal. The file is definitely safe.,Software & Applications,Medium,Sales,quick_fix,Submit a file whitelist request through the IT security portal attaching the vendor download confirmation email. IT security will review and whitelist within 4 hours.,1,0.61,not_helpful,False,False,True,general
APP-G-0089,Which software does the company have licences for,"Hi, I want to install some design tools but not sure which ones the company has licences for.",Software & Applications,Low,Finance,information,The licensed software list is on the IT portal under Software Catalogue. For design tools contact your department head for budget approval first then raise a software request through IT.,1,0.85,satisfied,False,False,False,general
APP-G-0090,Which software does the company have licences for,"Hi team, i want to install some design tools but not sure which ones the company has licences for.",Software & Applications,Low,HR,information,The licensed software list is on the IT portal under Software Catalogue. For design tools contact your department head for budget approval first then raise a software request through IT.,1,0.79,not_helpful,False,False,False,general
APP-G-0091,Teams calls dropping frequently,"Hi, My Microsoft Teams calls keep dropping after about 5 minutes. My internet seems fine for everything else.",Software & Applications,Medium,Finance,step_by_step,Step 1: Check network bandwidth — Teams requires at least 1.5 Mbps for HD video. Step 2: Turn off video during calls to reduce bandwidth. Step 3: Clear Teams cache by deleting AppData/Microsoft/Teams cache folders. Step 4: Update Teams to the latest version.,4,0.97,satisfied,False,True,False,general
APP-G-0092,Outlook not syncing emails,My Outlook has not received any new emails since this morning. Send/receive is trying but failing.,Software & Applications,Medium,Finance,step_by_step,Step 1: Check internet connection and VPN. Step 2: Go to Send/Receive tab and click Send/Receive All Folders. Step 3: Check if Outlook is set to Work Offline and toggle it off. Step 4: Remove and re-add the email account if issue persists.,4,0.81,satisfied,False,True,False,general
APP-G-0093,Microsoft Word keeps crashing,Word crashes every time I try to open a specific document. It was working fine yesterday. I need this document urgently.,Software & Applications,Medium,Finance,step_by_step,Step 1: Try opening Word in safe mode by holding Ctrl while launching. Step 2: If it opens disable add-ins one by one. Step 3: Run Office Quick Repair from Control Panel. Step 4: If file-specific try opening on a different computer.,4,0.84,satisfied,False,True,False,general
APP-G-0094,Antivirus blocking a legitimate file,Quick question — the company antivirus is blocking a file I downloaded from our official vendor portal. The file is definitely safe.,Software & Applications,Critical,Sales,quick_fix,Submit a file whitelist request through the IT security portal attaching the vendor download confirmation email. IT security will review and whitelist within 4 hours.,1,0.44,escalated,True,False,True,general
APP-G-0095,Browser homepage hijacked,I have been dealing with this for days. My Chrome browser is opening a different homepage I did not set and keeps redirecting to unknown websites.,Software & Applications,High,Finance,step_by_step,Step 1: Run a malware scan using company antivirus. Step 2: Go to Chrome Settings and reset the homepage. Step 3: Check installed extensions and remove unfamiliar ones. Step 4: Reset Chrome to default settings if redirects continue.,4,0.59,escalated,True,False,True,general
APP-G-0096,Teams calls dropping frequently,Urgent - My Microsoft Teams calls keep dropping after about 5 minutes. My internet seems fine for everything else.,Software & Applications,Medium,Marketing,step_by_step,Step 1: Check network bandwidth — Teams requires at least 1.5 Mbps for HD video. Step 2: Turn off video during calls to reduce bandwidth. Step 3: Clear Teams cache by deleting AppData/Microsoft/Teams cache folders. Step 4: Update Teams to the latest version.,4,0.81,not_helpful,False,True,False,general
APP-G-0097,Teams calls dropping frequently,Not sure if this is the right place but my Microsoft Teams calls keep dropping after about 5 minutes. My internet seems fine for everything else.,Software & Applications,Medium,Operations,step_by_step,Step 1: Check network bandwidth — Teams requires at least 1.5 Mbps for HD video. Step 2: Turn off video during calls to reduce bandwidth. Step 3: Clear Teams cache by deleting AppData/Microsoft/Teams cache folders. Step 4: Update Teams to the latest version.,4,0.81,satisfied,False,True,False,general
APP-G-0098,Browser homepage hijacked,"Hello, My Chrome browser is opening a different homepage I did not set and keeps redirecting to unknown websites. Please help.",Software & Applications,High,IT,step_by_step,Step 1: Run a malware scan using company antivirus. Step 2: Go to Chrome Settings and reset the homepage. Step 3: Check installed extensions and remove unfamiliar ones. Step 4: Reset Chrome to default settings if redirects continue.,4,0.48,escalated,True,False,True,general
APP-G-0099,Cannot install required software,"Hello, I need to install Tableau for a data project but do not have admin rights on my machine. Please help.",Software & Applications,Medium,Marketing,information,Software installations require admin privileges. Raise a software installation request through the IT portal with business justification. IT will install within one business day.,1,0.89,satisfied,False,True,False,general
APP-G-0100,Cannot install required software,Not sure if this is the right place but i need to install Tableau for a data project but do not have admin rights on my machine.,Software & Applications,Medium,Operations,information,Software installations require admin privileges. Raise a software installation request through the IT portal with business justification. IT will install within one business day.,1,0.96,satisfied,False,True,False,general
APP-G-0101,Antivirus blocking a legitimate file,"Hi, The company antivirus is blocking a file I downloaded from our official vendor portal. The file is definitely safe.",Software & Applications,Medium,Sales,quick_fix,Submit a file whitelist request through the IT security portal attaching the vendor download confirmation email. IT security will review and whitelist within 4 hours.,1,0.44,escalated,True,False,True,general
APP-G-0102,Outlook not syncing emails,"Hi, My Outlook has not received any new emails since this morning. Send/receive is trying but failing.",Software & Applications,High,HR,step_by_step,Step 1: Check internet connection and VPN. Step 2: Go to Send/Receive tab and click Send/Receive All Folders. Step 3: Check if Outlook is set to Work Offline and toggle it off. Step 4: Remove and re-add the email account if issue persists.,4,0.95,satisfied,False,True,False,general
APP-G-0103,Excel file showing corrupted data,"Hi team, i opened an Excel file a colleague sent and all numbers look wrong. The file was fine yesterday.",Software & Applications,High,Finance,step_by_step,Step 1: Try opening on another computer to confirm corruption. Step 2: Use File > Open > Open and Repair in Excel. Step 3: Ask sender to resend the original file. Step 4: Restore from backup if available.,4,0.77,satisfied,False,False,False,general
APP-G-0104,Antivirus blocking a legitimate file,This is really frustrating. The company antivirus is blocking a file I downloaded from our official vendor portal. The file is definitely safe.,Software & Applications,Medium,Sales,quick_fix,Submit a file whitelist request through the IT security portal attaching the vendor download confirmation email. IT security will review and whitelist within 4 hours.,1,0.43,escalated,True,False,True,general
APP-G-0105,Microsoft Word keeps crashing,Following up on this issue — word crashes every time I try to open a specific document. It was working fine yesterday. I need this document urgently.,Software & Applications,Medium,Finance,step_by_step,Step 1: Try opening Word in safe mode by holding Ctrl while launching. Step 2: If it opens disable add-ins one by one. Step 3: Run Office Quick Repair from Control Panel. Step 4: If file-specific try opening on a different computer.,4,0.83,satisfied,False,True,False,general
APP-G-0106,Zoom camera not working during meetings,"Hello, My camera stopped working in Zoom. Other participants cannot see me. The camera works in Windows camera app but not Zoom. Please help.",Software & Applications,Medium,IT,step_by_step,Step 1: In Zoom settings go to Video and check the correct camera is selected. Step 2: Close other apps that might be using the camera. Step 3: Uninstall and reinstall Zoom. Step 4: Update camera drivers from Device Manager.,4,0.84,satisfied,False,True,False,general
APP-G-0107,Which software does the company have licences for,I have been dealing with this for days. I want to install some design tools but not sure which ones the company has licences for.,Software & Applications,Low,IT,information,The licensed software list is on the IT portal under Software Catalogue. For design tools contact your department head for budget approval first then raise a software request through IT.,1,0.81,satisfied,False,False,False,general
APP-G-0108,Which software does the company have licences for,This is really frustrating. I want to install some design tools but not sure which ones the company has licences for.,Software & Applications,Low,Finance,information,The licensed software list is on the IT portal under Software Catalogue. For design tools contact your department head for budget approval first then raise a software request through IT.,1,0.96,satisfied,False,False,False,general
APP-G-0109,Browser homepage hijacked,"Hi, My Chrome browser is opening a different homepage I did not set and keeps redirecting to unknown websites.",Software & Applications,High,Marketing,step_by_step,Step 1: Run a malware scan using company antivirus. Step 2: Go to Chrome Settings and reset the homepage. Step 3: Check installed extensions and remove unfamiliar ones. Step 4: Reset Chrome to default settings if redirects continue.,4,0.39,escalated,True,False,True,general
APP-G-0110,Cannot install required software,Not sure if this is the right place but i need to install Tableau for a data project but do not have admin rights on my machine.,Software & Applications,Low,Sales,information,Software installations require admin privileges. Raise a software installation request through the IT portal with business justification. IT will install within one business day.,1,0.9,satisfied,False,True,False,general
APP-G-0111,Cannot install required software,"Hi, I need to install Tableau for a data project but do not have admin rights on my machine.",Software & Applications,Low,IT,information,Software installations require admin privileges. Raise a software installation request through the IT portal with business justification. IT will install within one business day.,1,0.84,satisfied,False,True,False,general
APP-G-0112,Antivirus blocking a legitimate file,Following up on this issue — the company antivirus is blocking a file I downloaded from our official vendor portal. The file is definitely safe.,Software & Applications,Medium,Marketing,quick_fix,Submit a file whitelist request through the IT security portal attaching the vendor download confirmation email. IT security will review and whitelist within 4 hours.,1,0.54,not_helpful,False,False,True,general
APP-G-0113,Which software does the company have licences for,Urgent - I want to install some design tools but not sure which ones the company has licences for.,Software & Applications,Low,Marketing,information,The licensed software list is on the IT portal under Software Catalogue. For design tools contact your department head for budget approval first then raise a software request through IT.,1,0.9,satisfied,False,False,False,general
APP-G-0114,Antivirus blocking a legitimate file,The company antivirus is blocking a file I downloaded from our official vendor portal. The file is definitely safe.,Software & Applications,Medium,Operations,quick_fix,Submit a file whitelist request through the IT security portal attaching the vendor download confirmation email. IT security will review and whitelist within 4 hours.,1,0.6,satisfied,False,False,True,general
APP-G-0115,Microsoft Word keeps crashing,Word crashes every time I try to open a specific document. It was working fine yesterday. I need this document urgently.,Software & Applications,High,HR,step_by_step,Step 1: Try opening Word in safe mode by holding Ctrl while launching. Step 2: If it opens disable add-ins one by one. Step 3: Run Office Quick Repair from Control Panel. Step 4: If file-specific try opening on a different computer.,4,0.81,satisfied,False,True,False,general
APP-G-0116,Teams calls dropping frequently,Urgent - My Microsoft Teams calls keep dropping after about 5 minutes. My internet seems fine for everything else.,Software & Applications,Medium,HR,step_by_step,Step 1: Check network bandwidth — Teams requires at least 1.5 Mbps for HD video. Step 2: Turn off video during calls to reduce bandwidth. Step 3: Clear Teams cache by deleting AppData/Microsoft/Teams cache folders. Step 4: Update Teams to the latest version.,4,0.91,satisfied,False,True,False,general
APP-G-0117,Zoom camera not working during meetings,Quick question — my camera stopped working in Zoom. Other participants cannot see me. The camera works in Windows camera app but not Zoom.,Software & Applications,Medium,IT,step_by_step,Step 1: In Zoom settings go to Video and check the correct camera is selected. Step 2: Close other apps that might be using the camera. Step 3: Uninstall and reinstall Zoom. Step 4: Update camera drivers from Device Manager.,4,0.87,satisfied,False,True,False,general
APP-G-0118,Which software does the company have licences for,I want to install some design tools but not sure which ones the company has licences for.,Software & Applications,Low,Operations,information,The licensed software list is on the IT portal under Software Catalogue. For design tools contact your department head for budget approval first then raise a software request through IT.,1,0.85,satisfied,False,False,False,general
APP-G-0119,Excel file showing corrupted data,Not sure if this is the right place but i opened an Excel file a colleague sent and all numbers look wrong. The file was fine yesterday.,Software & Applications,High,Finance,step_by_step,Step 1: Try opening on another computer to confirm corruption. Step 2: Use File > Open > Open and Repair in Excel. Step 3: Ask sender to resend the original file. Step 4: Restore from backup if available.,4,0.71,satisfied,False,False,False,general
APP-G-0120,Outlook not syncing emails,Quick question — my Outlook has not received any new emails since this morning. Send/receive is trying but failing.,Software & Applications,High,Operations,step_by_step,Step 1: Check internet connection and VPN. Step 2: Go to Send/Receive tab and click Send/Receive All Folders. Step 3: Check if Outlook is set to Work Offline and toggle it off. Step 4: Remove and re-add the email account if issue persists.,4,0.89,satisfied,False,True,False,general
APP-G-0121,Excel file showing corrupted data,Not sure if this is the right place but i opened an Excel file a colleague sent and all numbers look wrong. The file was fine yesterday.,Software & Applications,Critical,HR,step_by_step,Step 1: Try opening on another computer to confirm corruption. Step 2: Use File > Open > Open and Repair in Excel. Step 3: Ask sender to resend the original file. Step 4: Restore from backup if available.,4,0.7,escalated,True,False,False,general
APP-G-0122,Browser homepage hijacked,"Hi, My Chrome browser is opening a different homepage I did not set and keeps redirecting to unknown websites.",Software & Applications,Critical,Marketing,step_by_step,Step 1: Run a malware scan using company antivirus. Step 2: Go to Chrome Settings and reset the homepage. Step 3: Check installed extensions and remove unfamiliar ones. Step 4: Reset Chrome to default settings if redirects continue.,4,0.49,escalated,True,False,True,general
APP-G-0123,Zoom camera not working during meetings,My camera stopped working in Zoom. Other participants cannot see me. The camera works in Windows camera app but not Zoom.,Software & Applications,Medium,HR,step_by_step,Step 1: In Zoom settings go to Video and check the correct camera is selected. Step 2: Close other apps that might be using the camera. Step 3: Uninstall and reinstall Zoom. Step 4: Update camera drivers from Device Manager.,4,0.95,satisfied,False,True,False,general
APP-G-0124,Teams calls dropping frequently,My Microsoft Teams calls keep dropping after about 5 minutes. My internet seems fine for everything else.,Software & Applications,Medium,Marketing,step_by_step,Step 1: Check network bandwidth — Teams requires at least 1.5 Mbps for HD video. Step 2: Turn off video during calls to reduce bandwidth. Step 3: Clear Teams cache by deleting AppData/Microsoft/Teams cache folders. Step 4: Update Teams to the latest version.,4,0.9,satisfied,False,True,False,general
APP-G-0125,Cannot install required software,This is really frustrating. I need to install Tableau for a data project but do not have admin rights on my machine.,Software & Applications,Low,Operations,information,Software installations require admin privileges. Raise a software installation request through the IT portal with business justification. IT will install within one business day.,1,0.95,satisfied,False,True,False,general
APP-G-0126,Outlook not syncing emails,Quick question — my Outlook has not received any new emails since this morning. Send/receive is trying but failing.,Software & Applications,High,IT,step_by_step,Step 1: Check internet connection and VPN. Step 2: Go to Send/Receive tab and click Send/Receive All Folders. Step 3: Check if Outlook is set to Work Offline and toggle it off. Step 4: Remove and re-add the email account if issue persists.,4,0.97,satisfied,False,True,False,general
APP-G-0127,Excel file showing corrupted data,I have been dealing with this for days. I opened an Excel file a colleague sent and all numbers look wrong. The file was fine yesterday.,Software & Applications,Medium,Operations,step_by_step,Step 1: Try opening on another computer to confirm corruption. Step 2: Use File > Open > Open and Repair in Excel. Step 3: Ask sender to resend the original file. Step 4: Restore from backup if available.,4,0.66,not_helpful,False,False,False,general
APP-G-0128,Microsoft Word keeps crashing,"Hi, Word crashes every time I try to open a specific document. It was working fine yesterday. I need this document urgently.",Software & Applications,Medium,Operations,step_by_step,Step 1: Try opening Word in safe mode by holding Ctrl while launching. Step 2: If it opens disable add-ins one by one. Step 3: Run Office Quick Repair from Control Panel. Step 4: If file-specific try opening on a different computer.,4,0.95,satisfied,False,True,False,general
APP-G-0129,Cannot install required software,"Hi team, i need to install Tableau for a data project but do not have admin rights on my machine.",Software & Applications,Medium,Sales,information,Software installations require admin privileges. Raise a software installation request through the IT portal with business justification. IT will install within one business day.,1,0.93,satisfied,False,True,False,general
APP-G-0130,Cannot install required software,I have been dealing with this for days. I need to install Tableau for a data project but do not have admin rights on my machine.,Software & Applications,Low,Sales,information,Software installations require admin privileges. Raise a software installation request through the IT portal with business justification. IT will install within one business day.,1,0.9,satisfied,False,True,False,general
APP-G-0131,Teams calls dropping frequently,"Hi team, my Microsoft Teams calls keep dropping after about 5 minutes. My internet seems fine for everything else.",Software & Applications,High,Operations,step_by_step,Step 1: Check network bandwidth — Teams requires at least 1.5 Mbps for HD video. Step 2: Turn off video during calls to reduce bandwidth. Step 3: Clear Teams cache by deleting AppData/Microsoft/Teams cache folders. Step 4: Update Teams to the latest version.,4,0.83,not_helpful,False,True,False,general
APP-G-0132,Browser homepage hijacked,This is really frustrating. My Chrome browser is opening a different homepage I did not set and keeps redirecting to unknown websites.,Software & Applications,Medium,Operations,step_by_step,Step 1: Run a malware scan using company antivirus. Step 2: Go to Chrome Settings and reset the homepage. Step 3: Check installed extensions and remove unfamiliar ones. Step 4: Reset Chrome to default settings if redirects continue.,4,0.48,escalated,False,False,True,general
APP-G-0133,Teams calls dropping frequently,"Hello, My Microsoft Teams calls keep dropping after about 5 minutes. My internet seems fine for everything else. Please help.",Software & Applications,Critical,IT,step_by_step,Step 1: Check network bandwidth — Teams requires at least 1.5 Mbps for HD video. Step 2: Turn off video during calls to reduce bandwidth. Step 3: Clear Teams cache by deleting AppData/Microsoft/Teams cache folders. Step 4: Update Teams to the latest version.,4,0.86,escalated,True,True,False,general
APP-G-0134,Which software does the company have licences for,Urgent - I want to install some design tools but not sure which ones the company has licences for.,Software & Applications,Low,Marketing,information,The licensed software list is on the IT portal under Software Catalogue. For design tools contact your department head for budget approval first then raise a software request through IT.,1,0.85,satisfied,False,False,False,general
APP-G-0135,Teams calls dropping frequently,"Hi team, my Microsoft Teams calls keep dropping after about 5 minutes. My internet seems fine for everything else.",Software & Applications,Low,HR,step_by_step,Step 1: Check network bandwidth — Teams requires at least 1.5 Mbps for HD video. Step 2: Turn off video during calls to reduce bandwidth. Step 3: Clear Teams cache by deleting AppData/Microsoft/Teams cache folders. Step 4: Update Teams to the latest version.,4,0.91,satisfied,False,True,False,general
APP-G-0136,Excel file showing corrupted data,Not sure if this is the right place but i opened an Excel file a colleague sent and all numbers look wrong. The file was fine yesterday.,Software & Applications,High,Sales,step_by_step,Step 1: Try opening on another computer to confirm corruption. Step 2: Use File > Open > Open and Repair in Excel. Step 3: Ask sender to resend the original file. Step 4: Restore from backup if available.,4,0.79,satisfied,False,False,False,general
APP-G-0137,Browser homepage hijacked,"Hello, My Chrome browser is opening a different homepage I did not set and keeps redirecting to unknown websites. Please help.",Software & Applications,Medium,IT,step_by_step,Step 1: Run a malware scan using company antivirus. Step 2: Go to Chrome Settings and reset the homepage. Step 3: Check installed extensions and remove unfamiliar ones. Step 4: Reset Chrome to default settings if redirects continue.,4,0.38,escalated,True,False,True,general
APP-G-0138,Browser homepage hijacked,"Hi team, my Chrome browser is opening a different homepage I did not set and keeps redirecting to unknown websites.",Software & Applications,High,Finance,step_by_step,Step 1: Run a malware scan using company antivirus. Step 2: Go to Chrome Settings and reset the homepage. Step 3: Check installed extensions and remove unfamiliar ones. Step 4: Reset Chrome to default settings if redirects continue.,4,0.4,escalated,True,False,True,general
APP-G-0139,Teams calls dropping frequently,My Microsoft Teams calls keep dropping after about 5 minutes. My internet seems fine for everything else.,Software & Applications,Medium,HR,step_by_step,Step 1: Check network bandwidth — Teams requires at least 1.5 Mbps for HD video. Step 2: Turn off video during calls to reduce bandwidth. Step 3: Clear Teams cache by deleting AppData/Microsoft/Teams cache folders. Step 4: Update Teams to the latest version.,4,0.9,satisfied,False,True,False,general
APP-G-0140,Browser homepage hijacked,This is really frustrating. My Chrome browser is opening a different homepage I did not set and keeps redirecting to unknown websites.,Software & Applications,High,IT,step_by_step,Step 1: Run a malware scan using company antivirus. Step 2: Go to Chrome Settings and reset the homepage. Step 3: Check installed extensions and remove unfamiliar ones. Step 4: Reset Chrome to default settings if redirects continue.,4,0.52,escalated,True,False,True,general
APP-G-0141,Microsoft Word keeps crashing,I have been dealing with this for days. Word crashes every time I try to open a specific document. It was working fine yesterday. I need this document urgently.,Software & Applications,Medium,Finance,step_by_step,Step 1: Try opening Word in safe mode by holding Ctrl while launching. Step 2: If it opens disable add-ins one by one. Step 3: Run Office Quick Repair from Control Panel. Step 4: If file-specific try opening on a different computer.,4,0.87,satisfied,False,True,False,general
APP-G-0142,Antivirus blocking a legitimate file,"Hello, The company antivirus is blocking a file I downloaded from our official vendor portal. The file is definitely safe. Please help.",Software & Applications,Medium,Sales,quick_fix,Submit a file whitelist request through the IT security portal attaching the vendor download confirmation email. IT security will review and whitelist within 4 hours.,1,0.47,not_helpful,False,False,True,general
APP-G-0143,Which software does the company have licences for,"Hello, I want to install some design tools but not sure which ones the company has licences for. Please help.",Software & Applications,Low,IT,information,The licensed software list is on the IT portal under Software Catalogue. For design tools contact your department head for budget approval first then raise a software request through IT.,1,0.76,satisfied,False,False,False,general
APP-G-0144,Outlook not syncing emails,Following up on this issue — my Outlook has not received any new emails since this morning. Send/receive is trying but failing.,Software & Applications,Medium,Operations,step_by_step,Step 1: Check internet connection and VPN. Step 2: Go to Send/Receive tab and click Send/Receive All Folders. Step 3: Check if Outlook is set to Work Offline and toggle it off. Step 4: Remove and re-add the email account if issue persists.,4,0.97,satisfied,False,True,False,general
APP-G-0145,Zoom camera not working during meetings,Not sure if this is the right place but my camera stopped working in Zoom. Other participants cannot see me. The camera works in Windows camera app but not Zoom.,Software & Applications,Medium,Sales,step_by_step,Step 1: In Zoom settings go to Video and check the correct camera is selected. Step 2: Close other apps that might be using the camera. Step 3: Uninstall and reinstall Zoom. Step 4: Update camera drivers from Device Manager.,4,0.82,satisfied,False,True,False,general
APP-G-0146,Teams calls dropping frequently,Quick question — my Microsoft Teams calls keep dropping after about 5 minutes. My internet seems fine for everything else.,Software & Applications,High,Finance,step_by_step,Step 1: Check network bandwidth — Teams requires at least 1.5 Mbps for HD video. Step 2: Turn off video during calls to reduce bandwidth. Step 3: Clear Teams cache by deleting AppData/Microsoft/Teams cache folders. Step 4: Update Teams to the latest version.,4,0.86,satisfied,False,True,False,general
APP-G-0147,Excel file showing corrupted data,This is really frustrating. I opened an Excel file a colleague sent and all numbers look wrong. The file was fine yesterday.,Software & Applications,High,Finance,step_by_step,Step 1: Try opening on another computer to confirm corruption. Step 2: Use File > Open > Open and Repair in Excel. Step 3: Ask sender to resend the original file. Step 4: Restore from backup if available.,4,0.84,satisfied,False,False,False,general
APP-G-0148,Teams calls dropping frequently,Following up on this issue — my Microsoft Teams calls keep dropping after about 5 minutes. My internet seems fine for everything else.,Software & Applications,Critical,Operations,step_by_step,Step 1: Check network bandwidth — Teams requires at least 1.5 Mbps for HD video. Step 2: Turn off video during calls to reduce bandwidth. Step 3: Clear Teams cache by deleting AppData/Microsoft/Teams cache folders. Step 4: Update Teams to the latest version.,4,0.85,escalated,True,True,False,general
APP-G-0149,Zoom camera not working during meetings,This is really frustrating. My camera stopped working in Zoom. Other participants cannot see me. The camera works in Windows camera app but not Zoom.,Software & Applications,Medium,HR,step_by_step,Step 1: In Zoom settings go to Video and check the correct camera is selected. Step 2: Close other apps that might be using the camera. Step 3: Uninstall and reinstall Zoom. Step 4: Update camera drivers from Device Manager.,4,0.85,satisfied,False,True,False,general
APP-G-0150,Zoom camera not working during meetings,I have been dealing with this for days. My camera stopped working in Zoom. Other participants cannot see me. The camera works in Windows camera app but not Zoom.,Software & Applications,Medium,HR,step_by_step,Step 1: In Zoom settings go to Video and check the correct camera is selected. Step 2: Close other apps that might be using the camera. Step 3: Uninstall and reinstall Zoom. Step 4: Update camera drivers from Device Manager.,4,0.9,satisfied,False,True,False,general
APP-G-0151,Which software does the company have licences for,"Hi team, i want to install some design tools but not sure which ones the company has licences for.",Software & Applications,Medium,IT,information,The licensed software list is on the IT portal under Software Catalogue. For design tools contact your department head for budget approval first then raise a software request through IT.,1,0.77,not_helpful,False,False,False,general
APP-G-0152,Which software does the company have licences for,Urgent - I want to install some design tools but not sure which ones the company has licences for.,Software & Applications,Low,Marketing,information,The licensed software list is on the IT portal under Software Catalogue. For design tools contact your department head for budget approval first then raise a software request through IT.,1,0.79,satisfied,False,False,False,general
APP-G-0153,Teams calls dropping frequently,Following up on this issue — my Microsoft Teams calls keep dropping after about 5 minutes. My internet seems fine for everything else.,Software & Applications,High,Operations,step_by_step,Step 1: Check network bandwidth — Teams requires at least 1.5 Mbps for HD video. Step 2: Turn off video during calls to reduce bandwidth. Step 3: Clear Teams cache by deleting AppData/Microsoft/Teams cache folders. Step 4: Update Teams to the latest version.,4,0.81,not_helpful,False,True,False,general
APP-G-0154,Teams calls dropping frequently,Not sure if this is the right place but my Microsoft Teams calls keep dropping after about 5 minutes. My internet seems fine for everything else.,Software & Applications,Medium,Operations,step_by_step,Step 1: Check network bandwidth — Teams requires at least 1.5 Mbps for HD video. Step 2: Turn off video during calls to reduce bandwidth. Step 3: Clear Teams cache by deleting AppData/Microsoft/Teams cache folders. Step 4: Update Teams to the latest version.,4,0.97,satisfied,False,True,False,general
APP-G-0155,Microsoft Word keeps crashing,I have been dealing with this for days. Word crashes every time I try to open a specific document. It was working fine yesterday. I need this document urgently.,Software & Applications,High,Operations,step_by_step,Step 1: Try opening Word in safe mode by holding Ctrl while launching. Step 2: If it opens disable add-ins one by one. Step 3: Run Office Quick Repair from Control Panel. Step 4: If file-specific try opening on a different computer.,4,0.86,satisfied,False,True,False,general
APP-G-0156,Outlook not syncing emails,Urgent - My Outlook has not received any new emails since this morning. Send/receive is trying but failing.,Software & Applications,Medium,Marketing,step_by_step,Step 1: Check internet connection and VPN. Step 2: Go to Send/Receive tab and click Send/Receive All Folders. Step 3: Check if Outlook is set to Work Offline and toggle it off. Step 4: Remove and re-add the email account if issue persists.,4,0.84,satisfied,False,True,False,general
APP-G-0157,Microsoft Word keeps crashing,This is really frustrating. Word crashes every time I try to open a specific document. It was working fine yesterday. I need this document urgently.,Software & Applications,Medium,IT,step_by_step,Step 1: Try opening Word in safe mode by holding Ctrl while launching. Step 2: If it opens disable add-ins one by one. Step 3: Run Office Quick Repair from Control Panel. Step 4: If file-specific try opening on a different computer.,4,0.92,satisfied,False,True,False,general
APP-G-0158,Outlook not syncing emails,I have been dealing with this for days. My Outlook has not received any new emails since this morning. Send/receive is trying but failing.,Software & Applications,Low,Operations,step_by_step,Step 1: Check internet connection and VPN. Step 2: Go to Send/Receive tab and click Send/Receive All Folders. Step 3: Check if Outlook is set to Work Offline and toggle it off. Step 4: Remove and re-add the email account if issue persists.,4,0.85,satisfied,False,True,False,general
APP-G-0159,Zoom camera not working during meetings,Quick question — my camera stopped working in Zoom. Other participants cannot see me. The camera works in Windows camera app but not Zoom.,Software & Applications,Medium,Marketing,step_by_step,Step 1: In Zoom settings go to Video and check the correct camera is selected. Step 2: Close other apps that might be using the camera. Step 3: Uninstall and reinstall Zoom. Step 4: Update camera drivers from Device Manager.,4,0.87,satisfied,False,True,False,general
APP-G-0160,Antivirus blocking a legitimate file,"Hello, The company antivirus is blocking a file I downloaded from our official vendor portal. The file is definitely safe. Please help.",Software & Applications,Medium,IT,quick_fix,Submit a file whitelist request through the IT security portal attaching the vendor download confirmation email. IT security will review and whitelist within 4 hours.,1,0.62,satisfied,False,False,True,general
APP-G-0161,Outlook not syncing emails,"Hello, My Outlook has not received any new emails since this morning. Send/receive is trying but failing. Please help.",Software & Applications,Medium,Sales,step_by_step,Step 1: Check internet connection and VPN. Step 2: Go to Send/Receive tab and click Send/Receive All Folders. Step 3: Check if Outlook is set to Work Offline and toggle it off. Step 4: Remove and re-add the email account if issue persists.,4,0.97,satisfied,False,True,False,general
APP-G-0162,Which software does the company have licences for,"Hi team, i want to install some design tools but not sure which ones the company has licences for.",Software & Applications,Medium,IT,information,The licensed software list is on the IT portal under Software Catalogue. For design tools contact your department head for budget approval first then raise a software request through IT.,1,0.85,satisfied,False,False,False,general
APP-G-0163,Which software does the company have licences for,"Hi team, i want to install some design tools but not sure which ones the company has licences for.",Software & Applications,Low,HR,information,The licensed software list is on the IT portal under Software Catalogue. For design tools contact your department head for budget approval first then raise a software request through IT.,1,0.79,not_helpful,False,False,False,general
APP-G-0164,Browser homepage hijacked,Urgent - My Chrome browser is opening a different homepage I did not set and keeps redirecting to unknown websites.,Software & Applications,High,Marketing,step_by_step,Step 1: Run a malware scan using company antivirus. Step 2: Go to Chrome Settings and reset the homepage. Step 3: Check installed extensions and remove unfamiliar ones. Step 4: Reset Chrome to default settings if redirects continue.,4,0.54,escalated,True,False,True,general
APP-G-0165,Zoom camera not working during meetings,Not sure if this is the right place but my camera stopped working in Zoom. Other participants cannot see me. The camera works in Windows camera app but not Zoom.,Software & Applications,Medium,IT,step_by_step,Step 1: In Zoom settings go to Video and check the correct camera is selected. Step 2: Close other apps that might be using the camera. Step 3: Uninstall and reinstall Zoom. Step 4: Update camera drivers from Device Manager.,4,0.9,satisfied,False,True,False,general
APP-G-0166,Zoom camera not working during meetings,Not sure if this is the right place but my camera stopped working in Zoom. Other participants cannot see me. The camera works in Windows camera app but not Zoom.,Software & Applications,High,IT,step_by_step,Step 1: In Zoom settings go to Video and check the correct camera is selected. Step 2: Close other apps that might be using the camera. Step 3: Uninstall and reinstall Zoom. Step 4: Update camera drivers from Device Manager.,4,0.91,satisfied,False,True,False,general
APP-G-0167,Microsoft Word keeps crashing,Not sure if this is the right place but word crashes every time I try to open a specific document. It was working fine yesterday. I need this document urgently.,Software & Applications,High,IT,step_by_step,Step 1: Try opening Word in safe mode by holding Ctrl while launching. Step 2: If it opens disable add-ins one by one. Step 3: Run Office Quick Repair from Control Panel. Step 4: If file-specific try opening on a different computer.,4,0.96,satisfied,False,True,False,general
APP-G-0168,Microsoft Word keeps crashing,"Hi team, word crashes every time I try to open a specific document. It was working fine yesterday. I need this document urgently.",Software & Applications,High,Operations,step_by_step,Step 1: Try opening Word in safe mode by holding Ctrl while launching. Step 2: If it opens disable add-ins one by one. Step 3: Run Office Quick Repair from Control Panel. Step 4: If file-specific try opening on a different computer.,4,0.84,satisfied,False,True,False,general
APP-G-0169,Outlook not syncing emails,"Hi, My Outlook has not received any new emails since this morning. Send/receive is trying but failing.",Software & Applications,High,IT,step_by_step,Step 1: Check internet connection and VPN. Step 2: Go to Send/Receive tab and click Send/Receive All Folders. Step 3: Check if Outlook is set to Work Offline and toggle it off. Step 4: Remove and re-add the email account if issue persists.,4,0.9,satisfied,False,True,False,general
APP-G-0170,Outlook not syncing emails,This is really frustrating. My Outlook has not received any new emails since this morning. Send/receive is trying but failing.,Software & Applications,Medium,Operations,step_by_step,Step 1: Check internet connection and VPN. Step 2: Go to Send/Receive tab and click Send/Receive All Folders. Step 3: Check if Outlook is set to Work Offline and toggle it off. Step 4: Remove and re-add the email account if issue persists.,4,0.96,satisfied,False,True,False,general
APP-G-0171,Teams calls dropping frequently,Following up on this issue — my Microsoft Teams calls keep dropping after about 5 minutes. My internet seems fine for everything else.,Software & Applications,Medium,Operations,step_by_step,Step 1: Check network bandwidth — Teams requires at least 1.5 Mbps for HD video. Step 2: Turn off video during calls to reduce bandwidth. Step 3: Clear Teams cache by deleting AppData/Microsoft/Teams cache folders. Step 4: Update Teams to the latest version.,4,0.91,satisfied,False,True,False,general
APP-G-0172,Cannot install required software,Quick question — i need to install Tableau for a data project but do not have admin rights on my machine.,Software & Applications,Medium,Operations,information,Software installations require admin privileges. Raise a software installation request through the IT portal with business justification. IT will install within one business day.,1,0.93,satisfied,False,True,False,general
APP-G-0173,Outlook not syncing emails,"Hi team, my Outlook has not received any new emails since this morning. Send/receive is trying but failing.",Software & Applications,Medium,Finance,step_by_step,Step 1: Check internet connection and VPN. Step 2: Go to Send/Receive tab and click Send/Receive All Folders. Step 3: Check if Outlook is set to Work Offline and toggle it off. Step 4: Remove and re-add the email account if issue persists.,4,0.86,satisfied,False,True,False,general
APP-G-0174,Browser homepage hijacked,Not sure if this is the right place but my Chrome browser is opening a different homepage I did not set and keeps redirecting to unknown websites.,Software & Applications,High,Operations,step_by_step,Step 1: Run a malware scan using company antivirus. Step 2: Go to Chrome Settings and reset the homepage. Step 3: Check installed extensions and remove unfamiliar ones. Step 4: Reset Chrome to default settings if redirects continue.,4,0.5,escalated,True,False,True,general
APP-G-0175,Cannot install required software,I have been dealing with this for days. I need to install Tableau for a data project but do not have admin rights on my machine.,Software & Applications,Low,Marketing,information,Software installations require admin privileges. Raise a software installation request through the IT portal with business justification. IT will install within one business day.,1,0.88,satisfied,False,True,False,general
APP-G-0176,Cannot install required software,This is really frustrating. I need to install Tableau for a data project but do not have admin rights on my machine.,Software & Applications,Low,IT,information,Software installations require admin privileges. Raise a software installation request through the IT portal with business justification. IT will install within one business day.,1,0.89,satisfied,False,True,False,general
APP-G-0177,Microsoft Word keeps crashing,"Hi, Word crashes every time I try to open a specific document. It was working fine yesterday. I need this document urgently.",Software & Applications,High,IT,step_by_step,Step 1: Try opening Word in safe mode by holding Ctrl while launching. Step 2: If it opens disable add-ins one by one. Step 3: Run Office Quick Repair from Control Panel. Step 4: If file-specific try opening on a different computer.,4,0.97,satisfied,False,True,False,general
APP-G-0178,Antivirus blocking a legitimate file,Not sure if this is the right place but the company antivirus is blocking a file I downloaded from our official vendor portal. The file is definitely safe.,Software & Applications,Medium,Marketing,quick_fix,Submit a file whitelist request through the IT security portal attaching the vendor download confirmation email. IT security will review and whitelist within 4 hours.,1,0.5,not_helpful,False,False,True,general
APP-G-0179,Which software does the company have licences for,"Hi, I want to install some design tools but not sure which ones the company has licences for.",Software & Applications,Low,Sales,information,The licensed software list is on the IT portal under Software Catalogue. For design tools contact your department head for budget approval first then raise a software request through IT.,1,0.74,satisfied,False,False,False,general
APP-G-0180,Microsoft Word keeps crashing,Following up on this issue — word crashes every time I try to open a specific document. It was working fine yesterday. I need this document urgently.,Software & Applications,Medium,Operations,step_by_step,Step 1: Try opening Word in safe mode by holding Ctrl while launching. Step 2: If it opens disable add-ins one by one. Step 3: Run Office Quick Repair from Control Panel. Step 4: If file-specific try opening on a different computer.,4,0.9,satisfied,False,True,False,general
APP-G-0181,Which software does the company have licences for,I have been dealing with this for days. I want to install some design tools but not sure which ones the company has licences for.,Software & Applications,Low,Sales,information,The licensed software list is on the IT portal under Software Catalogue. For design tools contact your department head for budget approval first then raise a software request through IT.,1,0.75,satisfied,False,False,False,general
APP-G-0182,Antivirus blocking a legitimate file,Following up on this issue — the company antivirus is blocking a file I downloaded from our official vendor portal. The file is definitely safe.,Software & Applications,High,Operations,quick_fix,Submit a file whitelist request through the IT security portal attaching the vendor download confirmation email. IT security will review and whitelist within 4 hours.,1,0.39,escalated,True,False,True,general
APP-G-0183,Zoom camera not working during meetings,"Hi, My camera stopped working in Zoom. Other participants cannot see me. The camera works in Windows camera app but not Zoom.",Software & Applications,Critical,Sales,step_by_step,Step 1: In Zoom settings go to Video and check the correct camera is selected. Step 2: Close other apps that might be using the camera. Step 3: Uninstall and reinstall Zoom. Step 4: Update camera drivers from Device Manager.,4,0.82,escalated,True,True,False,general
APP-G-0184,Microsoft Word keeps crashing,Following up on this issue — word crashes every time I try to open a specific document. It was working fine yesterday. I need this document urgently.,Software & Applications,Medium,HR,step_by_step,Step 1: Try opening Word in safe mode by holding Ctrl while launching. Step 2: If it opens disable add-ins one by one. Step 3: Run Office Quick Repair from Control Panel. Step 4: If file-specific try opening on a different computer.,4,0.86,satisfied,False,True,False,general
APP-G-0185,Zoom camera not working during meetings,Quick question — my camera stopped working in Zoom. Other participants cannot see me. The camera works in Windows camera app but not Zoom.,Software & Applications,Medium,Marketing,step_by_step,Step 1: In Zoom settings go to Video and check the correct camera is selected. Step 2: Close other apps that might be using the camera. Step 3: Uninstall and reinstall Zoom. Step 4: Update camera drivers from Device Manager.,4,0.93,satisfied,False,True,False,general
APP-G-0186,Teams calls dropping frequently,"Hi, My Microsoft Teams calls keep dropping after about 5 minutes. My internet seems fine for everything else.",Software & Applications,Medium,HR,step_by_step,Step 1: Check network bandwidth — Teams requires at least 1.5 Mbps for HD video. Step 2: Turn off video during calls to reduce bandwidth. Step 3: Clear Teams cache by deleting AppData/Microsoft/Teams cache folders. Step 4: Update Teams to the latest version.,4,0.83,satisfied,False,True,False,general
APP-G-0187,Browser homepage hijacked,Urgent - My Chrome browser is opening a different homepage I did not set and keeps redirecting to unknown websites.,Software & Applications,High,Sales,step_by_step,Step 1: Run a malware scan using company antivirus. Step 2: Go to Chrome Settings and reset the homepage. Step 3: Check installed extensions and remove unfamiliar ones. Step 4: Reset Chrome to default settings if redirects continue.,4,0.52,escalated,True,False,True,general
APP-G-0188,Excel file showing corrupted data,"Hi team, i opened an Excel file a colleague sent and all numbers look wrong. The file was fine yesterday.",Software & Applications,High,Finance,step_by_step,Step 1: Try opening on another computer to confirm corruption. Step 2: Use File > Open > Open and Repair in Excel. Step 3: Ask sender to resend the original file. Step 4: Restore from backup if available.,4,0.7,not_helpful,False,False,False,general
APP-G-0189,Teams calls dropping frequently,Urgent - My Microsoft Teams calls keep dropping after about 5 minutes. My internet seems fine for everything else.,Software & Applications,High,Marketing,step_by_step,Step 1: Check network bandwidth — Teams requires at least 1.5 Mbps for HD video. Step 2: Turn off video during calls to reduce bandwidth. Step 3: Clear Teams cache by deleting AppData/Microsoft/Teams cache folders. Step 4: Update Teams to the latest version.,4,0.98,satisfied,False,True,False,general
APP-G-0190,Cannot install required software,Not sure if this is the right place but i need to install Tableau for a data project but do not have admin rights on my machine.,Software & Applications,Low,IT,information,Software installations require admin privileges. Raise a software installation request through the IT portal with business justification. IT will install within one business day.,1,0.93,satisfied,False,True,False,general
APP-G-0191,Cannot install required software,Following up on this issue — i need to install Tableau for a data project but do not have admin rights on my machine.,Software & Applications,Low,HR,information,Software installations require admin privileges. Raise a software installation request through the IT portal with business justification. IT will install within one business day.,1,0.85,satisfied,False,True,False,general
APP-G-0192,Outlook not syncing emails,This is really frustrating. My Outlook has not received any new emails since this morning. Send/receive is trying but failing.,Software & Applications,Medium,IT,step_by_step,Step 1: Check internet connection and VPN. Step 2: Go to Send/Receive tab and click Send/Receive All Folders. Step 3: Check if Outlook is set to Work Offline and toggle it off. Step 4: Remove and re-add the email account if issue persists.,4,0.93,satisfied,False,True,False,general
APP-G-0193,Which software does the company have licences for,"Hi team, i want to install some design tools but not sure which ones the company has licences for.",Software & Applications,Low,Marketing,information,The licensed software list is on the IT portal under Software Catalogue. For design tools contact your department head for budget approval first then raise a software request through IT.,1,0.72,not_helpful,False,False,False,general
APP-G-0194,Which software does the company have licences for,I have been dealing with this for days. I want to install some design tools but not sure which ones the company has licences for.,Software & Applications,Low,IT,information,The licensed software list is on the IT portal under Software Catalogue. For design tools contact your department head for budget approval first then raise a software request through IT.,1,0.89,not_helpful,False,False,False,general
APP-G-0195,Zoom camera not working during meetings,Following up on this issue — my camera stopped working in Zoom. Other participants cannot see me. The camera works in Windows camera app but not Zoom.,Software & Applications,Critical,Sales,step_by_step,Step 1: In Zoom settings go to Video and check the correct camera is selected. Step 2: Close other apps that might be using the camera. Step 3: Uninstall and reinstall Zoom. Step 4: Update camera drivers from Device Manager.,4,0.95,escalated,True,True,False,general
APP-G-0196,Browser homepage hijacked,Quick question — my Chrome browser is opening a different homepage I did not set and keeps redirecting to unknown websites.,Software & Applications,Critical,Finance,step_by_step,Step 1: Run a malware scan using company antivirus. Step 2: Go to Chrome Settings and reset the homepage. Step 3: Check installed extensions and remove unfamiliar ones. Step 4: Reset Chrome to default settings if redirects continue.,4,0.46,escalated,True,False,True,general
APP-G-0197,Which software does the company have licences for,I want to install some design tools but not sure which ones the company has licences for.,Software & Applications,Medium,HR,information,The licensed software list is on the IT portal under Software Catalogue. For design tools contact your department head for budget approval first then raise a software request through IT.,1,0.93,not_helpful,False,False,False,general
APP-G-0198,Which software does the company have licences for,Following up on this issue — i want to install some design tools but not sure which ones the company has licences for.,Software & Applications,Low,HR,information,The licensed software list is on the IT portal under Software Catalogue. For design tools contact your department head for budget approval first then raise a software request through IT.,1,0.94,satisfied,False,False,False,general
APP-G-0199,Teams calls dropping frequently,"Hello, My Microsoft Teams calls keep dropping after about 5 minutes. My internet seems fine for everything else. Please help.",Software & Applications,Medium,Finance,step_by_step,Step 1: Check network bandwidth — Teams requires at least 1.5 Mbps for HD video. Step 2: Turn off video during calls to reduce bandwidth. Step 3: Clear Teams cache by deleting AppData/Microsoft/Teams cache folders. Step 4: Update Teams to the latest version.,4,0.92,satisfied,False,True,False,general
APP-G-0200,Excel file showing corrupted data,Urgent - I opened an Excel file a colleague sent and all numbers look wrong. The file was fine yesterday.,Software & Applications,Medium,HR,step_by_step,Step 1: Try opening on another computer to confirm corruption. Step 2: Use File > Open > Open and Repair in Excel. Step 3: Ask sender to resend the original file. Step 4: Restore from backup if available.,4,0.72,satisfied,False,False,False,general
APP-E-0001,Stock ledger showing negative stock,Not sure if this is the right place but eRPNext is showing negative stock for several items in our main warehouse. This should not be possible.,Software & Applications,High,Marketing,step_by_step,Step 1: Run Stock Ledger report filtered by affected items. Step 2: Identify transactions that caused negative stock — usually backdated entries. Step 3: Make a stock reconciliation entry to correct balances. Step 4: Enable Raise Error for Negative Stock setting.,4,0.8,not_helpful,False,False,False,erp
APP-E-0002,ERPNext Purchase Order form not saving,Urgent - When I try to save a Purchase Order in ERPNext it shows a validation error but does not say what is wrong.,Software & Applications,High,Operations,step_by_step,Step 1: Check the browser console (F12) for specific error messages. Step 2: Ensure all mandatory fields including Delivery Date and Supplier are filled. Step 3: Check item rates have correct UOM. Step 4: Try in a different browser to rule out cache issues.,4,0.8,satisfied,False,True,False,erp
APP-E-0003,Sales Invoice not generating automatically,This is really frustrating. Sales invoices are not being auto-generated from Sales Orders. This was working last week. Finance is waiting.,Software & Applications,High,HR,step_by_step,Step 1: Check Sales Order status is Submitted — auto-invoicing only works on submitted orders. Step 2: Verify customer payment terms allow automatic invoicing. Step 3: Check ERPNext scheduler is running with bench doctor. Step 4: Manually trigger from Sales Order if urgent.,4,0.74,satisfied,False,False,False,erp
APP-E-0004,Stock ledger showing negative stock,"Hi team, eRPNext is showing negative stock for several items in our main warehouse. This should not be possible.",Software & Applications,High,Marketing,step_by_step,Step 1: Run Stock Ledger report filtered by affected items. Step 2: Identify transactions that caused negative stock — usually backdated entries. Step 3: Make a stock reconciliation entry to correct balances. Step 4: Enable Raise Error for Negative Stock setting.,4,0.75,satisfied,False,False,False,erp
APP-E-0005,ERPNext Purchase Order form not saving,Not sure if this is the right place but when I try to save a Purchase Order in ERPNext it shows a validation error but does not say what is wrong.,Software & Applications,Medium,Finance,step_by_step,Step 1: Check the browser console (F12) for specific error messages. Step 2: Ensure all mandatory fields including Delivery Date and Supplier are filled. Step 3: Check item rates have correct UOM. Step 4: Try in a different browser to rule out cache issues.,4,0.87,satisfied,False,True,False,erp
APP-E-0006,Sales Invoice not generating automatically,Urgent - Sales invoices are not being auto-generated from Sales Orders. This was working last week. Finance is waiting.,Software & Applications,Medium,IT,step_by_step,Step 1: Check Sales Order status is Submitted — auto-invoicing only works on submitted orders. Step 2: Verify customer payment terms allow automatic invoicing. Step 3: Check ERPNext scheduler is running with bench doctor. Step 4: Manually trigger from Sales Order if urgent.,4,0.76,satisfied,False,False,False,erp
APP-E-0007,HR Payroll processing throwing errors,Urgent - ERPNext is throwing a component calculation error when running payroll for this month. We need to process by end of day.,Software & Applications,Critical,IT,step_by_step,Step 1: Identify employee records causing error from the error log. Step 2: Check salary structures are correctly assigned to all employees. Step 3: Verify all attendance records for the period are marked. Step 4: Re-run payroll after fixing employee-specific issues.,4,0.58,escalated,True,False,False,erp
APP-E-0008,ERPNext custom report not loading,"Hi team, a custom report we use every week is giving a script error and not loading. We need it for Monday morning review.",Software & Applications,High,Finance,step_by_step,Step 1: Check the report script in Report Builder for syntax errors. Step 2: Run report in debug mode to identify the failing line. Step 3: Check if any linked DocType fields have been renamed. Step 4: Restore previous version from version history.,4,0.82,satisfied,False,False,False,erp
APP-E-0009,ERPNext Purchase Order form not saving,This is really frustrating. When I try to save a Purchase Order in ERPNext it shows a validation error but does not say what is wrong.,Software & Applications,Medium,Finance,step_by_step,Step 1: Check the browser console (F12) for specific error messages. Step 2: Ensure all mandatory fields including Delivery Date and Supplier are filled. Step 3: Check item rates have correct UOM. Step 4: Try in a different browser to rule out cache issues.,4,0.87,not_helpful,False,True,False,erp
APP-E-0010,Sales Invoice not generating automatically,Quick question — sales invoices are not being auto-generated from Sales Orders. This was working last week. Finance is waiting.,Software & Applications,High,Marketing,step_by_step,Step 1: Check Sales Order status is Submitted — auto-invoicing only works on submitted orders. Step 2: Verify customer payment terms allow automatic invoicing. Step 3: Check ERPNext scheduler is running with bench doctor. Step 4: Manually trigger from Sales Order if urgent.,4,0.67,satisfied,False,False,False,erp
APP-E-0011,ERPNext custom report not loading,"Hello, A custom report we use every week is giving a script error and not loading. We need it for Monday morning review. Please help.",Software & Applications,High,Finance,step_by_step,Step 1: Check the report script in Report Builder for syntax errors. Step 2: Run report in debug mode to identify the failing line. Step 3: Check if any linked DocType fields have been renamed. Step 4: Restore previous version from version history.,4,0.84,satisfied,False,False,False,erp
APP-E-0012,ERPNext custom report not loading,A custom report we use every week is giving a script error and not loading. We need it for Monday morning review.,Software & Applications,High,Finance,step_by_step,Step 1: Check the report script in Report Builder for syntax errors. Step 2: Run report in debug mode to identify the failing line. Step 3: Check if any linked DocType fields have been renamed. Step 4: Restore previous version from version history.,4,0.69,satisfied,False,False,False,erp
APP-E-0013,Stock ledger showing negative stock,"Hi team, eRPNext is showing negative stock for several items in our main warehouse. This should not be possible.",Software & Applications,High,Operations,step_by_step,Step 1: Run Stock Ledger report filtered by affected items. Step 2: Identify transactions that caused negative stock — usually backdated entries. Step 3: Make a stock reconciliation entry to correct balances. Step 4: Enable Raise Error for Negative Stock setting.,4,0.7,satisfied,False,False,False,erp
APP-E-0014,ERPNext Purchase Order form not saving,Urgent - When I try to save a Purchase Order in ERPNext it shows a validation error but does not say what is wrong.,Software & Applications,Critical,IT,step_by_step,Step 1: Check the browser console (F12) for specific error messages. Step 2: Ensure all mandatory fields including Delivery Date and Supplier are filled. Step 3: Check item rates have correct UOM. Step 4: Try in a different browser to rule out cache issues.,4,0.97,escalated,True,True,False,erp
APP-E-0015,ERPNext custom report not loading,Following up on this issue — a custom report we use every week is giving a script error and not loading. We need it for Monday morning review.,Software & Applications,High,HR,step_by_step,Step 1: Check the report script in Report Builder for syntax errors. Step 2: Run report in debug mode to identify the failing line. Step 3: Check if any linked DocType fields have been renamed. Step 4: Restore previous version from version history.,4,0.76,satisfied,False,False,False,erp
APP-E-0016,ERPNext Purchase Order form not saving,When I try to save a Purchase Order in ERPNext it shows a validation error but does not say what is wrong.,Software & Applications,Medium,IT,step_by_step,Step 1: Check the browser console (F12) for specific error messages. Step 2: Ensure all mandatory fields including Delivery Date and Supplier are filled. Step 3: Check item rates have correct UOM. Step 4: Try in a different browser to rule out cache issues.,4,0.8,satisfied,False,True,False,erp
APP-E-0017,ERPNext custom report not loading,Not sure if this is the right place but a custom report we use every week is giving a script error and not loading. We need it for Monday morning review.,Software & Applications,High,Marketing,step_by_step,Step 1: Check the report script in Report Builder for syntax errors. Step 2: Run report in debug mode to identify the failing line. Step 3: Check if any linked DocType fields have been renamed. Step 4: Restore previous version from version history.,4,0.79,not_helpful,False,False,False,erp
APP-E-0018,Stock ledger showing negative stock,"Hello, ERPNext is showing negative stock for several items in our main warehouse. This should not be possible. Please help.",Software & Applications,Medium,HR,step_by_step,Step 1: Run Stock Ledger report filtered by affected items. Step 2: Identify transactions that caused negative stock — usually backdated entries. Step 3: Make a stock reconciliation entry to correct balances. Step 4: Enable Raise Error for Negative Stock setting.,4,0.76,satisfied,False,False,False,erp
APP-E-0019,HR Payroll processing throwing errors,Urgent - ERPNext is throwing a component calculation error when running payroll for this month. We need to process by end of day.,Software & Applications,Critical,Operations,step_by_step,Step 1: Identify employee records causing error from the error log. Step 2: Check salary structures are correctly assigned to all employees. Step 3: Verify all attendance records for the period are marked. Step 4: Re-run payroll after fixing employee-specific issues.,4,0.66,escalated,True,False,False,erp
APP-E-0020,HR Payroll processing throwing errors,"Hi team, eRPNext is throwing a component calculation error when running payroll for this month. We need to process by end of day.",Software & Applications,Critical,Sales,step_by_step,Step 1: Identify employee records causing error from the error log. Step 2: Check salary structures are correctly assigned to all employees. Step 3: Verify all attendance records for the period are marked. Step 4: Re-run payroll after fixing employee-specific issues.,4,0.58,escalated,True,False,False,erp
APP-E-0021,Stock ledger showing negative stock,"Hi team, eRPNext is showing negative stock for several items in our main warehouse. This should not be possible.",Software & Applications,High,IT,step_by_step,Step 1: Run Stock Ledger report filtered by affected items. Step 2: Identify transactions that caused negative stock — usually backdated entries. Step 3: Make a stock reconciliation entry to correct balances. Step 4: Enable Raise Error for Negative Stock setting.,4,0.82,satisfied,False,False,False,erp
APP-E-0022,ERPNext Purchase Order form not saving,Urgent - When I try to save a Purchase Order in ERPNext it shows a validation error but does not say what is wrong.,Software & Applications,Medium,HR,step_by_step,Step 1: Check the browser console (F12) for specific error messages. Step 2: Ensure all mandatory fields including Delivery Date and Supplier are filled. Step 3: Check item rates have correct UOM. Step 4: Try in a different browser to rule out cache issues.,4,0.91,satisfied,False,True,False,erp
APP-E-0023,ERPNext Purchase Order form not saving,This is really frustrating. When I try to save a Purchase Order in ERPNext it shows a validation error but does not say what is wrong.,Software & Applications,High,Operations,step_by_step,Step 1: Check the browser console (F12) for specific error messages. Step 2: Ensure all mandatory fields including Delivery Date and Supplier are filled. Step 3: Check item rates have correct UOM. Step 4: Try in a different browser to rule out cache issues.,4,0.93,satisfied,False,True,False,erp
APP-E-0024,ERPNext custom report not loading,Urgent - A custom report we use every week is giving a script error and not loading. We need it for Monday morning review.,Software & Applications,High,Marketing,step_by_step,Step 1: Check the report script in Report Builder for syntax errors. Step 2: Run report in debug mode to identify the failing line. Step 3: Check if any linked DocType fields have been renamed. Step 4: Restore previous version from version history.,4,0.79,satisfied,False,False,False,erp
APP-E-0025,HR Payroll processing throwing errors,ERPNext is throwing a component calculation error when running payroll for this month. We need to process by end of day.,Software & Applications,Critical,Sales,step_by_step,Step 1: Identify employee records causing error from the error log. Step 2: Check salary structures are correctly assigned to all employees. Step 3: Verify all attendance records for the period are marked. Step 4: Re-run payroll after fixing employee-specific issues.,4,0.45,escalated,True,False,False,erp
APP-E-0026,Stock ledger showing negative stock,Quick question — eRPNext is showing negative stock for several items in our main warehouse. This should not be possible.,Software & Applications,High,Marketing,step_by_step,Step 1: Run Stock Ledger report filtered by affected items. Step 2: Identify transactions that caused negative stock — usually backdated entries. Step 3: Make a stock reconciliation entry to correct balances. Step 4: Enable Raise Error for Negative Stock setting.,4,0.66,satisfied,False,False,False,erp
APP-E-0027,ERPNext Purchase Order form not saving,Quick question — when I try to save a Purchase Order in ERPNext it shows a validation error but does not say what is wrong.,Software & Applications,Medium,Finance,step_by_step,Step 1: Check the browser console (F12) for specific error messages. Step 2: Ensure all mandatory fields including Delivery Date and Supplier are filled. Step 3: Check item rates have correct UOM. Step 4: Try in a different browser to rule out cache issues.,4,0.89,satisfied,False,True,False,erp
APP-E-0028,HR Payroll processing throwing errors,Quick question — eRPNext is throwing a component calculation error when running payroll for this month. We need to process by end of day.,Software & Applications,Critical,Marketing,step_by_step,Step 1: Identify employee records causing error from the error log. Step 2: Check salary structures are correctly assigned to all employees. Step 3: Verify all attendance records for the period are marked. Step 4: Re-run payroll after fixing employee-specific issues.,4,0.62,escalated,True,False,False,erp
APP-E-0029,ERPNext Purchase Order form not saving,When I try to save a Purchase Order in ERPNext it shows a validation error but does not say what is wrong.,Software & Applications,Medium,Finance,step_by_step,Step 1: Check the browser console (F12) for specific error messages. Step 2: Ensure all mandatory fields including Delivery Date and Supplier are filled. Step 3: Check item rates have correct UOM. Step 4: Try in a different browser to rule out cache issues.,4,0.89,satisfied,False,True,False,erp
APP-E-0030,ERPNext Purchase Order form not saving,When I try to save a Purchase Order in ERPNext it shows a validation error but does not say what is wrong.,Software & Applications,Medium,Operations,step_by_step,Step 1: Check the browser console (F12) for specific error messages. Step 2: Ensure all mandatory fields including Delivery Date and Supplier are filled. Step 3: Check item rates have correct UOM. Step 4: Try in a different browser to rule out cache issues.,4,0.87,satisfied,False,True,False,erp
APP-E-0031,Stock ledger showing negative stock,This is really frustrating. ERPNext is showing negative stock for several items in our main warehouse. This should not be possible.,Software & Applications,High,Sales,step_by_step,Step 1: Run Stock Ledger report filtered by affected items. Step 2: Identify transactions that caused negative stock — usually backdated entries. Step 3: Make a stock reconciliation entry to correct balances. Step 4: Enable Raise Error for Negative Stock setting.,4,0.7,not_helpful,False,False,False,erp
APP-E-0032,ERPNext Purchase Order form not saving,When I try to save a Purchase Order in ERPNext it shows a validation error but does not say what is wrong.,Software & Applications,Medium,Finance,step_by_step,Step 1: Check the browser console (F12) for specific error messages. Step 2: Ensure all mandatory fields including Delivery Date and Supplier are filled. Step 3: Check item rates have correct UOM. Step 4: Try in a different browser to rule out cache issues.,4,0.82,satisfied,False,True,False,erp
APP-E-0033,Sales Invoice not generating automatically,Not sure if this is the right place but sales invoices are not being auto-generated from Sales Orders. This was working last week. Finance is waiting.,Software & Applications,Critical,HR,step_by_step,Step 1: Check Sales Order status is Submitted — auto-invoicing only works on submitted orders. Step 2: Verify customer payment terms allow automatic invoicing. Step 3: Check ERPNext scheduler is running with bench doctor. Step 4: Manually trigger from Sales Order if urgent.,4,0.85,escalated,True,False,False,erp
APP-E-0034,Stock ledger showing negative stock,"Hello, ERPNext is showing negative stock for several items in our main warehouse. This should not be possible. Please help.",Software & Applications,Critical,Sales,step_by_step,Step 1: Run Stock Ledger report filtered by affected items. Step 2: Identify transactions that caused negative stock — usually backdated entries. Step 3: Make a stock reconciliation entry to correct balances. Step 4: Enable Raise Error for Negative Stock setting.,4,0.8,escalated,True,False,False,erp
APP-E-0035,ERPNext Purchase Order form not saving,Quick question — when I try to save a Purchase Order in ERPNext it shows a validation error but does not say what is wrong.,Software & Applications,Medium,Sales,step_by_step,Step 1: Check the browser console (F12) for specific error messages. Step 2: Ensure all mandatory fields including Delivery Date and Supplier are filled. Step 3: Check item rates have correct UOM. Step 4: Try in a different browser to rule out cache issues.,4,0.8,satisfied,False,True,False,erp
APP-E-0036,ERPNext custom report not loading,"Hi, A custom report we use every week is giving a script error and not loading. We need it for Monday morning review.",Software & Applications,High,Marketing,step_by_step,Step 1: Check the report script in Report Builder for syntax errors. Step 2: Run report in debug mode to identify the failing line. Step 3: Check if any linked DocType fields have been renamed. Step 4: Restore previous version from version history.,4,0.72,not_helpful,False,False,False,erp
APP-E-0037,ERPNext custom report not loading,Not sure if this is the right place but a custom report we use every week is giving a script error and not loading. We need it for Monday morning review.,Software & Applications,High,HR,step_by_step,Step 1: Check the report script in Report Builder for syntax errors. Step 2: Run report in debug mode to identify the failing line. Step 3: Check if any linked DocType fields have been renamed. Step 4: Restore previous version from version history.,4,0.7,satisfied,False,False,False,erp
APP-E-0038,Sales Invoice not generating automatically,Sales invoices are not being auto-generated from Sales Orders. This was working last week. Finance is waiting.,Software & Applications,High,Sales,step_by_step,Step 1: Check Sales Order status is Submitted — auto-invoicing only works on submitted orders. Step 2: Verify customer payment terms allow automatic invoicing. Step 3: Check ERPNext scheduler is running with bench doctor. Step 4: Manually trigger from Sales Order if urgent.,4,0.78,satisfied,False,False,False,erp
APP-E-0039,ERPNext Purchase Order form not saving,"Hello, When I try to save a Purchase Order in ERPNext it shows a validation error but does not say what is wrong. Please help.",Software & Applications,High,HR,step_by_step,Step 1: Check the browser console (F12) for specific error messages. Step 2: Ensure all mandatory fields including Delivery Date and Supplier are filled. Step 3: Check item rates have correct UOM. Step 4: Try in a different browser to rule out cache issues.,4,0.87,satisfied,False,True,False,erp
APP-E-0040,Sales Invoice not generating automatically,Sales invoices are not being auto-generated from Sales Orders. This was working last week. Finance is waiting.,Software & Applications,High,Finance,step_by_step,Step 1: Check Sales Order status is Submitted — auto-invoicing only works on submitted orders. Step 2: Verify customer payment terms allow automatic invoicing. Step 3: Check ERPNext scheduler is running with bench doctor. Step 4: Manually trigger from Sales Order if urgent.,4,0.7,satisfied,False,False,False,erp
APP-E-0041,HR Payroll processing throwing errors,I have been dealing with this for days. ERPNext is throwing a component calculation error when running payroll for this month. We need to process by end of day.,Software & Applications,Critical,IT,step_by_step,Step 1: Identify employee records causing error from the error log. Step 2: Check salary structures are correctly assigned to all employees. Step 3: Verify all attendance records for the period are marked. Step 4: Re-run payroll after fixing employee-specific issues.,4,0.66,escalated,True,False,False,erp
APP-E-0042,HR Payroll processing throwing errors,Quick question — eRPNext is throwing a component calculation error when running payroll for this month. We need to process by end of day.,Software & Applications,Critical,HR,step_by_step,Step 1: Identify employee records causing error from the error log. Step 2: Check salary structures are correctly assigned to all employees. Step 3: Verify all attendance records for the period are marked. Step 4: Re-run payroll after fixing employee-specific issues.,4,0.61,escalated,True,False,False,erp
APP-E-0043,ERPNext custom report not loading,Quick question — a custom report we use every week is giving a script error and not loading. We need it for Monday morning review.,Software & Applications,Medium,HR,step_by_step,Step 1: Check the report script in Report Builder for syntax errors. Step 2: Run report in debug mode to identify the failing line. Step 3: Check if any linked DocType fields have been renamed. Step 4: Restore previous version from version history.,4,0.81,satisfied,False,False,False,erp
APP-E-0044,Stock ledger showing negative stock,This is really frustrating. ERPNext is showing negative stock for several items in our main warehouse. This should not be possible.,Software & Applications,High,IT,step_by_step,Step 1: Run Stock Ledger report filtered by affected items. Step 2: Identify transactions that caused negative stock — usually backdated entries. Step 3: Make a stock reconciliation entry to correct balances. Step 4: Enable Raise Error for Negative Stock setting.,4,0.68,satisfied,False,False,False,erp
APP-E-0045,HR Payroll processing throwing errors,"Hi team, eRPNext is throwing a component calculation error when running payroll for this month. We need to process by end of day.",Software & Applications,Critical,Finance,step_by_step,Step 1: Identify employee records causing error from the error log. Step 2: Check salary structures are correctly assigned to all employees. Step 3: Verify all attendance records for the period are marked. Step 4: Re-run payroll after fixing employee-specific issues.,4,0.49,escalated,True,False,False,erp
APP-E-0046,Sales Invoice not generating automatically,Urgent - Sales invoices are not being auto-generated from Sales Orders. This was working last week. Finance is waiting.,Software & Applications,High,IT,step_by_step,Step 1: Check Sales Order status is Submitted — auto-invoicing only works on submitted orders. Step 2: Verify customer payment terms allow automatic invoicing. Step 3: Check ERPNext scheduler is running with bench doctor. Step 4: Manually trigger from Sales Order if urgent.,4,0.77,satisfied,False,False,False,erp
APP-E-0047,Stock ledger showing negative stock,"Hi, ERPNext is showing negative stock for several items in our main warehouse. This should not be possible.",Software & Applications,High,IT,step_by_step,Step 1: Run Stock Ledger report filtered by affected items. Step 2: Identify transactions that caused negative stock — usually backdated entries. Step 3: Make a stock reconciliation entry to correct balances. Step 4: Enable Raise Error for Negative Stock setting.,4,0.67,satisfied,False,False,False,erp
APP-E-0048,HR Payroll processing throwing errors,"Hi team, eRPNext is throwing a component calculation error when running payroll for this month. We need to process by end of day.",Software & Applications,Critical,Finance,step_by_step,Step 1: Identify employee records causing error from the error log. Step 2: Check salary structures are correctly assigned to all employees. Step 3: Verify all attendance records for the period are marked. Step 4: Re-run payroll after fixing employee-specific issues.,4,0.64,escalated,True,False,False,erp
APP-E-0049,HR Payroll processing throwing errors,ERPNext is throwing a component calculation error when running payroll for this month. We need to process by end of day.,Software & Applications,Critical,Finance,step_by_step,Step 1: Identify employee records causing error from the error log. Step 2: Check salary structures are correctly assigned to all employees. Step 3: Verify all attendance records for the period are marked. Step 4: Re-run payroll after fixing employee-specific issues.,4,0.6,escalated,True,False,False,erp
APP-E-0050,HR Payroll processing throwing errors,This is really frustrating. ERPNext is throwing a component calculation error when running payroll for this month. We need to process by end of day.,Software & Applications,Critical,IT,step_by_step,Step 1: Identify employee records causing error from the error log. Step 2: Check salary structures are correctly assigned to all employees. Step 3: Verify all attendance records for the period are marked. Step 4: Re-run payroll after fixing employee-specific issues.,4,0.6,escalated,True,False,False,erp
APP-E-0051,ERPNext custom report not loading,Urgent - A custom report we use every week is giving a script error and not loading. We need it for Monday morning review.,Software & Applications,Medium,HR,step_by_step,Step 1: Check the report script in Report Builder for syntax errors. Step 2: Run report in debug mode to identify the failing line. Step 3: Check if any linked DocType fields have been renamed. Step 4: Restore previous version from version history.,4,0.71,not_helpful,False,False,False,erp
APP-E-0052,Stock ledger showing negative stock,I have been dealing with this for days. ERPNext is showing negative stock for several items in our main warehouse. This should not be possible.,Software & Applications,Critical,Finance,step_by_step,Step 1: Run Stock Ledger report filtered by affected items. Step 2: Identify transactions that caused negative stock — usually backdated entries. Step 3: Make a stock reconciliation entry to correct balances. Step 4: Enable Raise Error for Negative Stock setting.,4,0.76,escalated,True,False,False,erp
APP-E-0053,ERPNext Purchase Order form not saving,When I try to save a Purchase Order in ERPNext it shows a validation error but does not say what is wrong.,Software & Applications,Medium,HR,step_by_step,Step 1: Check the browser console (F12) for specific error messages. Step 2: Ensure all mandatory fields including Delivery Date and Supplier are filled. Step 3: Check item rates have correct UOM. Step 4: Try in a different browser to rule out cache issues.,4,0.94,satisfied,False,True,False,erp
APP-E-0054,Sales Invoice not generating automatically,"Hi team, sales invoices are not being auto-generated from Sales Orders. This was working last week. Finance is waiting.",Software & Applications,Medium,Operations,step_by_step,Step 1: Check Sales Order status is Submitted — auto-invoicing only works on submitted orders. Step 2: Verify customer payment terms allow automatic invoicing. Step 3: Check ERPNext scheduler is running with bench doctor. Step 4: Manually trigger from Sales Order if urgent.,4,0.81,satisfied,False,False,False,erp
APP-E-0055,ERPNext custom report not loading,"Hi team, a custom report we use every week is giving a script error and not loading. We need it for Monday morning review.",Software & Applications,High,Finance,step_by_step,Step 1: Check the report script in Report Builder for syntax errors. Step 2: Run report in debug mode to identify the failing line. Step 3: Check if any linked DocType fields have been renamed. Step 4: Restore previous version from version history.,4,0.81,satisfied,False,False,False,erp
APP-E-0056,Stock ledger showing negative stock,This is really frustrating. ERPNext is showing negative stock for several items in our main warehouse. This should not be possible.,Software & Applications,Critical,HR,step_by_step,Step 1: Run Stock Ledger report filtered by affected items. Step 2: Identify transactions that caused negative stock — usually backdated entries. Step 3: Make a stock reconciliation entry to correct balances. Step 4: Enable Raise Error for Negative Stock setting.,4,0.67,escalated,True,False,False,erp
APP-E-0057,ERPNext Purchase Order form not saving,Not sure if this is the right place but when I try to save a Purchase Order in ERPNext it shows a validation error but does not say what is wrong.,Software & Applications,High,Marketing,step_by_step,Step 1: Check the browser console (F12) for specific error messages. Step 2: Ensure all mandatory fields including Delivery Date and Supplier are filled. Step 3: Check item rates have correct UOM. Step 4: Try in a different browser to rule out cache issues.,4,0.81,not_helpful,False,True,False,erp
APP-E-0058,Stock ledger showing negative stock,This is really frustrating. ERPNext is showing negative stock for several items in our main warehouse. This should not be possible.,Software & Applications,High,Finance,step_by_step,Step 1: Run Stock Ledger report filtered by affected items. Step 2: Identify transactions that caused negative stock — usually backdated entries. Step 3: Make a stock reconciliation entry to correct balances. Step 4: Enable Raise Error for Negative Stock setting.,4,0.73,satisfied,False,False,False,erp
APP-E-0059,Sales Invoice not generating automatically,Quick question — sales invoices are not being auto-generated from Sales Orders. This was working last week. Finance is waiting.,Software & Applications,High,Operations,step_by_step,Step 1: Check Sales Order status is Submitted — auto-invoicing only works on submitted orders. Step 2: Verify customer payment terms allow automatic invoicing. Step 3: Check ERPNext scheduler is running with bench doctor. Step 4: Manually trigger from Sales Order if urgent.,4,0.74,satisfied,False,False,False,erp
APP-E-0060,ERPNext custom report not loading,I have been dealing with this for days. A custom report we use every week is giving a script error and not loading. We need it for Monday morning review.,Software & Applications,High,IT,step_by_step,Step 1: Check the report script in Report Builder for syntax errors. Step 2: Run report in debug mode to identify the failing line. Step 3: Check if any linked DocType fields have been renamed. Step 4: Restore previous version from version history.,4,0.71,satisfied,False,False,False,erp
APP-E-0061,ERPNext Purchase Order form not saving,I have been dealing with this for days. When I try to save a Purchase Order in ERPNext it shows a validation error but does not say what is wrong.,Software & Applications,Low,Finance,step_by_step,Step 1: Check the browser console (F12) for specific error messages. Step 2: Ensure all mandatory fields including Delivery Date and Supplier are filled. Step 3: Check item rates have correct UOM. Step 4: Try in a different browser to rule out cache issues.,4,0.87,satisfied,False,True,False,erp
APP-E-0062,ERPNext custom report not loading,This is really frustrating. A custom report we use every week is giving a script error and not loading. We need it for Monday morning review.,Software & Applications,High,IT,step_by_step,Step 1: Check the report script in Report Builder for syntax errors. Step 2: Run report in debug mode to identify the failing line. Step 3: Check if any linked DocType fields have been renamed. Step 4: Restore previous version from version history.,4,0.85,not_helpful,False,False,False,erp
APP-E-0063,ERPNext custom report not loading,This is really frustrating. A custom report we use every week is giving a script error and not loading. We need it for Monday morning review.,Software & Applications,High,IT,step_by_step,Step 1: Check the report script in Report Builder for syntax errors. Step 2: Run report in debug mode to identify the failing line. Step 3: Check if any linked DocType fields have been renamed. Step 4: Restore previous version from version history.,4,0.72,satisfied,False,False,False,erp
APP-E-0064,HR Payroll processing throwing errors,"Hi, ERPNext is throwing a component calculation error when running payroll for this month. We need to process by end of day.",Software & Applications,Critical,HR,step_by_step,Step 1: Identify employee records causing error from the error log. Step 2: Check salary structures are correctly assigned to all employees. Step 3: Verify all attendance records for the period are marked. Step 4: Re-run payroll after fixing employee-specific issues.,4,0.5,escalated,True,False,False,erp
APP-E-0065,HR Payroll processing throwing errors,I have been dealing with this for days. ERPNext is throwing a component calculation error when running payroll for this month. We need to process by end of day.,Software & Applications,Critical,Sales,step_by_step,Step 1: Identify employee records causing error from the error log. Step 2: Check salary structures are correctly assigned to all employees. Step 3: Verify all attendance records for the period are marked. Step 4: Re-run payroll after fixing employee-specific issues.,4,0.68,escalated,True,False,False,erp
APP-E-0066,ERPNext custom report not loading,"Hi team, a custom report we use every week is giving a script error and not loading. We need it for Monday morning review.",Software & Applications,Critical,Finance,step_by_step,Step 1: Check the report script in Report Builder for syntax errors. Step 2: Run report in debug mode to identify the failing line. Step 3: Check if any linked DocType fields have been renamed. Step 4: Restore previous version from version history.,4,0.84,escalated,True,False,False,erp
APP-E-0067,Sales Invoice not generating automatically,Sales invoices are not being auto-generated from Sales Orders. This was working last week. Finance is waiting.,Software & Applications,High,Finance,step_by_step,Step 1: Check Sales Order status is Submitted — auto-invoicing only works on submitted orders. Step 2: Verify customer payment terms allow automatic invoicing. Step 3: Check ERPNext scheduler is running with bench doctor. Step 4: Manually trigger from Sales Order if urgent.,4,0.81,not_helpful,False,False,False,erp
APP-E-0068,ERPNext custom report not loading,This is really frustrating. A custom report we use every week is giving a script error and not loading. We need it for Monday morning review.,Software & Applications,Critical,Finance,step_by_step,Step 1: Check the report script in Report Builder for syntax errors. Step 2: Run report in debug mode to identify the failing line. Step 3: Check if any linked DocType fields have been renamed. Step 4: Restore previous version from version history.,4,0.81,escalated,True,False,False,erp
APP-E-0069,Sales Invoice not generating automatically,This is really frustrating. Sales invoices are not being auto-generated from Sales Orders. This was working last week. Finance is waiting.,Software & Applications,High,Operations,step_by_step,Step 1: Check Sales Order status is Submitted — auto-invoicing only works on submitted orders. Step 2: Verify customer payment terms allow automatic invoicing. Step 3: Check ERPNext scheduler is running with bench doctor. Step 4: Manually trigger from Sales Order if urgent.,4,0.71,satisfied,False,False,False,erp
APP-E-0070,ERPNext Purchase Order form not saving,Urgent - When I try to save a Purchase Order in ERPNext it shows a validation error but does not say what is wrong.,Software & Applications,High,Operations,step_by_step,Step 1: Check the browser console (F12) for specific error messages. Step 2: Ensure all mandatory fields including Delivery Date and Supplier are filled. Step 3: Check item rates have correct UOM. Step 4: Try in a different browser to rule out cache issues.,4,0.86,satisfied,False,True,False,erp
APP-E-0071,Sales Invoice not generating automatically,Following up on this issue — sales invoices are not being auto-generated from Sales Orders. This was working last week. Finance is waiting.,Software & Applications,Critical,Operations,step_by_step,Step 1: Check Sales Order status is Submitted — auto-invoicing only works on submitted orders. Step 2: Verify customer payment terms allow automatic invoicing. Step 3: Check ERPNext scheduler is running with bench doctor. Step 4: Manually trigger from Sales Order if urgent.,4,0.81,escalated,True,False,False,erp
APP-E-0072,HR Payroll processing throwing errors,ERPNext is throwing a component calculation error when running payroll for this month. We need to process by end of day.,Software & Applications,Critical,Finance,step_by_step,Step 1: Identify employee records causing error from the error log. Step 2: Check salary structures are correctly assigned to all employees. Step 3: Verify all attendance records for the period are marked. Step 4: Re-run payroll after fixing employee-specific issues.,4,0.43,escalated,True,False,False,erp
APP-E-0073,ERPNext custom report not loading,Quick question — a custom report we use every week is giving a script error and not loading. We need it for Monday morning review.,Software & Applications,High,Finance,step_by_step,Step 1: Check the report script in Report Builder for syntax errors. Step 2: Run report in debug mode to identify the failing line. Step 3: Check if any linked DocType fields have been renamed. Step 4: Restore previous version from version history.,4,0.76,satisfied,False,False,False,erp
APP-E-0074,Sales Invoice not generating automatically,This is really frustrating. Sales invoices are not being auto-generated from Sales Orders. This was working last week. Finance is waiting.,Software & Applications,High,HR,step_by_step,Step 1: Check Sales Order status is Submitted — auto-invoicing only works on submitted orders. Step 2: Verify customer payment terms allow automatic invoicing. Step 3: Check ERPNext scheduler is running with bench doctor. Step 4: Manually trigger from Sales Order if urgent.,4,0.69,not_helpful,False,False,False,erp
APP-E-0075,ERPNext Purchase Order form not saving,"Hi team, when I try to save a Purchase Order in ERPNext it shows a validation error but does not say what is wrong.",Software & Applications,Medium,Operations,step_by_step,Step 1: Check the browser console (F12) for specific error messages. Step 2: Ensure all mandatory fields including Delivery Date and Supplier are filled. Step 3: Check item rates have correct UOM. Step 4: Try in a different browser to rule out cache issues.,4,0.93,satisfied,False,True,False,erp
APP-E-0076,HR Payroll processing throwing errors,Not sure if this is the right place but eRPNext is throwing a component calculation error when running payroll for this month. We need to process by end of day.,Software & Applications,Critical,Operations,step_by_step,Step 1: Identify employee records causing error from the error log. Step 2: Check salary structures are correctly assigned to all employees. Step 3: Verify all attendance records for the period are marked. Step 4: Re-run payroll after fixing employee-specific issues.,4,0.52,escalated,True,False,False,erp
APP-E-0077,ERPNext Purchase Order form not saving,Not sure if this is the right place but when I try to save a Purchase Order in ERPNext it shows a validation error but does not say what is wrong.,Software & Applications,Medium,Marketing,step_by_step,Step 1: Check the browser console (F12) for specific error messages. Step 2: Ensure all mandatory fields including Delivery Date and Supplier are filled. Step 3: Check item rates have correct UOM. Step 4: Try in a different browser to rule out cache issues.,4,0.86,not_helpful,False,True,False,erp
APP-E-0078,Stock ledger showing negative stock,Quick question — eRPNext is showing negative stock for several items in our main warehouse. This should not be possible.,Software & Applications,High,Sales,step_by_step,Step 1: Run Stock Ledger report filtered by affected items. Step 2: Identify transactions that caused negative stock — usually backdated entries. Step 3: Make a stock reconciliation entry to correct balances. Step 4: Enable Raise Error for Negative Stock setting.,4,0.68,not_helpful,False,False,False,erp
APP-E-0079,Sales Invoice not generating automatically,"Hello, Sales invoices are not being auto-generated from Sales Orders. This was working last week. Finance is waiting. Please help.",Software & Applications,High,Finance,step_by_step,Step 1: Check Sales Order status is Submitted — auto-invoicing only works on submitted orders. Step 2: Verify customer payment terms allow automatic invoicing. Step 3: Check ERPNext scheduler is running with bench doctor. Step 4: Manually trigger from Sales Order if urgent.,4,0.81,satisfied,False,False,False,erp
APP-E-0080,Sales Invoice not generating automatically,Not sure if this is the right place but sales invoices are not being auto-generated from Sales Orders. This was working last week. Finance is waiting.,Software & Applications,High,Operations,step_by_step,Step 1: Check Sales Order status is Submitted — auto-invoicing only works on submitted orders. Step 2: Verify customer payment terms allow automatic invoicing. Step 3: Check ERPNext scheduler is running with bench doctor. Step 4: Manually trigger from Sales Order if urgent.,4,0.84,not_helpful,False,False,False,erp
APP-E-0081,ERPNext Purchase Order form not saving,Quick question — when I try to save a Purchase Order in ERPNext it shows a validation error but does not say what is wrong.,Software & Applications,Medium,Finance,step_by_step,Step 1: Check the browser console (F12) for specific error messages. Step 2: Ensure all mandatory fields including Delivery Date and Supplier are filled. Step 3: Check item rates have correct UOM. Step 4: Try in a different browser to rule out cache issues.,4,0.86,satisfied,False,True,False,erp
APP-E-0082,ERPNext custom report not loading,"Hi team, a custom report we use every week is giving a script error and not loading. We need it for Monday morning review.",Software & Applications,Medium,Finance,step_by_step,Step 1: Check the report script in Report Builder for syntax errors. Step 2: Run report in debug mode to identify the failing line. Step 3: Check if any linked DocType fields have been renamed. Step 4: Restore previous version from version history.,4,0.75,satisfied,False,False,False,erp
APP-E-0083,HR Payroll processing throwing errors,"Hi team, eRPNext is throwing a component calculation error when running payroll for this month. We need to process by end of day.",Software & Applications,Critical,Marketing,step_by_step,Step 1: Identify employee records causing error from the error log. Step 2: Check salary structures are correctly assigned to all employees. Step 3: Verify all attendance records for the period are marked. Step 4: Re-run payroll after fixing employee-specific issues.,4,0.46,escalated,True,False,False,erp
APP-E-0084,HR Payroll processing throwing errors,"Hi, ERPNext is throwing a component calculation error when running payroll for this month. We need to process by end of day.",Software & Applications,Critical,Marketing,step_by_step,Step 1: Identify employee records causing error from the error log. Step 2: Check salary structures are correctly assigned to all employees. Step 3: Verify all attendance records for the period are marked. Step 4: Re-run payroll after fixing employee-specific issues.,4,0.49,escalated,True,False,False,erp
APP-E-0085,ERPNext Purchase Order form not saving,When I try to save a Purchase Order in ERPNext it shows a validation error but does not say what is wrong.,Software & Applications,Medium,IT,step_by_step,Step 1: Check the browser console (F12) for specific error messages. Step 2: Ensure all mandatory fields including Delivery Date and Supplier are filled. Step 3: Check item rates have correct UOM. Step 4: Try in a different browser to rule out cache issues.,4,0.94,satisfied,False,True,False,erp
APP-E-0086,Stock ledger showing negative stock,Following up on this issue — eRPNext is showing negative stock for several items in our main warehouse. This should not be possible.,Software & Applications,High,IT,step_by_step,Step 1: Run Stock Ledger report filtered by affected items. Step 2: Identify transactions that caused negative stock — usually backdated entries. Step 3: Make a stock reconciliation entry to correct balances. Step 4: Enable Raise Error for Negative Stock setting.,4,0.84,not_helpful,False,False,False,erp
APP-E-0087,HR Payroll processing throwing errors,Following up on this issue — eRPNext is throwing a component calculation error when running payroll for this month. We need to process by end of day.,Software & Applications,Critical,Operations,step_by_step,Step 1: Identify employee records causing error from the error log. Step 2: Check salary structures are correctly assigned to all employees. Step 3: Verify all attendance records for the period are marked. Step 4: Re-run payroll after fixing employee-specific issues.,4,0.45,escalated,True,False,False,erp
APP-E-0088,Sales Invoice not generating automatically,"Hello, Sales invoices are not being auto-generated from Sales Orders. This was working last week. Finance is waiting. Please help.",Software & Applications,High,HR,step_by_step,Step 1: Check Sales Order status is Submitted — auto-invoicing only works on submitted orders. Step 2: Verify customer payment terms allow automatic invoicing. Step 3: Check ERPNext scheduler is running with bench doctor. Step 4: Manually trigger from Sales Order if urgent.,4,0.66,not_helpful,False,False,False,erp
APP-E-0089,HR Payroll processing throwing errors,This is really frustrating. ERPNext is throwing a component calculation error when running payroll for this month. We need to process by end of day.,Software & Applications,Critical,Finance,step_by_step,Step 1: Identify employee records causing error from the error log. Step 2: Check salary structures are correctly assigned to all employees. Step 3: Verify all attendance records for the period are marked. Step 4: Re-run payroll after fixing employee-specific issues.,4,0.45,escalated,True,False,False,erp
APP-E-0090,Stock ledger showing negative stock,"Hi team, eRPNext is showing negative stock for several items in our main warehouse. This should not be possible.",Software & Applications,High,Sales,step_by_step,Step 1: Run Stock Ledger report filtered by affected items. Step 2: Identify transactions that caused negative stock — usually backdated entries. Step 3: Make a stock reconciliation entry to correct balances. Step 4: Enable Raise Error for Negative Stock setting.,4,0.67,not_helpful,False,False,False,erp
APP-E-0091,ERPNext custom report not loading,A custom report we use every week is giving a script error and not loading. We need it for Monday morning review.,Software & Applications,Critical,IT,step_by_step,Step 1: Check the report script in Report Builder for syntax errors. Step 2: Run report in debug mode to identify the failing line. Step 3: Check if any linked DocType fields have been renamed. Step 4: Restore previous version from version history.,4,0.83,escalated,True,False,False,erp
APP-E-0092,Sales Invoice not generating automatically,This is really frustrating. Sales invoices are not being auto-generated from Sales Orders. This was working last week. Finance is waiting.,Software & Applications,High,Finance,step_by_step,Step 1: Check Sales Order status is Submitted — auto-invoicing only works on submitted orders. Step 2: Verify customer payment terms allow automatic invoicing. Step 3: Check ERPNext scheduler is running with bench doctor. Step 4: Manually trigger from Sales Order if urgent.,4,0.74,satisfied,False,False,False,erp
APP-E-0093,Sales Invoice not generating automatically,I have been dealing with this for days. Sales invoices are not being auto-generated from Sales Orders. This was working last week. Finance is waiting.,Software & Applications,High,Sales,step_by_step,Step 1: Check Sales Order status is Submitted — auto-invoicing only works on submitted orders. Step 2: Verify customer payment terms allow automatic invoicing. Step 3: Check ERPNext scheduler is running with bench doctor. Step 4: Manually trigger from Sales Order if urgent.,4,0.76,not_helpful,False,False,False,erp
APP-E-0094,HR Payroll processing throwing errors,Not sure if this is the right place but eRPNext is throwing a component calculation error when running payroll for this month. We need to process by end of day.,Software & Applications,Critical,Operations,step_by_step,Step 1: Identify employee records causing error from the error log. Step 2: Check salary structures are correctly assigned to all employees. Step 3: Verify all attendance records for the period are marked. Step 4: Re-run payroll after fixing employee-specific issues.,4,0.44,escalated,True,False,False,erp
APP-E-0095,ERPNext custom report not loading,This is really frustrating. A custom report we use every week is giving a script error and not loading. We need it for Monday morning review.,Software & Applications,Critical,HR,step_by_step,Step 1: Check the report script in Report Builder for syntax errors. Step 2: Run report in debug mode to identify the failing line. Step 3: Check if any linked DocType fields have been renamed. Step 4: Restore previous version from version history.,4,0.68,escalated,True,False,False,erp
APP-E-0096,Stock ledger showing negative stock,Following up on this issue — eRPNext is showing negative stock for several items in our main warehouse. This should not be possible.,Software & Applications,Medium,Finance,step_by_step,Step 1: Run Stock Ledger report filtered by affected items. Step 2: Identify transactions that caused negative stock — usually backdated entries. Step 3: Make a stock reconciliation entry to correct balances. Step 4: Enable Raise Error for Negative Stock setting.,4,0.81,satisfied,False,False,False,erp
APP-E-0097,ERPNext Purchase Order form not saving,"Hi team, when I try to save a Purchase Order in ERPNext it shows a validation error but does not say what is wrong.",Software & Applications,Low,IT,step_by_step,Step 1: Check the browser console (F12) for specific error messages. Step 2: Ensure all mandatory fields including Delivery Date and Supplier are filled. Step 3: Check item rates have correct UOM. Step 4: Try in a different browser to rule out cache issues.,4,0.83,satisfied,False,True,False,erp
APP-E-0098,ERPNext Purchase Order form not saving,"Hello, When I try to save a Purchase Order in ERPNext it shows a validation error but does not say what is wrong. Please help.",Software & Applications,Medium,HR,step_by_step,Step 1: Check the browser console (F12) for specific error messages. Step 2: Ensure all mandatory fields including Delivery Date and Supplier are filled. Step 3: Check item rates have correct UOM. Step 4: Try in a different browser to rule out cache issues.,4,0.87,satisfied,False,True,False,erp
APP-E-0099,ERPNext custom report not loading,Urgent - A custom report we use every week is giving a script error and not loading. We need it for Monday morning review.,Software & Applications,High,IT,step_by_step,Step 1: Check the report script in Report Builder for syntax errors. Step 2: Run report in debug mode to identify the failing line. Step 3: Check if any linked DocType fields have been renamed. Step 4: Restore previous version from version history.,4,0.72,satisfied,False,False,False,erp
APP-E-0100,ERPNext Purchase Order form not saving,"Hello, When I try to save a Purchase Order in ERPNext it shows a validation error but does not say what is wrong. Please help.",Software & Applications,Medium,Operations,step_by_step,Step 1: Check the browser console (F12) for specific error messages. Step 2: Ensure all mandatory fields including Delivery Date and Supplier are filled. Step 3: Check item rates have correct UOM. Step 4: Try in a different browser to rule out cache issues.,4,0.88,satisfied,False,True,False,erp
SEC-G-0001,Received suspicious phishing email,This is really frustrating. I received an email claiming to be from our CEO asking me to urgently purchase gift cards and send the codes.,Security & Threats,High,Operations,step_by_step,Step 1: Do NOT click any links or reply. Step 2: Forward the email as an attachment to security@company.com. Step 3: Delete the email from inbox. Step 4: IT Security will investigate and send a company-wide alert if needed.,4,0.93,satisfied,False,True,False,general
SEC-G-0002,Account showing logins from unknown location,I have been dealing with this for days. I received an alert that my account was logged into from a foreign country at 3am. I did not do this.,Security & Threats,Critical,HR,step_by_step,Step 1: Change your password immediately. Step 2: Enable multi-factor authentication. Step 3: Report to IT Security with alert details. Step 4: IT will investigate and terminate all active sessions.,4,0.57,escalated,True,False,False,general
SEC-G-0003,Account showing logins from unknown location,I have been dealing with this for days. I received an alert that my account was logged into from a foreign country at 3am. I did not do this.,Security & Threats,Critical,Marketing,step_by_step,Step 1: Change your password immediately. Step 2: Enable multi-factor authentication. Step 3: Report to IT Security with alert details. Step 4: IT will investigate and terminate all active sessions.,4,0.53,escalated,True,False,False,general
SEC-G-0004,What is the company data classification policy,Not sure if this is the right place but i am creating a document with client data and not sure what sensitivity label to apply.,Security & Threats,Low,Marketing,information,The company data classification policy is on the intranet under IT Policies > Data Governance. Client data is typically classified as Confidential. Contact the Data Protection team for specific guidance.,1,0.78,satisfied,False,False,False,general
SEC-G-0005,Received suspicious phishing email,Quick question — i received an email claiming to be from our CEO asking me to urgently purchase gift cards and send the codes.,Security & Threats,High,Finance,step_by_step,Step 1: Do NOT click any links or reply. Step 2: Forward the email as an attachment to security@company.com. Step 3: Delete the email from inbox. Step 4: IT Security will investigate and send a company-wide alert if needed.,4,0.96,satisfied,False,True,False,general
SEC-G-0006,Laptop stolen from office,Urgent - My laptop was stolen from my desk while I stepped out for lunch. It contains client data and company files.,Security & Threats,Critical,Finance,step_by_step,Step 1: Report theft to building security and file a police report immediately. Step 2: Contact IT Security to remotely wipe the device. Step 3: Change all passwords from a different device immediately. Step 4: IT will revoke access credentials and notify the data protection team.,4,0.54,escalated,True,False,False,general
SEC-G-0007,USB device policy blocking my work drive,Not sure if this is the right place but the security policy is blocking my USB drive which I use for legitimate work purposes.,Security & Threats,Medium,Finance,quick_fix,Submit a USB device exception request through the IT Security portal with your device serial number and business justification. Approved exceptions are processed within one business day.,1,0.88,not_helpful,False,True,False,general
SEC-G-0008,Suspected malware on my computer,"Hi team, my computer is behaving strangely — pop-ups appearing and browser redirecting. I think I clicked a bad link.",Security & Threats,Critical,HR,step_by_step,Step 1: Disconnect from the network immediately — unplug ethernet and disable WiFi. Step 2: Do NOT attempt to fix it yourself. Step 3: Call IT Security for emergency response. Step 4: IT will isolate the machine and run forensic analysis.,4,0.49,escalated,True,False,False,general
SEC-G-0009,Account showing logins from unknown location,"Hello, I received an alert that my account was logged into from a foreign country at 3am. I did not do this. Please help.",Security & Threats,Critical,Operations,step_by_step,Step 1: Change your password immediately. Step 2: Enable multi-factor authentication. Step 3: Report to IT Security with alert details. Step 4: IT will investigate and terminate all active sessions.,4,0.56,escalated,True,False,False,general
SEC-G-0010,What is the company data classification policy,Quick question — i am creating a document with client data and not sure what sensitivity label to apply.,Security & Threats,Medium,Operations,information,The company data classification policy is on the intranet under IT Policies > Data Governance. Client data is typically classified as Confidential. Contact the Data Protection team for specific guidance.,1,0.72,satisfied,False,False,False,general
SEC-G-0011,Account showing logins from unknown location,Quick question — i received an alert that my account was logged into from a foreign country at 3am. I did not do this.,Security & Threats,Critical,Operations,step_by_step,Step 1: Change your password immediately. Step 2: Enable multi-factor authentication. Step 3: Report to IT Security with alert details. Step 4: IT will investigate and terminate all active sessions.,4,0.46,escalated,True,False,False,general
SEC-G-0012,Laptop stolen from office,"Hi team, my laptop was stolen from my desk while I stepped out for lunch. It contains client data and company files.",Security & Threats,Critical,Sales,step_by_step,Step 1: Report theft to building security and file a police report immediately. Step 2: Contact IT Security to remotely wipe the device. Step 3: Change all passwords from a different device immediately. Step 4: IT will revoke access credentials and notify the data protection team.,4,0.57,escalated,True,False,False,general
SEC-G-0013,Received email with suspicious attachment,Quick question — i received an invoice email from an unknown sender with a ZIP attachment. I did not open it but wanted to report it.,Security & Threats,High,Operations,quick_fix,Forward the email as an attachment to security@company.com and then delete it. Do not open the attachment under any circumstances.,1,0.85,satisfied,False,True,False,general
SEC-G-0014,What is the company data classification policy,Quick question — i am creating a document with client data and not sure what sensitivity label to apply.,Security & Threats,Low,Marketing,information,The company data classification policy is on the intranet under IT Policies > Data Governance. Client data is typically classified as Confidential. Contact the Data Protection team for specific guidance.,1,0.79,satisfied,False,False,False,general
SEC-G-0015,Account showing logins from unknown location,This is really frustrating. I received an alert that my account was logged into from a foreign country at 3am. I did not do this.,Security & Threats,Critical,Marketing,step_by_step,Step 1: Change your password immediately. Step 2: Enable multi-factor authentication. Step 3: Report to IT Security with alert details. Step 4: IT will investigate and terminate all active sessions.,4,0.65,escalated,True,False,False,general
SEC-G-0016,USB device policy blocking my work drive,This is really frustrating. The security policy is blocking my USB drive which I use for legitimate work purposes.,Security & Threats,Low,HR,quick_fix,Submit a USB device exception request through the IT Security portal with your device serial number and business justification. Approved exceptions are processed within one business day.,1,0.89,satisfied,False,True,False,general
SEC-G-0017,Received email with suspicious attachment,Following up on this issue — i received an invoice email from an unknown sender with a ZIP attachment. I did not open it but wanted to report it.,Security & Threats,High,Marketing,quick_fix,Forward the email as an attachment to security@company.com and then delete it. Do not open the attachment under any circumstances.,1,0.85,satisfied,False,True,False,general
SEC-G-0018,Laptop stolen from office,"Hello, My laptop was stolen from my desk while I stepped out for lunch. It contains client data and company files. Please help.",Security & Threats,Critical,Marketing,step_by_step,Step 1: Report theft to building security and file a police report immediately. Step 2: Contact IT Security to remotely wipe the device. Step 3: Change all passwords from a different device immediately. Step 4: IT will revoke access credentials and notify the data protection team.,4,0.48,escalated,True,False,False,general
SEC-G-0019,What is the company data classification policy,Quick question — i am creating a document with client data and not sure what sensitivity label to apply.,Security & Threats,Medium,Marketing,information,The company data classification policy is on the intranet under IT Policies > Data Governance. Client data is typically classified as Confidential. Contact the Data Protection team for specific guidance.,1,0.8,satisfied,False,False,False,general
SEC-G-0020,Laptop stolen from office,Not sure if this is the right place but my laptop was stolen from my desk while I stepped out for lunch. It contains client data and company files.,Security & Threats,Critical,Marketing,step_by_step,Step 1: Report theft to building security and file a police report immediately. Step 2: Contact IT Security to remotely wipe the device. Step 3: Change all passwords from a different device immediately. Step 4: IT will revoke access credentials and notify the data protection team.,4,0.47,escalated,True,False,False,general
SEC-G-0021,What is the company data classification policy,I have been dealing with this for days. I am creating a document with client data and not sure what sensitivity label to apply.,Security & Threats,Medium,Finance,information,The company data classification policy is on the intranet under IT Policies > Data Governance. Client data is typically classified as Confidential. Contact the Data Protection team for specific guidance.,1,0.93,not_helpful,False,False,False,general
SEC-G-0022,Laptop stolen from office,Urgent - My laptop was stolen from my desk while I stepped out for lunch. It contains client data and company files.,Security & Threats,Critical,Operations,step_by_step,Step 1: Report theft to building security and file a police report immediately. Step 2: Contact IT Security to remotely wipe the device. Step 3: Change all passwords from a different device immediately. Step 4: IT will revoke access credentials and notify the data protection team.,4,0.55,escalated,True,False,False,general
SEC-G-0023,Received suspicious phishing email,I received an email claiming to be from our CEO asking me to urgently purchase gift cards and send the codes.,Security & Threats,High,Finance,step_by_step,Step 1: Do NOT click any links or reply. Step 2: Forward the email as an attachment to security@company.com. Step 3: Delete the email from inbox. Step 4: IT Security will investigate and send a company-wide alert if needed.,4,0.96,satisfied,False,True,False,general
SEC-G-0024,Received suspicious phishing email,"Hello, I received an email claiming to be from our CEO asking me to urgently purchase gift cards and send the codes. Please help.",Security & Threats,High,Sales,step_by_step,Step 1: Do NOT click any links or reply. Step 2: Forward the email as an attachment to security@company.com. Step 3: Delete the email from inbox. Step 4: IT Security will investigate and send a company-wide alert if needed.,4,0.97,satisfied,False,True,False,general
SEC-G-0025,What is the company data classification policy,I am creating a document with client data and not sure what sensitivity label to apply.,Security & Threats,Low,Finance,information,The company data classification policy is on the intranet under IT Policies > Data Governance. Client data is typically classified as Confidential. Contact the Data Protection team for specific guidance.,1,0.87,satisfied,False,False,False,general
SEC-G-0026,Received email with suspicious attachment,Following up on this issue — i received an invoice email from an unknown sender with a ZIP attachment. I did not open it but wanted to report it.,Security & Threats,Medium,Operations,quick_fix,Forward the email as an attachment to security@company.com and then delete it. Do not open the attachment under any circumstances.,1,0.88,not_helpful,False,True,False,general
SEC-G-0027,Received email with suspicious attachment,"Hi team, i received an invoice email from an unknown sender with a ZIP attachment. I did not open it but wanted to report it.",Security & Threats,Medium,Sales,quick_fix,Forward the email as an attachment to security@company.com and then delete it. Do not open the attachment under any circumstances.,1,0.95,satisfied,False,True,False,general
SEC-G-0028,Received suspicious phishing email,"Hi, I received an email claiming to be from our CEO asking me to urgently purchase gift cards and send the codes.",Security & Threats,High,Finance,step_by_step,Step 1: Do NOT click any links or reply. Step 2: Forward the email as an attachment to security@company.com. Step 3: Delete the email from inbox. Step 4: IT Security will investigate and send a company-wide alert if needed.,4,0.83,satisfied,False,True,False,general
SEC-G-0029,USB device policy blocking my work drive,The security policy is blocking my USB drive which I use for legitimate work purposes.,Security & Threats,Medium,Marketing,quick_fix,Submit a USB device exception request through the IT Security portal with your device serial number and business justification. Approved exceptions are processed within one business day.,1,0.85,satisfied,False,True,False,general
SEC-G-0030,Received suspicious phishing email,I received an email claiming to be from our CEO asking me to urgently purchase gift cards and send the codes.,Security & Threats,High,Finance,step_by_step,Step 1: Do NOT click any links or reply. Step 2: Forward the email as an attachment to security@company.com. Step 3: Delete the email from inbox. Step 4: IT Security will investigate and send a company-wide alert if needed.,4,0.82,satisfied,False,True,False,general
SEC-G-0031,Colleague accessed my computer without permission,"Hello, I noticed someone logged into my computer while I was away. My session was not locked. Please help.",Security & Threats,High,IT,step_by_step,Step 1: Change your password immediately from a different device. Step 2: Report the incident to IT Security with time and details. Step 3: IT will check access logs. Step 4: Enable auto-lock screen timeout if not already set.,4,0.84,satisfied,False,False,False,general
SEC-G-0032,Account showing logins from unknown location,"Hi, I received an alert that my account was logged into from a foreign country at 3am. I did not do this.",Security & Threats,Critical,IT,step_by_step,Step 1: Change your password immediately. Step 2: Enable multi-factor authentication. Step 3: Report to IT Security with alert details. Step 4: IT will investigate and terminate all active sessions.,4,0.54,escalated,True,False,False,general
SEC-G-0033,Colleague accessed my computer without permission,"Hi team, i noticed someone logged into my computer while I was away. My session was not locked.",Security & Threats,High,HR,step_by_step,Step 1: Change your password immediately from a different device. Step 2: Report the incident to IT Security with time and details. Step 3: IT will check access logs. Step 4: Enable auto-lock screen timeout if not already set.,4,0.81,satisfied,False,False,False,general
SEC-G-0034,Received email with suspicious attachment,"Hi team, i received an invoice email from an unknown sender with a ZIP attachment. I did not open it but wanted to report it.",Security & Threats,Medium,IT,quick_fix,Forward the email as an attachment to security@company.com and then delete it. Do not open the attachment under any circumstances.,1,0.91,satisfied,False,True,False,general
SEC-G-0035,Laptop stolen from office,This is really frustrating. My laptop was stolen from my desk while I stepped out for lunch. It contains client data and company files.,Security & Threats,Critical,Sales,step_by_step,Step 1: Report theft to building security and file a police report immediately. Step 2: Contact IT Security to remotely wipe the device. Step 3: Change all passwords from a different device immediately. Step 4: IT will revoke access credentials and notify the data protection team.,4,0.49,escalated,True,False,False,general
SEC-G-0036,Colleague accessed my computer without permission,"Hi, I noticed someone logged into my computer while I was away. My session was not locked.",Security & Threats,High,Finance,step_by_step,Step 1: Change your password immediately from a different device. Step 2: Report the incident to IT Security with time and details. Step 3: IT will check access logs. Step 4: Enable auto-lock screen timeout if not already set.,4,0.84,satisfied,False,False,False,general
SEC-G-0037,USB device policy blocking my work drive,Quick question — the security policy is blocking my USB drive which I use for legitimate work purposes.,Security & Threats,High,IT,quick_fix,Submit a USB device exception request through the IT Security portal with your device serial number and business justification. Approved exceptions are processed within one business day.,1,0.94,satisfied,False,True,False,general
SEC-G-0038,Received email with suspicious attachment,"Hello, I received an invoice email from an unknown sender with a ZIP attachment. I did not open it but wanted to report it. Please help.",Security & Threats,Medium,Sales,quick_fix,Forward the email as an attachment to security@company.com and then delete it. Do not open the attachment under any circumstances.,1,0.93,satisfied,False,True,False,general
SEC-G-0039,Account showing logins from unknown location,Quick question — i received an alert that my account was logged into from a foreign country at 3am. I did not do this.,Security & Threats,Critical,Marketing,step_by_step,Step 1: Change your password immediately. Step 2: Enable multi-factor authentication. Step 3: Report to IT Security with alert details. Step 4: IT will investigate and terminate all active sessions.,4,0.61,escalated,True,False,False,general
SEC-G-0040,USB device policy blocking my work drive,Following up on this issue — the security policy is blocking my USB drive which I use for legitimate work purposes.,Security & Threats,Medium,Marketing,quick_fix,Submit a USB device exception request through the IT Security portal with your device serial number and business justification. Approved exceptions are processed within one business day.,1,0.93,satisfied,False,True,False,general
SEC-G-0041,Received email with suspicious attachment,I have been dealing with this for days. I received an invoice email from an unknown sender with a ZIP attachment. I did not open it but wanted to report it.,Security & Threats,Medium,Finance,quick_fix,Forward the email as an attachment to security@company.com and then delete it. Do not open the attachment under any circumstances.,1,0.95,satisfied,False,True,False,general
SEC-G-0042,Colleague accessed my computer without permission,I have been dealing with this for days. I noticed someone logged into my computer while I was away. My session was not locked.,Security & Threats,Medium,Finance,step_by_step,Step 1: Change your password immediately from a different device. Step 2: Report the incident to IT Security with time and details. Step 3: IT will check access logs. Step 4: Enable auto-lock screen timeout if not already set.,4,0.68,satisfied,False,False,False,general
SEC-G-0043,Received email with suspicious attachment,"Hello, I received an invoice email from an unknown sender with a ZIP attachment. I did not open it but wanted to report it. Please help.",Security & Threats,Medium,IT,quick_fix,Forward the email as an attachment to security@company.com and then delete it. Do not open the attachment under any circumstances.,1,0.84,satisfied,False,True,False,general
SEC-G-0044,Received email with suspicious attachment,"Hi team, i received an invoice email from an unknown sender with a ZIP attachment. I did not open it but wanted to report it.",Security & Threats,Medium,IT,quick_fix,Forward the email as an attachment to security@company.com and then delete it. Do not open the attachment under any circumstances.,1,0.91,satisfied,False,True,False,general
SEC-G-0045,Received suspicious phishing email,Quick question — i received an email claiming to be from our CEO asking me to urgently purchase gift cards and send the codes.,Security & Threats,Critical,HR,step_by_step,Step 1: Do NOT click any links or reply. Step 2: Forward the email as an attachment to security@company.com. Step 3: Delete the email from inbox. Step 4: IT Security will investigate and send a company-wide alert if needed.,4,0.91,escalated,True,True,False,general
SEC-G-0046,What is the company data classification policy,Not sure if this is the right place but i am creating a document with client data and not sure what sensitivity label to apply.,Security & Threats,Medium,Operations,information,The company data classification policy is on the intranet under IT Policies > Data Governance. Client data is typically classified as Confidential. Contact the Data Protection team for specific guidance.,1,0.84,not_helpful,False,False,False,general
SEC-G-0047,Colleague accessed my computer without permission,"Hi, I noticed someone logged into my computer while I was away. My session was not locked.",Security & Threats,High,Sales,step_by_step,Step 1: Change your password immediately from a different device. Step 2: Report the incident to IT Security with time and details. Step 3: IT will check access logs. Step 4: Enable auto-lock screen timeout if not already set.,4,0.82,satisfied,False,False,False,general
SEC-G-0048,Account showing logins from unknown location,Following up on this issue — i received an alert that my account was logged into from a foreign country at 3am. I did not do this.,Security & Threats,Critical,Finance,step_by_step,Step 1: Change your password immediately. Step 2: Enable multi-factor authentication. Step 3: Report to IT Security with alert details. Step 4: IT will investigate and terminate all active sessions.,4,0.65,escalated,True,False,False,general
SEC-G-0049,Received email with suspicious attachment,This is really frustrating. I received an invoice email from an unknown sender with a ZIP attachment. I did not open it but wanted to report it.,Security & Threats,High,Marketing,quick_fix,Forward the email as an attachment to security@company.com and then delete it. Do not open the attachment under any circumstances.,1,0.83,satisfied,False,True,False,general
SEC-G-0050,Suspected malware on my computer,Following up on this issue — my computer is behaving strangely — pop-ups appearing and browser redirecting. I think I clicked a bad link.,Security & Threats,Critical,Sales,step_by_step,Step 1: Disconnect from the network immediately — unplug ethernet and disable WiFi. Step 2: Do NOT attempt to fix it yourself. Step 3: Call IT Security for emergency response. Step 4: IT will isolate the machine and run forensic analysis.,4,0.44,escalated,True,False,False,general
SEC-G-0051,USB device policy blocking my work drive,Following up on this issue — the security policy is blocking my USB drive which I use for legitimate work purposes.,Security & Threats,High,HR,quick_fix,Submit a USB device exception request through the IT Security portal with your device serial number and business justification. Approved exceptions are processed within one business day.,1,0.83,satisfied,False,True,False,general
SEC-G-0052,Suspected malware on my computer,Not sure if this is the right place but my computer is behaving strangely — pop-ups appearing and browser redirecting. I think I clicked a bad link.,Security & Threats,Critical,IT,step_by_step,Step 1: Disconnect from the network immediately — unplug ethernet and disable WiFi. Step 2: Do NOT attempt to fix it yourself. Step 3: Call IT Security for emergency response. Step 4: IT will isolate the machine and run forensic analysis.,4,0.58,escalated,True,False,False,general
SEC-G-0053,What is the company data classification policy,This is really frustrating. I am creating a document with client data and not sure what sensitivity label to apply.,Security & Threats,Low,HR,information,The company data classification policy is on the intranet under IT Policies > Data Governance. Client data is typically classified as Confidential. Contact the Data Protection team for specific guidance.,1,0.73,satisfied,False,False,False,general
SEC-G-0054,Received email with suspicious attachment,I received an invoice email from an unknown sender with a ZIP attachment. I did not open it but wanted to report it.,Security & Threats,High,Marketing,quick_fix,Forward the email as an attachment to security@company.com and then delete it. Do not open the attachment under any circumstances.,1,0.9,satisfied,False,True,False,general
SEC-G-0055,USB device policy blocking my work drive,"Hi team, the security policy is blocking my USB drive which I use for legitimate work purposes.",Security & Threats,Medium,IT,quick_fix,Submit a USB device exception request through the IT Security portal with your device serial number and business justification. Approved exceptions are processed within one business day.,1,0.96,satisfied,False,True,False,general
SEC-G-0056,Colleague accessed my computer without permission,"Hello, I noticed someone logged into my computer while I was away. My session was not locked. Please help.",Security & Threats,High,IT,step_by_step,Step 1: Change your password immediately from a different device. Step 2: Report the incident to IT Security with time and details. Step 3: IT will check access logs. Step 4: Enable auto-lock screen timeout if not already set.,4,0.81,satisfied,False,False,False,general
SEC-G-0057,Received email with suspicious attachment,Following up on this issue — i received an invoice email from an unknown sender with a ZIP attachment. I did not open it but wanted to report it.,Security & Threats,Medium,Sales,quick_fix,Forward the email as an attachment to security@company.com and then delete it. Do not open the attachment under any circumstances.,1,0.92,satisfied,False,True,False,general
SEC-G-0058,USB device policy blocking my work drive,The security policy is blocking my USB drive which I use for legitimate work purposes.,Security & Threats,Medium,Finance,quick_fix,Submit a USB device exception request through the IT Security portal with your device serial number and business justification. Approved exceptions are processed within one business day.,1,0.96,satisfied,False,True,False,general
SEC-G-0059,USB device policy blocking my work drive,Quick question — the security policy is blocking my USB drive which I use for legitimate work purposes.,Security & Threats,High,Operations,quick_fix,Submit a USB device exception request through the IT Security portal with your device serial number and business justification. Approved exceptions are processed within one business day.,1,0.82,satisfied,False,True,False,general
SEC-G-0060,Suspected malware on my computer,My computer is behaving strangely — pop-ups appearing and browser redirecting. I think I clicked a bad link.,Security & Threats,Critical,IT,step_by_step,Step 1: Disconnect from the network immediately — unplug ethernet and disable WiFi. Step 2: Do NOT attempt to fix it yourself. Step 3: Call IT Security for emergency response. Step 4: IT will isolate the machine and run forensic analysis.,4,0.6,escalated,True,False,False,general
SEC-G-0061,Colleague accessed my computer without permission,I noticed someone logged into my computer while I was away. My session was not locked.,Security & Threats,High,Marketing,step_by_step,Step 1: Change your password immediately from a different device. Step 2: Report the incident to IT Security with time and details. Step 3: IT will check access logs. Step 4: Enable auto-lock screen timeout if not already set.,4,0.77,satisfied,False,False,False,general
SEC-G-0062,Laptop stolen from office,"Hi team, my laptop was stolen from my desk while I stepped out for lunch. It contains client data and company files.",Security & Threats,Critical,IT,step_by_step,Step 1: Report theft to building security and file a police report immediately. Step 2: Contact IT Security to remotely wipe the device. Step 3: Change all passwords from a different device immediately. Step 4: IT will revoke access credentials and notify the data protection team.,4,0.43,escalated,True,False,False,general
SEC-G-0063,What is the company data classification policy,Urgent - I am creating a document with client data and not sure what sensitivity label to apply.,Security & Threats,Low,Finance,information,The company data classification policy is on the intranet under IT Policies > Data Governance. Client data is typically classified as Confidential. Contact the Data Protection team for specific guidance.,1,0.85,satisfied,False,False,False,general
SEC-G-0064,Received suspicious phishing email,"Hello, I received an email claiming to be from our CEO asking me to urgently purchase gift cards and send the codes. Please help.",Security & Threats,High,Operations,step_by_step,Step 1: Do NOT click any links or reply. Step 2: Forward the email as an attachment to security@company.com. Step 3: Delete the email from inbox. Step 4: IT Security will investigate and send a company-wide alert if needed.,4,0.92,satisfied,False,True,False,general
SEC-G-0065,Suspected malware on my computer,I have been dealing with this for days. My computer is behaving strangely — pop-ups appearing and browser redirecting. I think I clicked a bad link.,Security & Threats,Critical,Marketing,step_by_step,Step 1: Disconnect from the network immediately — unplug ethernet and disable WiFi. Step 2: Do NOT attempt to fix it yourself. Step 3: Call IT Security for emergency response. Step 4: IT will isolate the machine and run forensic analysis.,4,0.65,escalated,True,False,False,general
SEC-G-0066,Laptop stolen from office,Following up on this issue — my laptop was stolen from my desk while I stepped out for lunch. It contains client data and company files.,Security & Threats,Critical,Finance,step_by_step,Step 1: Report theft to building security and file a police report immediately. Step 2: Contact IT Security to remotely wipe the device. Step 3: Change all passwords from a different device immediately. Step 4: IT will revoke access credentials and notify the data protection team.,4,0.62,escalated,True,False,False,general
SEC-G-0067,USB device policy blocking my work drive,This is really frustrating. The security policy is blocking my USB drive which I use for legitimate work purposes.,Security & Threats,High,Marketing,quick_fix,Submit a USB device exception request through the IT Security portal with your device serial number and business justification. Approved exceptions are processed within one business day.,1,0.95,not_helpful,False,True,False,general
SEC-G-0068,Account showing logins from unknown location,Following up on this issue — i received an alert that my account was logged into from a foreign country at 3am. I did not do this.,Security & Threats,Critical,Finance,step_by_step,Step 1: Change your password immediately. Step 2: Enable multi-factor authentication. Step 3: Report to IT Security with alert details. Step 4: IT will investigate and terminate all active sessions.,4,0.43,escalated,True,False,False,general
SEC-G-0069,What is the company data classification policy,"Hi team, i am creating a document with client data and not sure what sensitivity label to apply.",Security & Threats,Low,Operations,information,The company data classification policy is on the intranet under IT Policies > Data Governance. Client data is typically classified as Confidential. Contact the Data Protection team for specific guidance.,1,0.72,satisfied,False,False,False,general
SEC-G-0070,What is the company data classification policy,"Hi team, i am creating a document with client data and not sure what sensitivity label to apply.",Security & Threats,Low,Sales,information,The company data classification policy is on the intranet under IT Policies > Data Governance. Client data is typically classified as Confidential. Contact the Data Protection team for specific guidance.,1,0.74,satisfied,False,False,False,general
SEC-G-0071,USB device policy blocking my work drive,The security policy is blocking my USB drive which I use for legitimate work purposes.,Security & Threats,Medium,HR,quick_fix,Submit a USB device exception request through the IT Security portal with your device serial number and business justification. Approved exceptions are processed within one business day.,1,0.98,satisfied,False,True,False,general
SEC-G-0072,Suspected malware on my computer,This is really frustrating. My computer is behaving strangely — pop-ups appearing and browser redirecting. I think I clicked a bad link.,Security & Threats,Critical,Marketing,step_by_step,Step 1: Disconnect from the network immediately — unplug ethernet and disable WiFi. Step 2: Do NOT attempt to fix it yourself. Step 3: Call IT Security for emergency response. Step 4: IT will isolate the machine and run forensic analysis.,4,0.64,escalated,True,False,False,general
SEC-G-0073,Received email with suspicious attachment,I received an invoice email from an unknown sender with a ZIP attachment. I did not open it but wanted to report it.,Security & Threats,Medium,HR,quick_fix,Forward the email as an attachment to security@company.com and then delete it. Do not open the attachment under any circumstances.,1,0.82,satisfied,False,True,False,general
SEC-G-0074,Suspected malware on my computer,This is really frustrating. My computer is behaving strangely — pop-ups appearing and browser redirecting. I think I clicked a bad link.,Security & Threats,Critical,IT,step_by_step,Step 1: Disconnect from the network immediately — unplug ethernet and disable WiFi. Step 2: Do NOT attempt to fix it yourself. Step 3: Call IT Security for emergency response. Step 4: IT will isolate the machine and run forensic analysis.,4,0.46,escalated,True,False,False,general
SEC-G-0075,Colleague accessed my computer without permission,This is really frustrating. I noticed someone logged into my computer while I was away. My session was not locked.,Security & Threats,Critical,Finance,step_by_step,Step 1: Change your password immediately from a different device. Step 2: Report the incident to IT Security with time and details. Step 3: IT will check access logs. Step 4: Enable auto-lock screen timeout if not already set.,4,0.67,escalated,True,False,False,general
SEC-G-0076,Laptop stolen from office,"Hello, My laptop was stolen from my desk while I stepped out for lunch. It contains client data and company files. Please help.",Security & Threats,Critical,IT,step_by_step,Step 1: Report theft to building security and file a police report immediately. Step 2: Contact IT Security to remotely wipe the device. Step 3: Change all passwords from a different device immediately. Step 4: IT will revoke access credentials and notify the data protection team.,4,0.67,escalated,True,False,False,general
SEC-G-0077,What is the company data classification policy,"Hi team, i am creating a document with client data and not sure what sensitivity label to apply.",Security & Threats,Medium,Finance,information,The company data classification policy is on the intranet under IT Policies > Data Governance. Client data is typically classified as Confidential. Contact the Data Protection team for specific guidance.,1,0.88,not_helpful,False,False,False,general
SEC-G-0078,Received suspicious phishing email,"Hi team, i received an email claiming to be from our CEO asking me to urgently purchase gift cards and send the codes.",Security & Threats,Critical,IT,step_by_step,Step 1: Do NOT click any links or reply. Step 2: Forward the email as an attachment to security@company.com. Step 3: Delete the email from inbox. Step 4: IT Security will investigate and send a company-wide alert if needed.,4,0.95,escalated,True,True,False,general
SEC-G-0079,What is the company data classification policy,Not sure if this is the right place but i am creating a document with client data and not sure what sensitivity label to apply.,Security & Threats,Medium,Sales,information,The company data classification policy is on the intranet under IT Policies > Data Governance. Client data is typically classified as Confidential. Contact the Data Protection team for specific guidance.,1,0.88,satisfied,False,False,False,general
SEC-G-0080,Received suspicious phishing email,Urgent - I received an email claiming to be from our CEO asking me to urgently purchase gift cards and send the codes.,Security & Threats,Critical,IT,step_by_step,Step 1: Do NOT click any links or reply. Step 2: Forward the email as an attachment to security@company.com. Step 3: Delete the email from inbox. Step 4: IT Security will investigate and send a company-wide alert if needed.,4,0.96,escalated,True,True,False,general
SEC-G-0081,What is the company data classification policy,"Hello, I am creating a document with client data and not sure what sensitivity label to apply. Please help.",Security & Threats,Low,Marketing,information,The company data classification policy is on the intranet under IT Policies > Data Governance. Client data is typically classified as Confidential. Contact the Data Protection team for specific guidance.,1,0.82,satisfied,False,False,False,general
SEC-G-0082,Received email with suspicious attachment,Quick question — i received an invoice email from an unknown sender with a ZIP attachment. I did not open it but wanted to report it.,Security & Threats,Low,Marketing,quick_fix,Forward the email as an attachment to security@company.com and then delete it. Do not open the attachment under any circumstances.,1,0.96,satisfied,False,True,False,general
SEC-G-0083,USB device policy blocking my work drive,This is really frustrating. The security policy is blocking my USB drive which I use for legitimate work purposes.,Security & Threats,Critical,Operations,quick_fix,Submit a USB device exception request through the IT Security portal with your device serial number and business justification. Approved exceptions are processed within one business day.,1,0.92,escalated,True,True,False,general
SEC-G-0084,Laptop stolen from office,Following up on this issue — my laptop was stolen from my desk while I stepped out for lunch. It contains client data and company files.,Security & Threats,Critical,Sales,step_by_step,Step 1: Report theft to building security and file a police report immediately. Step 2: Contact IT Security to remotely wipe the device. Step 3: Change all passwords from a different device immediately. Step 4: IT will revoke access credentials and notify the data protection team.,4,0.61,escalated,True,False,False,general
SEC-G-0085,Account showing logins from unknown location,Quick question — i received an alert that my account was logged into from a foreign country at 3am. I did not do this.,Security & Threats,Critical,HR,step_by_step,Step 1: Change your password immediately. Step 2: Enable multi-factor authentication. Step 3: Report to IT Security with alert details. Step 4: IT will investigate and terminate all active sessions.,4,0.63,escalated,True,False,False,general
SEC-G-0086,Received suspicious phishing email,Following up on this issue — i received an email claiming to be from our CEO asking me to urgently purchase gift cards and send the codes.,Security & Threats,High,Finance,step_by_step,Step 1: Do NOT click any links or reply. Step 2: Forward the email as an attachment to security@company.com. Step 3: Delete the email from inbox. Step 4: IT Security will investigate and send a company-wide alert if needed.,4,0.83,satisfied,False,True,False,general
SEC-G-0087,Laptop stolen from office,This is really frustrating. My laptop was stolen from my desk while I stepped out for lunch. It contains client data and company files.,Security & Threats,Critical,Sales,step_by_step,Step 1: Report theft to building security and file a police report immediately. Step 2: Contact IT Security to remotely wipe the device. Step 3: Change all passwords from a different device immediately. Step 4: IT will revoke access credentials and notify the data protection team.,4,0.5,escalated,True,False,False,general
SEC-G-0088,Received suspicious phishing email,"Hi, I received an email claiming to be from our CEO asking me to urgently purchase gift cards and send the codes.",Security & Threats,High,HR,step_by_step,Step 1: Do NOT click any links or reply. Step 2: Forward the email as an attachment to security@company.com. Step 3: Delete the email from inbox. Step 4: IT Security will investigate and send a company-wide alert if needed.,4,0.9,satisfied,False,True,False,general
SEC-G-0089,What is the company data classification policy,Following up on this issue — i am creating a document with client data and not sure what sensitivity label to apply.,Security & Threats,Low,IT,information,The company data classification policy is on the intranet under IT Policies > Data Governance. Client data is typically classified as Confidential. Contact the Data Protection team for specific guidance.,1,0.86,satisfied,False,False,False,general
SEC-G-0090,Received email with suspicious attachment,"Hi team, i received an invoice email from an unknown sender with a ZIP attachment. I did not open it but wanted to report it.",Security & Threats,Medium,IT,quick_fix,Forward the email as an attachment to security@company.com and then delete it. Do not open the attachment under any circumstances.,1,0.89,satisfied,False,True,False,general
SEC-G-0091,Account showing logins from unknown location,"Hi team, i received an alert that my account was logged into from a foreign country at 3am. I did not do this.",Security & Threats,Critical,Operations,step_by_step,Step 1: Change your password immediately. Step 2: Enable multi-factor authentication. Step 3: Report to IT Security with alert details. Step 4: IT will investigate and terminate all active sessions.,4,0.56,escalated,True,False,False,general
SEC-G-0092,Colleague accessed my computer without permission,Following up on this issue — i noticed someone logged into my computer while I was away. My session was not locked.,Security & Threats,Critical,Sales,step_by_step,Step 1: Change your password immediately from a different device. Step 2: Report the incident to IT Security with time and details. Step 3: IT will check access logs. Step 4: Enable auto-lock screen timeout if not already set.,4,0.76,escalated,True,False,False,general
SEC-G-0093,Received email with suspicious attachment,This is really frustrating. I received an invoice email from an unknown sender with a ZIP attachment. I did not open it but wanted to report it.,Security & Threats,High,Operations,quick_fix,Forward the email as an attachment to security@company.com and then delete it. Do not open the attachment under any circumstances.,1,0.95,satisfied,False,True,False,general
SEC-G-0094,What is the company data classification policy,"Hi team, i am creating a document with client data and not sure what sensitivity label to apply.",Security & Threats,Medium,Marketing,information,The company data classification policy is on the intranet under IT Policies > Data Governance. Client data is typically classified as Confidential. Contact the Data Protection team for specific guidance.,1,0.81,satisfied,False,False,False,general
SEC-G-0095,USB device policy blocking my work drive,"Hello, The security policy is blocking my USB drive which I use for legitimate work purposes. Please help.",Security & Threats,Low,Operations,quick_fix,Submit a USB device exception request through the IT Security portal with your device serial number and business justification. Approved exceptions are processed within one business day.,1,0.86,satisfied,False,True,False,general
SEC-G-0096,Received email with suspicious attachment,Urgent - I received an invoice email from an unknown sender with a ZIP attachment. I did not open it but wanted to report it.,Security & Threats,High,Marketing,quick_fix,Forward the email as an attachment to security@company.com and then delete it. Do not open the attachment under any circumstances.,1,0.81,satisfied,False,True,False,general
SEC-G-0097,Account showing logins from unknown location,"Hi, I received an alert that my account was logged into from a foreign country at 3am. I did not do this.",Security & Threats,Critical,HR,step_by_step,Step 1: Change your password immediately. Step 2: Enable multi-factor authentication. Step 3: Report to IT Security with alert details. Step 4: IT will investigate and terminate all active sessions.,4,0.58,escalated,True,False,False,general
SEC-G-0098,Account showing logins from unknown location,"Hi, I received an alert that my account was logged into from a foreign country at 3am. I did not do this.",Security & Threats,Critical,Marketing,step_by_step,Step 1: Change your password immediately. Step 2: Enable multi-factor authentication. Step 3: Report to IT Security with alert details. Step 4: IT will investigate and terminate all active sessions.,4,0.63,escalated,True,False,False,general
SEC-G-0099,Received email with suspicious attachment,Quick question — i received an invoice email from an unknown sender with a ZIP attachment. I did not open it but wanted to report it.,Security & Threats,Medium,HR,quick_fix,Forward the email as an attachment to security@company.com and then delete it. Do not open the attachment under any circumstances.,1,0.87,not_helpful,False,True,False,general
SEC-G-0100,What is the company data classification policy,Following up on this issue — i am creating a document with client data and not sure what sensitivity label to apply.,Security & Threats,Low,HR,information,The company data classification policy is on the intranet under IT Policies > Data Governance. Client data is typically classified as Confidential. Contact the Data Protection team for specific guidance.,1,0.86,satisfied,False,False,False,general
SEC-G-0101,Received suspicious phishing email,I have been dealing with this for days. I received an email claiming to be from our CEO asking me to urgently purchase gift cards and send the codes.,Security & Threats,High,Finance,step_by_step,Step 1: Do NOT click any links or reply. Step 2: Forward the email as an attachment to security@company.com. Step 3: Delete the email from inbox. Step 4: IT Security will investigate and send a company-wide alert if needed.,4,0.88,satisfied,False,True,False,general
SEC-G-0102,Suspected malware on my computer,Not sure if this is the right place but my computer is behaving strangely — pop-ups appearing and browser redirecting. I think I clicked a bad link.,Security & Threats,Critical,Marketing,step_by_step,Step 1: Disconnect from the network immediately — unplug ethernet and disable WiFi. Step 2: Do NOT attempt to fix it yourself. Step 3: Call IT Security for emergency response. Step 4: IT will isolate the machine and run forensic analysis.,4,0.45,escalated,True,False,False,general
SEC-G-0103,Received email with suspicious attachment,"Hi, I received an invoice email from an unknown sender with a ZIP attachment. I did not open it but wanted to report it.",Security & Threats,Medium,Sales,quick_fix,Forward the email as an attachment to security@company.com and then delete it. Do not open the attachment under any circumstances.,1,0.87,not_helpful,False,True,False,general
SEC-G-0104,Account showing logins from unknown location,Following up on this issue — i received an alert that my account was logged into from a foreign country at 3am. I did not do this.,Security & Threats,Critical,Finance,step_by_step,Step 1: Change your password immediately. Step 2: Enable multi-factor authentication. Step 3: Report to IT Security with alert details. Step 4: IT will investigate and terminate all active sessions.,4,0.67,escalated,True,False,False,general
SEC-G-0105,Suspected malware on my computer,I have been dealing with this for days. My computer is behaving strangely — pop-ups appearing and browser redirecting. I think I clicked a bad link.,Security & Threats,Critical,Sales,step_by_step,Step 1: Disconnect from the network immediately — unplug ethernet and disable WiFi. Step 2: Do NOT attempt to fix it yourself. Step 3: Call IT Security for emergency response. Step 4: IT will isolate the machine and run forensic analysis.,4,0.6,escalated,True,False,False,general
SEC-G-0106,Received email with suspicious attachment,"Hi, I received an invoice email from an unknown sender with a ZIP attachment. I did not open it but wanted to report it.",Security & Threats,High,Finance,quick_fix,Forward the email as an attachment to security@company.com and then delete it. Do not open the attachment under any circumstances.,1,0.97,satisfied,False,True,False,general
SEC-G-0107,Colleague accessed my computer without permission,Urgent - I noticed someone logged into my computer while I was away. My session was not locked.,Security & Threats,High,Operations,step_by_step,Step 1: Change your password immediately from a different device. Step 2: Report the incident to IT Security with time and details. Step 3: IT will check access logs. Step 4: Enable auto-lock screen timeout if not already set.,4,0.83,satisfied,False,False,False,general
SEC-G-0108,Received email with suspicious attachment,Quick question — i received an invoice email from an unknown sender with a ZIP attachment. I did not open it but wanted to report it.,Security & Threats,High,Operations,quick_fix,Forward the email as an attachment to security@company.com and then delete it. Do not open the attachment under any circumstances.,1,0.94,satisfied,False,True,False,general
SEC-G-0109,Account showing logins from unknown location,I have been dealing with this for days. I received an alert that my account was logged into from a foreign country at 3am. I did not do this.,Security & Threats,Critical,Sales,step_by_step,Step 1: Change your password immediately. Step 2: Enable multi-factor authentication. Step 3: Report to IT Security with alert details. Step 4: IT will investigate and terminate all active sessions.,4,0.65,escalated,True,False,False,general
SEC-G-0110,Account showing logins from unknown location,I received an alert that my account was logged into from a foreign country at 3am. I did not do this.,Security & Threats,Critical,IT,step_by_step,Step 1: Change your password immediately. Step 2: Enable multi-factor authentication. Step 3: Report to IT Security with alert details. Step 4: IT will investigate and terminate all active sessions.,4,0.56,escalated,True,False,False,general
SEC-G-0111,Suspected malware on my computer,"Hello, My computer is behaving strangely — pop-ups appearing and browser redirecting. I think I clicked a bad link. Please help.",Security & Threats,Critical,Finance,step_by_step,Step 1: Disconnect from the network immediately — unplug ethernet and disable WiFi. Step 2: Do NOT attempt to fix it yourself. Step 3: Call IT Security for emergency response. Step 4: IT will isolate the machine and run forensic analysis.,4,0.43,escalated,True,False,False,general
SEC-G-0112,Colleague accessed my computer without permission,"Hello, I noticed someone logged into my computer while I was away. My session was not locked. Please help.",Security & Threats,High,Finance,step_by_step,Step 1: Change your password immediately from a different device. Step 2: Report the incident to IT Security with time and details. Step 3: IT will check access logs. Step 4: Enable auto-lock screen timeout if not already set.,4,0.68,satisfied,False,False,False,general
SEC-G-0113,Received suspicious phishing email,I have been dealing with this for days. I received an email claiming to be from our CEO asking me to urgently purchase gift cards and send the codes.,Security & Threats,High,Finance,step_by_step,Step 1: Do NOT click any links or reply. Step 2: Forward the email as an attachment to security@company.com. Step 3: Delete the email from inbox. Step 4: IT Security will investigate and send a company-wide alert if needed.,4,0.88,satisfied,False,True,False,general
SEC-G-0114,Account showing logins from unknown location,"Hello, I received an alert that my account was logged into from a foreign country at 3am. I did not do this. Please help.",Security & Threats,Critical,Marketing,step_by_step,Step 1: Change your password immediately. Step 2: Enable multi-factor authentication. Step 3: Report to IT Security with alert details. Step 4: IT will investigate and terminate all active sessions.,4,0.62,escalated,True,False,False,general
SEC-G-0115,Received suspicious phishing email,This is really frustrating. I received an email claiming to be from our CEO asking me to urgently purchase gift cards and send the codes.,Security & Threats,Critical,Operations,step_by_step,Step 1: Do NOT click any links or reply. Step 2: Forward the email as an attachment to security@company.com. Step 3: Delete the email from inbox. Step 4: IT Security will investigate and send a company-wide alert if needed.,4,0.87,escalated,True,True,False,general
SEC-G-0116,Received suspicious phishing email,Following up on this issue — i received an email claiming to be from our CEO asking me to urgently purchase gift cards and send the codes.,Security & Threats,Medium,Finance,step_by_step,Step 1: Do NOT click any links or reply. Step 2: Forward the email as an attachment to security@company.com. Step 3: Delete the email from inbox. Step 4: IT Security will investigate and send a company-wide alert if needed.,4,0.85,satisfied,False,True,False,general
SEC-G-0117,Received email with suspicious attachment,"Hi, I received an invoice email from an unknown sender with a ZIP attachment. I did not open it but wanted to report it.",Security & Threats,High,Sales,quick_fix,Forward the email as an attachment to security@company.com and then delete it. Do not open the attachment under any circumstances.,1,0.9,satisfied,False,True,False,general
SEC-G-0118,What is the company data classification policy,Urgent - I am creating a document with client data and not sure what sensitivity label to apply.,Security & Threats,Low,Marketing,information,The company data classification policy is on the intranet under IT Policies > Data Governance. Client data is typically classified as Confidential. Contact the Data Protection team for specific guidance.,1,0.88,satisfied,False,False,False,general
SEC-G-0119,Laptop stolen from office,I have been dealing with this for days. My laptop was stolen from my desk while I stepped out for lunch. It contains client data and company files.,Security & Threats,Critical,Sales,step_by_step,Step 1: Report theft to building security and file a police report immediately. Step 2: Contact IT Security to remotely wipe the device. Step 3: Change all passwords from a different device immediately. Step 4: IT will revoke access credentials and notify the data protection team.,4,0.53,escalated,True,False,False,general
SEC-G-0120,Suspected malware on my computer,My computer is behaving strangely — pop-ups appearing and browser redirecting. I think I clicked a bad link.,Security & Threats,Critical,Sales,step_by_step,Step 1: Disconnect from the network immediately — unplug ethernet and disable WiFi. Step 2: Do NOT attempt to fix it yourself. Step 3: Call IT Security for emergency response. Step 4: IT will isolate the machine and run forensic analysis.,4,0.64,escalated,True,False,False,general
SEC-G-0121,What is the company data classification policy,This is really frustrating. I am creating a document with client data and not sure what sensitivity label to apply.,Security & Threats,Medium,Operations,information,The company data classification policy is on the intranet under IT Policies > Data Governance. Client data is typically classified as Confidential. Contact the Data Protection team for specific guidance.,1,0.76,satisfied,False,False,False,general
SEC-G-0122,Received suspicious phishing email,"Hello, I received an email claiming to be from our CEO asking me to urgently purchase gift cards and send the codes. Please help.",Security & Threats,High,IT,step_by_step,Step 1: Do NOT click any links or reply. Step 2: Forward the email as an attachment to security@company.com. Step 3: Delete the email from inbox. Step 4: IT Security will investigate and send a company-wide alert if needed.,4,0.91,satisfied,False,True,False,general
SEC-G-0123,Received email with suspicious attachment,Urgent - I received an invoice email from an unknown sender with a ZIP attachment. I did not open it but wanted to report it.,Security & Threats,Low,Operations,quick_fix,Forward the email as an attachment to security@company.com and then delete it. Do not open the attachment under any circumstances.,1,0.93,satisfied,False,True,False,general
SEC-G-0124,Laptop stolen from office,I have been dealing with this for days. My laptop was stolen from my desk while I stepped out for lunch. It contains client data and company files.,Security & Threats,Critical,Operations,step_by_step,Step 1: Report theft to building security and file a police report immediately. Step 2: Contact IT Security to remotely wipe the device. Step 3: Change all passwords from a different device immediately. Step 4: IT will revoke access credentials and notify the data protection team.,4,0.46,escalated,True,False,False,general
SEC-G-0125,Account showing logins from unknown location,"Hi, I received an alert that my account was logged into from a foreign country at 3am. I did not do this.",Security & Threats,Critical,Marketing,step_by_step,Step 1: Change your password immediately. Step 2: Enable multi-factor authentication. Step 3: Report to IT Security with alert details. Step 4: IT will investigate and terminate all active sessions.,4,0.48,escalated,True,False,False,general
SEC-G-0126,Received email with suspicious attachment,Quick question — i received an invoice email from an unknown sender with a ZIP attachment. I did not open it but wanted to report it.,Security & Threats,Medium,Operations,quick_fix,Forward the email as an attachment to security@company.com and then delete it. Do not open the attachment under any circumstances.,1,0.85,not_helpful,False,True,False,general
SEC-G-0127,What is the company data classification policy,I am creating a document with client data and not sure what sensitivity label to apply.,Security & Threats,High,HR,information,The company data classification policy is on the intranet under IT Policies > Data Governance. Client data is typically classified as Confidential. Contact the Data Protection team for specific guidance.,1,0.92,not_helpful,False,False,False,general
SEC-G-0128,Received email with suspicious attachment,Quick question — i received an invoice email from an unknown sender with a ZIP attachment. I did not open it but wanted to report it.,Security & Threats,Medium,Finance,quick_fix,Forward the email as an attachment to security@company.com and then delete it. Do not open the attachment under any circumstances.,1,0.96,satisfied,False,True,False,general
SEC-G-0129,Received suspicious phishing email,"Hi team, i received an email claiming to be from our CEO asking me to urgently purchase gift cards and send the codes.",Security & Threats,High,IT,step_by_step,Step 1: Do NOT click any links or reply. Step 2: Forward the email as an attachment to security@company.com. Step 3: Delete the email from inbox. Step 4: IT Security will investigate and send a company-wide alert if needed.,4,0.86,not_helpful,False,True,False,general
SEC-G-0130,Colleague accessed my computer without permission,This is really frustrating. I noticed someone logged into my computer while I was away. My session was not locked.,Security & Threats,High,Operations,step_by_step,Step 1: Change your password immediately from a different device. Step 2: Report the incident to IT Security with time and details. Step 3: IT will check access logs. Step 4: Enable auto-lock screen timeout if not already set.,4,0.71,not_helpful,False,False,False,general
SEC-G-0131,What is the company data classification policy,This is really frustrating. I am creating a document with client data and not sure what sensitivity label to apply.,Security & Threats,Low,Operations,information,The company data classification policy is on the intranet under IT Policies > Data Governance. Client data is typically classified as Confidential. Contact the Data Protection team for specific guidance.,1,0.79,satisfied,False,False,False,general
SEC-G-0132,Laptop stolen from office,I have been dealing with this for days. My laptop was stolen from my desk while I stepped out for lunch. It contains client data and company files.,Security & Threats,Critical,Operations,step_by_step,Step 1: Report theft to building security and file a police report immediately. Step 2: Contact IT Security to remotely wipe the device. Step 3: Change all passwords from a different device immediately. Step 4: IT will revoke access credentials and notify the data protection team.,4,0.46,escalated,True,False,False,general
SEC-G-0133,Received suspicious phishing email,"Hi, I received an email claiming to be from our CEO asking me to urgently purchase gift cards and send the codes.",Security & Threats,High,Marketing,step_by_step,Step 1: Do NOT click any links or reply. Step 2: Forward the email as an attachment to security@company.com. Step 3: Delete the email from inbox. Step 4: IT Security will investigate and send a company-wide alert if needed.,4,0.84,satisfied,False,True,False,general
SEC-G-0134,Account showing logins from unknown location,Not sure if this is the right place but i received an alert that my account was logged into from a foreign country at 3am. I did not do this.,Security & Threats,Critical,Marketing,step_by_step,Step 1: Change your password immediately. Step 2: Enable multi-factor authentication. Step 3: Report to IT Security with alert details. Step 4: IT will investigate and terminate all active sessions.,4,0.47,escalated,True,False,False,general
SEC-G-0135,Laptop stolen from office,Following up on this issue — my laptop was stolen from my desk while I stepped out for lunch. It contains client data and company files.,Security & Threats,Critical,Marketing,step_by_step,Step 1: Report theft to building security and file a police report immediately. Step 2: Contact IT Security to remotely wipe the device. Step 3: Change all passwords from a different device immediately. Step 4: IT will revoke access credentials and notify the data protection team.,4,0.46,escalated,True,False,False,general
SEC-G-0136,Received email with suspicious attachment,"Hello, I received an invoice email from an unknown sender with a ZIP attachment. I did not open it but wanted to report it. Please help.",Security & Threats,Low,Operations,quick_fix,Forward the email as an attachment to security@company.com and then delete it. Do not open the attachment under any circumstances.,1,0.81,satisfied,False,True,False,general
SEC-G-0137,Laptop stolen from office,"Hello, My laptop was stolen from my desk while I stepped out for lunch. It contains client data and company files. Please help.",Security & Threats,Critical,IT,step_by_step,Step 1: Report theft to building security and file a police report immediately. Step 2: Contact IT Security to remotely wipe the device. Step 3: Change all passwords from a different device immediately. Step 4: IT will revoke access credentials and notify the data protection team.,4,0.48,escalated,True,False,False,general
SEC-G-0138,Account showing logins from unknown location,This is really frustrating. I received an alert that my account was logged into from a foreign country at 3am. I did not do this.,Security & Threats,Critical,HR,step_by_step,Step 1: Change your password immediately. Step 2: Enable multi-factor authentication. Step 3: Report to IT Security with alert details. Step 4: IT will investigate and terminate all active sessions.,4,0.53,escalated,True,False,False,general
SEC-G-0139,Account showing logins from unknown location,Quick question — i received an alert that my account was logged into from a foreign country at 3am. I did not do this.,Security & Threats,Critical,HR,step_by_step,Step 1: Change your password immediately. Step 2: Enable multi-factor authentication. Step 3: Report to IT Security with alert details. Step 4: IT will investigate and terminate all active sessions.,4,0.56,escalated,True,False,False,general
SEC-G-0140,Received suspicious phishing email,"Hi team, i received an email claiming to be from our CEO asking me to urgently purchase gift cards and send the codes.",Security & Threats,High,Sales,step_by_step,Step 1: Do NOT click any links or reply. Step 2: Forward the email as an attachment to security@company.com. Step 3: Delete the email from inbox. Step 4: IT Security will investigate and send a company-wide alert if needed.,4,0.81,not_helpful,False,True,False,general
SEC-G-0141,Colleague accessed my computer without permission,Not sure if this is the right place but i noticed someone logged into my computer while I was away. My session was not locked.,Security & Threats,High,IT,step_by_step,Step 1: Change your password immediately from a different device. Step 2: Report the incident to IT Security with time and details. Step 3: IT will check access logs. Step 4: Enable auto-lock screen timeout if not already set.,4,0.71,not_helpful,False,False,False,general
SEC-G-0142,Received suspicious phishing email,Not sure if this is the right place but i received an email claiming to be from our CEO asking me to urgently purchase gift cards and send the codes.,Security & Threats,High,Operations,step_by_step,Step 1: Do NOT click any links or reply. Step 2: Forward the email as an attachment to security@company.com. Step 3: Delete the email from inbox. Step 4: IT Security will investigate and send a company-wide alert if needed.,4,0.9,satisfied,False,True,False,general
SEC-G-0143,Colleague accessed my computer without permission,This is really frustrating. I noticed someone logged into my computer while I was away. My session was not locked.,Security & Threats,Critical,HR,step_by_step,Step 1: Change your password immediately from a different device. Step 2: Report the incident to IT Security with time and details. Step 3: IT will check access logs. Step 4: Enable auto-lock screen timeout if not already set.,4,0.68,escalated,True,False,False,general
SEC-G-0144,Suspected malware on my computer,Quick question — my computer is behaving strangely — pop-ups appearing and browser redirecting. I think I clicked a bad link.,Security & Threats,Critical,IT,step_by_step,Step 1: Disconnect from the network immediately — unplug ethernet and disable WiFi. Step 2: Do NOT attempt to fix it yourself. Step 3: Call IT Security for emergency response. Step 4: IT will isolate the machine and run forensic analysis.,4,0.42,escalated,True,False,False,general
SEC-G-0145,Laptop stolen from office,This is really frustrating. My laptop was stolen from my desk while I stepped out for lunch. It contains client data and company files.,Security & Threats,Critical,Finance,step_by_step,Step 1: Report theft to building security and file a police report immediately. Step 2: Contact IT Security to remotely wipe the device. Step 3: Change all passwords from a different device immediately. Step 4: IT will revoke access credentials and notify the data protection team.,4,0.61,escalated,True,False,False,general
SEC-G-0146,Account showing logins from unknown location,Urgent - I received an alert that my account was logged into from a foreign country at 3am. I did not do this.,Security & Threats,Critical,Finance,step_by_step,Step 1: Change your password immediately. Step 2: Enable multi-factor authentication. Step 3: Report to IT Security with alert details. Step 4: IT will investigate and terminate all active sessions.,4,0.64,escalated,True,False,False,general
SEC-G-0147,Suspected malware on my computer,"Hi, My computer is behaving strangely — pop-ups appearing and browser redirecting. I think I clicked a bad link.",Security & Threats,Critical,HR,step_by_step,Step 1: Disconnect from the network immediately — unplug ethernet and disable WiFi. Step 2: Do NOT attempt to fix it yourself. Step 3: Call IT Security for emergency response. Step 4: IT will isolate the machine and run forensic analysis.,4,0.64,escalated,True,False,False,general
SEC-G-0148,Suspected malware on my computer,My computer is behaving strangely — pop-ups appearing and browser redirecting. I think I clicked a bad link.,Security & Threats,Critical,Operations,step_by_step,Step 1: Disconnect from the network immediately — unplug ethernet and disable WiFi. Step 2: Do NOT attempt to fix it yourself. Step 3: Call IT Security for emergency response. Step 4: IT will isolate the machine and run forensic analysis.,4,0.57,escalated,True,False,False,general
SEC-G-0149,What is the company data classification policy,"Hello, I am creating a document with client data and not sure what sensitivity label to apply. Please help.",Security & Threats,Low,HR,information,The company data classification policy is on the intranet under IT Policies > Data Governance. Client data is typically classified as Confidential. Contact the Data Protection team for specific guidance.,1,0.74,satisfied,False,False,False,general
SEC-G-0150,USB device policy blocking my work drive,Urgent - The security policy is blocking my USB drive which I use for legitimate work purposes.,Security & Threats,High,Marketing,quick_fix,Submit a USB device exception request through the IT Security portal with your device serial number and business justification. Approved exceptions are processed within one business day.,1,0.89,satisfied,False,True,False,general
SEC-G-0151,USB device policy blocking my work drive,This is really frustrating. The security policy is blocking my USB drive which I use for legitimate work purposes.,Security & Threats,Medium,IT,quick_fix,Submit a USB device exception request through the IT Security portal with your device serial number and business justification. Approved exceptions are processed within one business day.,1,0.91,not_helpful,False,True,False,general
SEC-G-0152,What is the company data classification policy,Urgent - I am creating a document with client data and not sure what sensitivity label to apply.,Security & Threats,Low,Operations,information,The company data classification policy is on the intranet under IT Policies > Data Governance. Client data is typically classified as Confidential. Contact the Data Protection team for specific guidance.,1,0.88,satisfied,False,False,False,general
SEC-G-0153,Received email with suspicious attachment,This is really frustrating. I received an invoice email from an unknown sender with a ZIP attachment. I did not open it but wanted to report it.,Security & Threats,High,Finance,quick_fix,Forward the email as an attachment to security@company.com and then delete it. Do not open the attachment under any circumstances.,1,0.97,satisfied,False,True,False,general
SEC-G-0154,USB device policy blocking my work drive,This is really frustrating. The security policy is blocking my USB drive which I use for legitimate work purposes.,Security & Threats,High,Finance,quick_fix,Submit a USB device exception request through the IT Security portal with your device serial number and business justification. Approved exceptions are processed within one business day.,1,0.92,satisfied,False,True,False,general
SEC-G-0155,Received email with suspicious attachment,"Hello, I received an invoice email from an unknown sender with a ZIP attachment. I did not open it but wanted to report it. Please help.",Security & Threats,High,IT,quick_fix,Forward the email as an attachment to security@company.com and then delete it. Do not open the attachment under any circumstances.,1,0.88,satisfied,False,True,False,general
SEC-G-0156,Laptop stolen from office,"Hello, My laptop was stolen from my desk while I stepped out for lunch. It contains client data and company files. Please help.",Security & Threats,Critical,Finance,step_by_step,Step 1: Report theft to building security and file a police report immediately. Step 2: Contact IT Security to remotely wipe the device. Step 3: Change all passwords from a different device immediately. Step 4: IT will revoke access credentials and notify the data protection team.,4,0.58,escalated,True,False,False,general
SEC-G-0157,USB device policy blocking my work drive,"Hi team, the security policy is blocking my USB drive which I use for legitimate work purposes.",Security & Threats,Medium,HR,quick_fix,Submit a USB device exception request through the IT Security portal with your device serial number and business justification. Approved exceptions are processed within one business day.,1,0.96,satisfied,False,True,False,general
SEC-G-0158,Received suspicious phishing email,Quick question — i received an email claiming to be from our CEO asking me to urgently purchase gift cards and send the codes.,Security & Threats,Critical,Finance,step_by_step,Step 1: Do NOT click any links or reply. Step 2: Forward the email as an attachment to security@company.com. Step 3: Delete the email from inbox. Step 4: IT Security will investigate and send a company-wide alert if needed.,4,0.9,escalated,True,True,False,general
SEC-G-0159,Received suspicious phishing email,Following up on this issue — i received an email claiming to be from our CEO asking me to urgently purchase gift cards and send the codes.,Security & Threats,High,Marketing,step_by_step,Step 1: Do NOT click any links or reply. Step 2: Forward the email as an attachment to security@company.com. Step 3: Delete the email from inbox. Step 4: IT Security will investigate and send a company-wide alert if needed.,4,0.9,not_helpful,False,True,False,general
SEC-G-0160,Suspected malware on my computer,Quick question — my computer is behaving strangely — pop-ups appearing and browser redirecting. I think I clicked a bad link.,Security & Threats,Critical,Marketing,step_by_step,Step 1: Disconnect from the network immediately — unplug ethernet and disable WiFi. Step 2: Do NOT attempt to fix it yourself. Step 3: Call IT Security for emergency response. Step 4: IT will isolate the machine and run forensic analysis.,4,0.48,escalated,True,False,False,general
SEC-G-0161,Colleague accessed my computer without permission,This is really frustrating. I noticed someone logged into my computer while I was away. My session was not locked.,Security & Threats,Medium,Operations,step_by_step,Step 1: Change your password immediately from a different device. Step 2: Report the incident to IT Security with time and details. Step 3: IT will check access logs. Step 4: Enable auto-lock screen timeout if not already set.,4,0.75,satisfied,False,False,False,general
SEC-G-0162,Received suspicious phishing email,Quick question — i received an email claiming to be from our CEO asking me to urgently purchase gift cards and send the codes.,Security & Threats,High,Marketing,step_by_step,Step 1: Do NOT click any links or reply. Step 2: Forward the email as an attachment to security@company.com. Step 3: Delete the email from inbox. Step 4: IT Security will investigate and send a company-wide alert if needed.,4,0.95,satisfied,False,True,False,general
SEC-G-0163,Suspected malware on my computer,Urgent - My computer is behaving strangely — pop-ups appearing and browser redirecting. I think I clicked a bad link.,Security & Threats,Critical,Finance,step_by_step,Step 1: Disconnect from the network immediately — unplug ethernet and disable WiFi. Step 2: Do NOT attempt to fix it yourself. Step 3: Call IT Security for emergency response. Step 4: IT will isolate the machine and run forensic analysis.,4,0.46,escalated,True,False,False,general
SEC-G-0164,Suspected malware on my computer,This is really frustrating. My computer is behaving strangely — pop-ups appearing and browser redirecting. I think I clicked a bad link.,Security & Threats,Critical,HR,step_by_step,Step 1: Disconnect from the network immediately — unplug ethernet and disable WiFi. Step 2: Do NOT attempt to fix it yourself. Step 3: Call IT Security for emergency response. Step 4: IT will isolate the machine and run forensic analysis.,4,0.55,escalated,True,False,False,general
SEC-G-0165,USB device policy blocking my work drive,"Hi, The security policy is blocking my USB drive which I use for legitimate work purposes.",Security & Threats,High,HR,quick_fix,Submit a USB device exception request through the IT Security portal with your device serial number and business justification. Approved exceptions are processed within one business day.,1,0.84,satisfied,False,True,False,general
SEC-G-0166,USB device policy blocking my work drive,Following up on this issue — the security policy is blocking my USB drive which I use for legitimate work purposes.,Security & Threats,Medium,HR,quick_fix,Submit a USB device exception request through the IT Security portal with your device serial number and business justification. Approved exceptions are processed within one business day.,1,0.94,satisfied,False,True,False,general
SEC-G-0167,Received suspicious phishing email,I have been dealing with this for days. I received an email claiming to be from our CEO asking me to urgently purchase gift cards and send the codes.,Security & Threats,Critical,Marketing,step_by_step,Step 1: Do NOT click any links or reply. Step 2: Forward the email as an attachment to security@company.com. Step 3: Delete the email from inbox. Step 4: IT Security will investigate and send a company-wide alert if needed.,4,0.86,escalated,True,True,False,general
SEC-G-0168,Colleague accessed my computer without permission,I have been dealing with this for days. I noticed someone logged into my computer while I was away. My session was not locked.,Security & Threats,Critical,Operations,step_by_step,Step 1: Change your password immediately from a different device. Step 2: Report the incident to IT Security with time and details. Step 3: IT will check access logs. Step 4: Enable auto-lock screen timeout if not already set.,4,0.7,escalated,True,False,False,general
SEC-G-0169,Suspected malware on my computer,Quick question — my computer is behaving strangely — pop-ups appearing and browser redirecting. I think I clicked a bad link.,Security & Threats,Critical,Marketing,step_by_step,Step 1: Disconnect from the network immediately — unplug ethernet and disable WiFi. Step 2: Do NOT attempt to fix it yourself. Step 3: Call IT Security for emergency response. Step 4: IT will isolate the machine and run forensic analysis.,4,0.52,escalated,True,False,False,general
SEC-G-0170,Laptop stolen from office,"Hi, My laptop was stolen from my desk while I stepped out for lunch. It contains client data and company files.",Security & Threats,Critical,Operations,step_by_step,Step 1: Report theft to building security and file a police report immediately. Step 2: Contact IT Security to remotely wipe the device. Step 3: Change all passwords from a different device immediately. Step 4: IT will revoke access credentials and notify the data protection team.,4,0.52,escalated,True,False,False,general
SEC-G-0171,Account showing logins from unknown location,Following up on this issue — i received an alert that my account was logged into from a foreign country at 3am. I did not do this.,Security & Threats,Critical,IT,step_by_step,Step 1: Change your password immediately. Step 2: Enable multi-factor authentication. Step 3: Report to IT Security with alert details. Step 4: IT will investigate and terminate all active sessions.,4,0.65,escalated,True,False,False,general
SEC-G-0172,Received suspicious phishing email,"Hi team, i received an email claiming to be from our CEO asking me to urgently purchase gift cards and send the codes.",Security & Threats,High,Operations,step_by_step,Step 1: Do NOT click any links or reply. Step 2: Forward the email as an attachment to security@company.com. Step 3: Delete the email from inbox. Step 4: IT Security will investigate and send a company-wide alert if needed.,4,0.83,satisfied,False,True,False,general
SEC-G-0173,Colleague accessed my computer without permission,"Hi team, i noticed someone logged into my computer while I was away. My session was not locked.",Security & Threats,High,Marketing,step_by_step,Step 1: Change your password immediately from a different device. Step 2: Report the incident to IT Security with time and details. Step 3: IT will check access logs. Step 4: Enable auto-lock screen timeout if not already set.,4,0.69,satisfied,False,False,False,general
SEC-G-0174,USB device policy blocking my work drive,Following up on this issue — the security policy is blocking my USB drive which I use for legitimate work purposes.,Security & Threats,Medium,IT,quick_fix,Submit a USB device exception request through the IT Security portal with your device serial number and business justification. Approved exceptions are processed within one business day.,1,0.86,satisfied,False,True,False,general
SEC-G-0175,USB device policy blocking my work drive,"Hi, The security policy is blocking my USB drive which I use for legitimate work purposes.",Security & Threats,Medium,HR,quick_fix,Submit a USB device exception request through the IT Security portal with your device serial number and business justification. Approved exceptions are processed within one business day.,1,0.92,satisfied,False,True,False,general
SEC-G-0176,Suspected malware on my computer,I have been dealing with this for days. My computer is behaving strangely — pop-ups appearing and browser redirecting. I think I clicked a bad link.,Security & Threats,Critical,HR,step_by_step,Step 1: Disconnect from the network immediately — unplug ethernet and disable WiFi. Step 2: Do NOT attempt to fix it yourself. Step 3: Call IT Security for emergency response. Step 4: IT will isolate the machine and run forensic analysis.,4,0.46,escalated,True,False,False,general
SEC-G-0177,Suspected malware on my computer,Urgent - My computer is behaving strangely — pop-ups appearing and browser redirecting. I think I clicked a bad link.,Security & Threats,Critical,Operations,step_by_step,Step 1: Disconnect from the network immediately — unplug ethernet and disable WiFi. Step 2: Do NOT attempt to fix it yourself. Step 3: Call IT Security for emergency response. Step 4: IT will isolate the machine and run forensic analysis.,4,0.49,escalated,True,False,False,general
SEC-G-0178,Account showing logins from unknown location,I received an alert that my account was logged into from a foreign country at 3am. I did not do this.,Security & Threats,Critical,Marketing,step_by_step,Step 1: Change your password immediately. Step 2: Enable multi-factor authentication. Step 3: Report to IT Security with alert details. Step 4: IT will investigate and terminate all active sessions.,4,0.57,escalated,True,False,False,general
SEC-G-0179,Colleague accessed my computer without permission,Quick question — i noticed someone logged into my computer while I was away. My session was not locked.,Security & Threats,Critical,IT,step_by_step,Step 1: Change your password immediately from a different device. Step 2: Report the incident to IT Security with time and details. Step 3: IT will check access logs. Step 4: Enable auto-lock screen timeout if not already set.,4,0.69,escalated,True,False,False,general
SEC-G-0180,What is the company data classification policy,Quick question — i am creating a document with client data and not sure what sensitivity label to apply.,Security & Threats,Low,Finance,information,The company data classification policy is on the intranet under IT Policies > Data Governance. Client data is typically classified as Confidential. Contact the Data Protection team for specific guidance.,1,0.92,satisfied,False,False,False,general
SEC-G-0181,Colleague accessed my computer without permission,Quick question — i noticed someone logged into my computer while I was away. My session was not locked.,Security & Threats,High,Operations,step_by_step,Step 1: Change your password immediately from a different device. Step 2: Report the incident to IT Security with time and details. Step 3: IT will check access logs. Step 4: Enable auto-lock screen timeout if not already set.,4,0.79,not_helpful,False,False,False,general
SEC-G-0182,Laptop stolen from office,"Hi team, my laptop was stolen from my desk while I stepped out for lunch. It contains client data and company files.",Security & Threats,Critical,HR,step_by_step,Step 1: Report theft to building security and file a police report immediately. Step 2: Contact IT Security to remotely wipe the device. Step 3: Change all passwords from a different device immediately. Step 4: IT will revoke access credentials and notify the data protection team.,4,0.52,escalated,True,False,False,general
SEC-G-0183,USB device policy blocking my work drive,Urgent - The security policy is blocking my USB drive which I use for legitimate work purposes.,Security & Threats,Medium,Operations,quick_fix,Submit a USB device exception request through the IT Security portal with your device serial number and business justification. Approved exceptions are processed within one business day.,1,0.96,satisfied,False,True,False,general
SEC-G-0184,Laptop stolen from office,Quick question — my laptop was stolen from my desk while I stepped out for lunch. It contains client data and company files.,Security & Threats,Critical,HR,step_by_step,Step 1: Report theft to building security and file a police report immediately. Step 2: Contact IT Security to remotely wipe the device. Step 3: Change all passwords from a different device immediately. Step 4: IT will revoke access credentials and notify the data protection team.,4,0.65,escalated,True,False,False,general
SEC-G-0185,Laptop stolen from office,Quick question — my laptop was stolen from my desk while I stepped out for lunch. It contains client data and company files.,Security & Threats,Critical,Operations,step_by_step,Step 1: Report theft to building security and file a police report immediately. Step 2: Contact IT Security to remotely wipe the device. Step 3: Change all passwords from a different device immediately. Step 4: IT will revoke access credentials and notify the data protection team.,4,0.59,escalated,True,False,False,general
SEC-G-0186,Received suspicious phishing email,Not sure if this is the right place but i received an email claiming to be from our CEO asking me to urgently purchase gift cards and send the codes.,Security & Threats,Critical,Operations,step_by_step,Step 1: Do NOT click any links or reply. Step 2: Forward the email as an attachment to security@company.com. Step 3: Delete the email from inbox. Step 4: IT Security will investigate and send a company-wide alert if needed.,4,0.94,escalated,True,True,False,general
SEC-G-0187,Account showing logins from unknown location,I have been dealing with this for days. I received an alert that my account was logged into from a foreign country at 3am. I did not do this.,Security & Threats,Critical,IT,step_by_step,Step 1: Change your password immediately. Step 2: Enable multi-factor authentication. Step 3: Report to IT Security with alert details. Step 4: IT will investigate and terminate all active sessions.,4,0.43,escalated,True,False,False,general
SEC-G-0188,USB device policy blocking my work drive,This is really frustrating. The security policy is blocking my USB drive which I use for legitimate work purposes.,Security & Threats,High,Operations,quick_fix,Submit a USB device exception request through the IT Security portal with your device serial number and business justification. Approved exceptions are processed within one business day.,1,0.89,satisfied,False,True,False,general
SEC-G-0189,Laptop stolen from office,"Hi, My laptop was stolen from my desk while I stepped out for lunch. It contains client data and company files.",Security & Threats,Critical,HR,step_by_step,Step 1: Report theft to building security and file a police report immediately. Step 2: Contact IT Security to remotely wipe the device. Step 3: Change all passwords from a different device immediately. Step 4: IT will revoke access credentials and notify the data protection team.,4,0.49,escalated,True,False,False,general
SEC-G-0190,Colleague accessed my computer without permission,I noticed someone logged into my computer while I was away. My session was not locked.,Security & Threats,High,Marketing,step_by_step,Step 1: Change your password immediately from a different device. Step 2: Report the incident to IT Security with time and details. Step 3: IT will check access logs. Step 4: Enable auto-lock screen timeout if not already set.,4,0.76,satisfied,False,False,False,general
SEC-G-0191,Received suspicious phishing email,"Hi, I received an email claiming to be from our CEO asking me to urgently purchase gift cards and send the codes.",Security & Threats,High,Marketing,step_by_step,Step 1: Do NOT click any links or reply. Step 2: Forward the email as an attachment to security@company.com. Step 3: Delete the email from inbox. Step 4: IT Security will investigate and send a company-wide alert if needed.,4,0.82,satisfied,False,True,False,general
SEC-G-0192,Received email with suspicious attachment,Quick question — i received an invoice email from an unknown sender with a ZIP attachment. I did not open it but wanted to report it.,Security & Threats,Medium,Sales,quick_fix,Forward the email as an attachment to security@company.com and then delete it. Do not open the attachment under any circumstances.,1,0.82,satisfied,False,True,False,general
SEC-G-0193,Colleague accessed my computer without permission,This is really frustrating. I noticed someone logged into my computer while I was away. My session was not locked.,Security & Threats,Critical,Operations,step_by_step,Step 1: Change your password immediately from a different device. Step 2: Report the incident to IT Security with time and details. Step 3: IT will check access logs. Step 4: Enable auto-lock screen timeout if not already set.,4,0.73,escalated,True,False,False,general
SEC-G-0194,Colleague accessed my computer without permission,"Hi, I noticed someone logged into my computer while I was away. My session was not locked.",Security & Threats,Critical,IT,step_by_step,Step 1: Change your password immediately from a different device. Step 2: Report the incident to IT Security with time and details. Step 3: IT will check access logs. Step 4: Enable auto-lock screen timeout if not already set.,4,0.73,escalated,True,False,False,general
SEC-G-0195,What is the company data classification policy,"Hello, I am creating a document with client data and not sure what sensitivity label to apply. Please help.",Security & Threats,Low,Operations,information,The company data classification policy is on the intranet under IT Policies > Data Governance. Client data is typically classified as Confidential. Contact the Data Protection team for specific guidance.,1,0.85,satisfied,False,False,False,general
SEC-G-0196,Received email with suspicious attachment,"Hi team, i received an invoice email from an unknown sender with a ZIP attachment. I did not open it but wanted to report it.",Security & Threats,High,Marketing,quick_fix,Forward the email as an attachment to security@company.com and then delete it. Do not open the attachment under any circumstances.,1,0.87,satisfied,False,True,False,general
SEC-G-0197,USB device policy blocking my work drive,"Hi, The security policy is blocking my USB drive which I use for legitimate work purposes.",Security & Threats,Medium,Operations,quick_fix,Submit a USB device exception request through the IT Security portal with your device serial number and business justification. Approved exceptions are processed within one business day.,1,0.93,satisfied,False,True,False,general
SEC-G-0198,Account showing logins from unknown location,Quick question — i received an alert that my account was logged into from a foreign country at 3am. I did not do this.,Security & Threats,Critical,Marketing,step_by_step,Step 1: Change your password immediately. Step 2: Enable multi-factor authentication. Step 3: Report to IT Security with alert details. Step 4: IT will investigate and terminate all active sessions.,4,0.63,escalated,True,False,False,general
SEC-G-0199,Received suspicious phishing email,"Hi team, i received an email claiming to be from our CEO asking me to urgently purchase gift cards and send the codes.",Security & Threats,High,Finance,step_by_step,Step 1: Do NOT click any links or reply. Step 2: Forward the email as an attachment to security@company.com. Step 3: Delete the email from inbox. Step 4: IT Security will investigate and send a company-wide alert if needed.,4,0.97,satisfied,False,True,False,general
SEC-G-0200,What is the company data classification policy,"Hi, I am creating a document with client data and not sure what sensitivity label to apply.",Security & Threats,Medium,Sales,information,The company data classification policy is on the intranet under IT Policies > Data Governance. Client data is typically classified as Confidential. Contact the Data Protection team for specific guidance.,1,0.82,satisfied,False,False,False,general
SEC-E-0001,Unauthorised user accessing ERPNext financial data,Not sure if this is the right place but a user from Sales can view Accounts and financial reports in ERPNext which they should not have access to.,Security & Threats,High,Operations,step_by_step,Step 1: Go to ERPNext > User and check the user roles. Step 2: Remove any accounting roles that should not be assigned. Step 3: Review the role profile for excessive permissions. Step 4: Enable audit logging for this user to review past activity.,4,0.55,escalated,True,False,True,erp
SEC-E-0002,ERPNext admin credentials may be compromised,Urgent - Someone may have the ERPNext administrator password. There are config changes I did not make.,Security & Threats,Critical,Marketing,step_by_step,Step 1: Change the Administrator password immediately. Step 2: Check ERPNext activity log for recent system changes. Step 3: Revoke all active admin sessions. Step 4: Enable two-factor authentication for admin accounts. Step 5: Escalate to IT Security for a full audit.,5,0.58,escalated,True,False,False,erp
SEC-E-0003,ERPNext admin credentials may be compromised,I have been dealing with this for days. Someone may have the ERPNext administrator password. There are config changes I did not make.,Security & Threats,Critical,Sales,step_by_step,Step 1: Change the Administrator password immediately. Step 2: Check ERPNext activity log for recent system changes. Step 3: Revoke all active admin sessions. Step 4: Enable two-factor authentication for admin accounts. Step 5: Escalate to IT Security for a full audit.,5,0.47,escalated,True,False,False,erp
SEC-E-0004,Unauthorised user accessing ERPNext financial data,"Hi, A user from Sales can view Accounts and financial reports in ERPNext which they should not have access to.",Security & Threats,Medium,Operations,step_by_step,Step 1: Go to ERPNext > User and check the user roles. Step 2: Remove any accounting roles that should not be assigned. Step 3: Review the role profile for excessive permissions. Step 4: Enable audit logging for this user to review past activity.,4,0.52,not_helpful,False,False,True,erp
SEC-E-0005,Unauthorised user accessing ERPNext financial data,A user from Sales can view Accounts and financial reports in ERPNext which they should not have access to.,Security & Threats,High,Finance,step_by_step,Step 1: Go to ERPNext > User and check the user roles. Step 2: Remove any accounting roles that should not be assigned. Step 3: Review the role profile for excessive permissions. Step 4: Enable audit logging for this user to review past activity.,4,0.47,escalated,True,False,True,erp
SEC-E-0006,Unauthorised user accessing ERPNext financial data,This is really frustrating. A user from Sales can view Accounts and financial reports in ERPNext which they should not have access to.,Security & Threats,Critical,Marketing,step_by_step,Step 1: Go to ERPNext > User and check the user roles. Step 2: Remove any accounting roles that should not be assigned. Step 3: Review the role profile for excessive permissions. Step 4: Enable audit logging for this user to review past activity.,4,0.57,escalated,True,False,True,erp
SEC-E-0007,ERPNext admin credentials may be compromised,Someone may have the ERPNext administrator password. There are config changes I did not make.,Security & Threats,Critical,Marketing,step_by_step,Step 1: Change the Administrator password immediately. Step 2: Check ERPNext activity log for recent system changes. Step 3: Revoke all active admin sessions. Step 4: Enable two-factor authentication for admin accounts. Step 5: Escalate to IT Security for a full audit.,5,0.47,escalated,True,False,False,erp
SEC-E-0008,Unauthorised user accessing ERPNext financial data,I have been dealing with this for days. A user from Sales can view Accounts and financial reports in ERPNext which they should not have access to.,Security & Threats,Critical,Operations,step_by_step,Step 1: Go to ERPNext > User and check the user roles. Step 2: Remove any accounting roles that should not be assigned. Step 3: Review the role profile for excessive permissions. Step 4: Enable audit logging for this user to review past activity.,4,0.51,escalated,True,False,True,erp
SEC-E-0009,ERPNext admin credentials may be compromised,"Hi, Someone may have the ERPNext administrator password. There are config changes I did not make.",Security & Threats,Critical,Operations,step_by_step,Step 1: Change the Administrator password immediately. Step 2: Check ERPNext activity log for recent system changes. Step 3: Revoke all active admin sessions. Step 4: Enable two-factor authentication for admin accounts. Step 5: Escalate to IT Security for a full audit.,5,0.63,escalated,True,False,False,erp
SEC-E-0010,Unauthorised user accessing ERPNext financial data,A user from Sales can view Accounts and financial reports in ERPNext which they should not have access to.,Security & Threats,High,Sales,step_by_step,Step 1: Go to ERPNext > User and check the user roles. Step 2: Remove any accounting roles that should not be assigned. Step 3: Review the role profile for excessive permissions. Step 4: Enable audit logging for this user to review past activity.,4,0.48,escalated,True,False,True,erp
SEC-E-0011,Unauthorised user accessing ERPNext financial data,"Hi team, a user from Sales can view Accounts and financial reports in ERPNext which they should not have access to.",Security & Threats,High,Operations,step_by_step,Step 1: Go to ERPNext > User and check the user roles. Step 2: Remove any accounting roles that should not be assigned. Step 3: Review the role profile for excessive permissions. Step 4: Enable audit logging for this user to review past activity.,4,0.41,escalated,True,False,True,erp
SEC-E-0012,ERPNext admin credentials may be compromised,I have been dealing with this for days. Someone may have the ERPNext administrator password. There are config changes I did not make.,Security & Threats,Critical,Sales,step_by_step,Step 1: Change the Administrator password immediately. Step 2: Check ERPNext activity log for recent system changes. Step 3: Revoke all active admin sessions. Step 4: Enable two-factor authentication for admin accounts. Step 5: Escalate to IT Security for a full audit.,5,0.45,escalated,True,False,False,erp
SEC-E-0013,ERPNext admin credentials may be compromised,Quick question — someone may have the ERPNext administrator password. There are config changes I did not make.,Security & Threats,Critical,IT,step_by_step,Step 1: Change the Administrator password immediately. Step 2: Check ERPNext activity log for recent system changes. Step 3: Revoke all active admin sessions. Step 4: Enable two-factor authentication for admin accounts. Step 5: Escalate to IT Security for a full audit.,5,0.67,escalated,True,False,False,erp
SEC-E-0014,Unauthorised user accessing ERPNext financial data,Following up on this issue — a user from Sales can view Accounts and financial reports in ERPNext which they should not have access to.,Security & Threats,High,Operations,step_by_step,Step 1: Go to ERPNext > User and check the user roles. Step 2: Remove any accounting roles that should not be assigned. Step 3: Review the role profile for excessive permissions. Step 4: Enable audit logging for this user to review past activity.,4,0.61,satisfied,False,False,True,erp
SEC-E-0015,Unauthorised user accessing ERPNext financial data,Not sure if this is the right place but a user from Sales can view Accounts and financial reports in ERPNext which they should not have access to.,Security & Threats,High,Marketing,step_by_step,Step 1: Go to ERPNext > User and check the user roles. Step 2: Remove any accounting roles that should not be assigned. Step 3: Review the role profile for excessive permissions. Step 4: Enable audit logging for this user to review past activity.,4,0.44,escalated,True,False,True,erp
SEC-E-0016,Unauthorised user accessing ERPNext financial data,This is really frustrating. A user from Sales can view Accounts and financial reports in ERPNext which they should not have access to.,Security & Threats,High,IT,step_by_step,Step 1: Go to ERPNext > User and check the user roles. Step 2: Remove any accounting roles that should not be assigned. Step 3: Review the role profile for excessive permissions. Step 4: Enable audit logging for this user to review past activity.,4,0.44,escalated,True,False,True,erp
SEC-E-0017,ERPNext admin credentials may be compromised,"Hello, Someone may have the ERPNext administrator password. There are config changes I did not make. Please help.",Security & Threats,Critical,Finance,step_by_step,Step 1: Change the Administrator password immediately. Step 2: Check ERPNext activity log for recent system changes. Step 3: Revoke all active admin sessions. Step 4: Enable two-factor authentication for admin accounts. Step 5: Escalate to IT Security for a full audit.,5,0.42,escalated,True,False,False,erp
SEC-E-0018,ERPNext admin credentials may be compromised,This is really frustrating. Someone may have the ERPNext administrator password. There are config changes I did not make.,Security & Threats,Critical,HR,step_by_step,Step 1: Change the Administrator password immediately. Step 2: Check ERPNext activity log for recent system changes. Step 3: Revoke all active admin sessions. Step 4: Enable two-factor authentication for admin accounts. Step 5: Escalate to IT Security for a full audit.,5,0.6,escalated,True,False,False,erp
SEC-E-0019,Unauthorised user accessing ERPNext financial data,Quick question — a user from Sales can view Accounts and financial reports in ERPNext which they should not have access to.,Security & Threats,High,Sales,step_by_step,Step 1: Go to ERPNext > User and check the user roles. Step 2: Remove any accounting roles that should not be assigned. Step 3: Review the role profile for excessive permissions. Step 4: Enable audit logging for this user to review past activity.,4,0.46,escalated,True,False,True,erp
SEC-E-0020,Unauthorised user accessing ERPNext financial data,"Hi, A user from Sales can view Accounts and financial reports in ERPNext which they should not have access to.",Security & Threats,Critical,IT,step_by_step,Step 1: Go to ERPNext > User and check the user roles. Step 2: Remove any accounting roles that should not be assigned. Step 3: Review the role profile for excessive permissions. Step 4: Enable audit logging for this user to review past activity.,4,0.54,escalated,True,False,True,erp
SEC-E-0021,Unauthorised user accessing ERPNext financial data,"Hello, A user from Sales can view Accounts and financial reports in ERPNext which they should not have access to. Please help.",Security & Threats,High,Finance,step_by_step,Step 1: Go to ERPNext > User and check the user roles. Step 2: Remove any accounting roles that should not be assigned. Step 3: Review the role profile for excessive permissions. Step 4: Enable audit logging for this user to review past activity.,4,0.44,escalated,True,False,True,erp
SEC-E-0022,Unauthorised user accessing ERPNext financial data,Quick question — a user from Sales can view Accounts and financial reports in ERPNext which they should not have access to.,Security & Threats,High,Sales,step_by_step,Step 1: Go to ERPNext > User and check the user roles. Step 2: Remove any accounting roles that should not be assigned. Step 3: Review the role profile for excessive permissions. Step 4: Enable audit logging for this user to review past activity.,4,0.44,escalated,True,False,True,erp
SEC-E-0023,Unauthorised user accessing ERPNext financial data,"Hi team, a user from Sales can view Accounts and financial reports in ERPNext which they should not have access to.",Security & Threats,High,Marketing,step_by_step,Step 1: Go to ERPNext > User and check the user roles. Step 2: Remove any accounting roles that should not be assigned. Step 3: Review the role profile for excessive permissions. Step 4: Enable audit logging for this user to review past activity.,4,0.41,escalated,True,False,True,erp
SEC-E-0024,ERPNext admin credentials may be compromised,I have been dealing with this for days. Someone may have the ERPNext administrator password. There are config changes I did not make.,Security & Threats,Critical,HR,step_by_step,Step 1: Change the Administrator password immediately. Step 2: Check ERPNext activity log for recent system changes. Step 3: Revoke all active admin sessions. Step 4: Enable two-factor authentication for admin accounts. Step 5: Escalate to IT Security for a full audit.,5,0.62,escalated,True,False,False,erp
SEC-E-0025,ERPNext admin credentials may be compromised,Quick question — someone may have the ERPNext administrator password. There are config changes I did not make.,Security & Threats,Critical,Sales,step_by_step,Step 1: Change the Administrator password immediately. Step 2: Check ERPNext activity log for recent system changes. Step 3: Revoke all active admin sessions. Step 4: Enable two-factor authentication for admin accounts. Step 5: Escalate to IT Security for a full audit.,5,0.5,escalated,True,False,False,erp
SEC-E-0026,ERPNext admin credentials may be compromised,I have been dealing with this for days. Someone may have the ERPNext administrator password. There are config changes I did not make.,Security & Threats,Critical,Sales,step_by_step,Step 1: Change the Administrator password immediately. Step 2: Check ERPNext activity log for recent system changes. Step 3: Revoke all active admin sessions. Step 4: Enable two-factor authentication for admin accounts. Step 5: Escalate to IT Security for a full audit.,5,0.62,escalated,True,False,False,erp
SEC-E-0027,ERPNext admin credentials may be compromised,Someone may have the ERPNext administrator password. There are config changes I did not make.,Security & Threats,Critical,Operations,step_by_step,Step 1: Change the Administrator password immediately. Step 2: Check ERPNext activity log for recent system changes. Step 3: Revoke all active admin sessions. Step 4: Enable two-factor authentication for admin accounts. Step 5: Escalate to IT Security for a full audit.,5,0.57,escalated,True,False,False,erp
SEC-E-0028,ERPNext admin credentials may be compromised,I have been dealing with this for days. Someone may have the ERPNext administrator password. There are config changes I did not make.,Security & Threats,Critical,Sales,step_by_step,Step 1: Change the Administrator password immediately. Step 2: Check ERPNext activity log for recent system changes. Step 3: Revoke all active admin sessions. Step 4: Enable two-factor authentication for admin accounts. Step 5: Escalate to IT Security for a full audit.,5,0.56,escalated,True,False,False,erp
SEC-E-0029,ERPNext admin credentials may be compromised,Following up on this issue — someone may have the ERPNext administrator password. There are config changes I did not make.,Security & Threats,Critical,HR,step_by_step,Step 1: Change the Administrator password immediately. Step 2: Check ERPNext activity log for recent system changes. Step 3: Revoke all active admin sessions. Step 4: Enable two-factor authentication for admin accounts. Step 5: Escalate to IT Security for a full audit.,5,0.62,escalated,True,False,False,erp
SEC-E-0030,ERPNext admin credentials may be compromised,"Hi, Someone may have the ERPNext administrator password. There are config changes I did not make.",Security & Threats,Critical,IT,step_by_step,Step 1: Change the Administrator password immediately. Step 2: Check ERPNext activity log for recent system changes. Step 3: Revoke all active admin sessions. Step 4: Enable two-factor authentication for admin accounts. Step 5: Escalate to IT Security for a full audit.,5,0.42,escalated,True,False,False,erp
SEC-E-0031,Unauthorised user accessing ERPNext financial data,"Hello, A user from Sales can view Accounts and financial reports in ERPNext which they should not have access to. Please help.",Security & Threats,High,Finance,step_by_step,Step 1: Go to ERPNext > User and check the user roles. Step 2: Remove any accounting roles that should not be assigned. Step 3: Review the role profile for excessive permissions. Step 4: Enable audit logging for this user to review past activity.,4,0.53,escalated,True,False,True,erp
SEC-E-0032,ERPNext admin credentials may be compromised,Quick question — someone may have the ERPNext administrator password. There are config changes I did not make.,Security & Threats,Critical,Sales,step_by_step,Step 1: Change the Administrator password immediately. Step 2: Check ERPNext activity log for recent system changes. Step 3: Revoke all active admin sessions. Step 4: Enable two-factor authentication for admin accounts. Step 5: Escalate to IT Security for a full audit.,5,0.54,escalated,True,False,False,erp
SEC-E-0033,ERPNext admin credentials may be compromised,Not sure if this is the right place but someone may have the ERPNext administrator password. There are config changes I did not make.,Security & Threats,Critical,Marketing,step_by_step,Step 1: Change the Administrator password immediately. Step 2: Check ERPNext activity log for recent system changes. Step 3: Revoke all active admin sessions. Step 4: Enable two-factor authentication for admin accounts. Step 5: Escalate to IT Security for a full audit.,5,0.53,escalated,True,False,False,erp
SEC-E-0034,ERPNext admin credentials may be compromised,Following up on this issue — someone may have the ERPNext administrator password. There are config changes I did not make.,Security & Threats,Critical,Finance,step_by_step,Step 1: Change the Administrator password immediately. Step 2: Check ERPNext activity log for recent system changes. Step 3: Revoke all active admin sessions. Step 4: Enable two-factor authentication for admin accounts. Step 5: Escalate to IT Security for a full audit.,5,0.52,escalated,True,False,False,erp
SEC-E-0035,Unauthorised user accessing ERPNext financial data,"Hi team, a user from Sales can view Accounts and financial reports in ERPNext which they should not have access to.",Security & Threats,Critical,Marketing,step_by_step,Step 1: Go to ERPNext > User and check the user roles. Step 2: Remove any accounting roles that should not be assigned. Step 3: Review the role profile for excessive permissions. Step 4: Enable audit logging for this user to review past activity.,4,0.54,escalated,True,False,True,erp
SEC-E-0036,ERPNext admin credentials may be compromised,Not sure if this is the right place but someone may have the ERPNext administrator password. There are config changes I did not make.,Security & Threats,Critical,Finance,step_by_step,Step 1: Change the Administrator password immediately. Step 2: Check ERPNext activity log for recent system changes. Step 3: Revoke all active admin sessions. Step 4: Enable two-factor authentication for admin accounts. Step 5: Escalate to IT Security for a full audit.,5,0.56,escalated,True,False,False,erp
SEC-E-0037,Unauthorised user accessing ERPNext financial data,Following up on this issue — a user from Sales can view Accounts and financial reports in ERPNext which they should not have access to.,Security & Threats,Critical,HR,step_by_step,Step 1: Go to ERPNext > User and check the user roles. Step 2: Remove any accounting roles that should not be assigned. Step 3: Review the role profile for excessive permissions. Step 4: Enable audit logging for this user to review past activity.,4,0.56,escalated,True,False,True,erp
SEC-E-0038,Unauthorised user accessing ERPNext financial data,I have been dealing with this for days. A user from Sales can view Accounts and financial reports in ERPNext which they should not have access to.,Security & Threats,High,Operations,step_by_step,Step 1: Go to ERPNext > User and check the user roles. Step 2: Remove any accounting roles that should not be assigned. Step 3: Review the role profile for excessive permissions. Step 4: Enable audit logging for this user to review past activity.,4,0.41,escalated,True,False,True,erp
SEC-E-0039,ERPNext admin credentials may be compromised,I have been dealing with this for days. Someone may have the ERPNext administrator password. There are config changes I did not make.,Security & Threats,Critical,Operations,step_by_step,Step 1: Change the Administrator password immediately. Step 2: Check ERPNext activity log for recent system changes. Step 3: Revoke all active admin sessions. Step 4: Enable two-factor authentication for admin accounts. Step 5: Escalate to IT Security for a full audit.,5,0.5,escalated,True,False,False,erp
SEC-E-0040,Unauthorised user accessing ERPNext financial data,A user from Sales can view Accounts and financial reports in ERPNext which they should not have access to.,Security & Threats,High,Finance,step_by_step,Step 1: Go to ERPNext > User and check the user roles. Step 2: Remove any accounting roles that should not be assigned. Step 3: Review the role profile for excessive permissions. Step 4: Enable audit logging for this user to review past activity.,4,0.55,escalated,True,False,True,erp
SEC-E-0041,ERPNext admin credentials may be compromised,Following up on this issue — someone may have the ERPNext administrator password. There are config changes I did not make.,Security & Threats,Critical,Marketing,step_by_step,Step 1: Change the Administrator password immediately. Step 2: Check ERPNext activity log for recent system changes. Step 3: Revoke all active admin sessions. Step 4: Enable two-factor authentication for admin accounts. Step 5: Escalate to IT Security for a full audit.,5,0.58,escalated,True,False,False,erp
SEC-E-0042,ERPNext admin credentials may be compromised,I have been dealing with this for days. Someone may have the ERPNext administrator password. There are config changes I did not make.,Security & Threats,Critical,Sales,step_by_step,Step 1: Change the Administrator password immediately. Step 2: Check ERPNext activity log for recent system changes. Step 3: Revoke all active admin sessions. Step 4: Enable two-factor authentication for admin accounts. Step 5: Escalate to IT Security for a full audit.,5,0.51,escalated,True,False,False,erp
SEC-E-0043,ERPNext admin credentials may be compromised,Quick question — someone may have the ERPNext administrator password. There are config changes I did not make.,Security & Threats,Critical,Finance,step_by_step,Step 1: Change the Administrator password immediately. Step 2: Check ERPNext activity log for recent system changes. Step 3: Revoke all active admin sessions. Step 4: Enable two-factor authentication for admin accounts. Step 5: Escalate to IT Security for a full audit.,5,0.45,escalated,True,False,False,erp
SEC-E-0044,Unauthorised user accessing ERPNext financial data,This is really frustrating. A user from Sales can view Accounts and financial reports in ERPNext which they should not have access to.,Security & Threats,Critical,Marketing,step_by_step,Step 1: Go to ERPNext > User and check the user roles. Step 2: Remove any accounting roles that should not be assigned. Step 3: Review the role profile for excessive permissions. Step 4: Enable audit logging for this user to review past activity.,4,0.45,escalated,True,False,True,erp
SEC-E-0045,ERPNext admin credentials may be compromised,"Hi team, someone may have the ERPNext administrator password. There are config changes I did not make.",Security & Threats,Critical,IT,step_by_step,Step 1: Change the Administrator password immediately. Step 2: Check ERPNext activity log for recent system changes. Step 3: Revoke all active admin sessions. Step 4: Enable two-factor authentication for admin accounts. Step 5: Escalate to IT Security for a full audit.,5,0.54,escalated,True,False,False,erp
SEC-E-0046,ERPNext admin credentials may be compromised,Urgent - Someone may have the ERPNext administrator password. There are config changes I did not make.,Security & Threats,Critical,Marketing,step_by_step,Step 1: Change the Administrator password immediately. Step 2: Check ERPNext activity log for recent system changes. Step 3: Revoke all active admin sessions. Step 4: Enable two-factor authentication for admin accounts. Step 5: Escalate to IT Security for a full audit.,5,0.67,escalated,True,False,False,erp
SEC-E-0047,ERPNext admin credentials may be compromised,Not sure if this is the right place but someone may have the ERPNext administrator password. There are config changes I did not make.,Security & Threats,Critical,HR,step_by_step,Step 1: Change the Administrator password immediately. Step 2: Check ERPNext activity log for recent system changes. Step 3: Revoke all active admin sessions. Step 4: Enable two-factor authentication for admin accounts. Step 5: Escalate to IT Security for a full audit.,5,0.58,escalated,True,False,False,erp
SEC-E-0048,Unauthorised user accessing ERPNext financial data,This is really frustrating. A user from Sales can view Accounts and financial reports in ERPNext which they should not have access to.,Security & Threats,High,Marketing,step_by_step,Step 1: Go to ERPNext > User and check the user roles. Step 2: Remove any accounting roles that should not be assigned. Step 3: Review the role profile for excessive permissions. Step 4: Enable audit logging for this user to review past activity.,4,0.43,escalated,True,False,True,erp
SEC-E-0049,ERPNext admin credentials may be compromised,Not sure if this is the right place but someone may have the ERPNext administrator password. There are config changes I did not make.,Security & Threats,Critical,Sales,step_by_step,Step 1: Change the Administrator password immediately. Step 2: Check ERPNext activity log for recent system changes. Step 3: Revoke all active admin sessions. Step 4: Enable two-factor authentication for admin accounts. Step 5: Escalate to IT Security for a full audit.,5,0.58,escalated,True,False,False,erp
SEC-E-0050,ERPNext admin credentials may be compromised,Quick question — someone may have the ERPNext administrator password. There are config changes I did not make.,Security & Threats,Critical,Operations,step_by_step,Step 1: Change the Administrator password immediately. Step 2: Check ERPNext activity log for recent system changes. Step 3: Revoke all active admin sessions. Step 4: Enable two-factor authentication for admin accounts. Step 5: Escalate to IT Security for a full audit.,5,0.66,escalated,True,False,False,erp
SEC-E-0051,ERPNext admin credentials may be compromised,Someone may have the ERPNext administrator password. There are config changes I did not make.,Security & Threats,Critical,Finance,step_by_step,Step 1: Change the Administrator password immediately. Step 2: Check ERPNext activity log for recent system changes. Step 3: Revoke all active admin sessions. Step 4: Enable two-factor authentication for admin accounts. Step 5: Escalate to IT Security for a full audit.,5,0.47,escalated,True,False,False,erp
SEC-E-0052,Unauthorised user accessing ERPNext financial data,"Hi team, a user from Sales can view Accounts and financial reports in ERPNext which they should not have access to.",Security & Threats,High,Finance,step_by_step,Step 1: Go to ERPNext > User and check the user roles. Step 2: Remove any accounting roles that should not be assigned. Step 3: Review the role profile for excessive permissions. Step 4: Enable audit logging for this user to review past activity.,4,0.61,satisfied,False,False,True,erp
SEC-E-0053,Unauthorised user accessing ERPNext financial data,Following up on this issue — a user from Sales can view Accounts and financial reports in ERPNext which they should not have access to.,Security & Threats,High,Operations,step_by_step,Step 1: Go to ERPNext > User and check the user roles. Step 2: Remove any accounting roles that should not be assigned. Step 3: Review the role profile for excessive permissions. Step 4: Enable audit logging for this user to review past activity.,4,0.4,escalated,True,False,True,erp
SEC-E-0054,Unauthorised user accessing ERPNext financial data,"Hi team, a user from Sales can view Accounts and financial reports in ERPNext which they should not have access to.",Security & Threats,Medium,HR,step_by_step,Step 1: Go to ERPNext > User and check the user roles. Step 2: Remove any accounting roles that should not be assigned. Step 3: Review the role profile for excessive permissions. Step 4: Enable audit logging for this user to review past activity.,4,0.48,escalated,False,False,True,erp
SEC-E-0055,ERPNext admin credentials may be compromised,Not sure if this is the right place but someone may have the ERPNext administrator password. There are config changes I did not make.,Security & Threats,Critical,Sales,step_by_step,Step 1: Change the Administrator password immediately. Step 2: Check ERPNext activity log for recent system changes. Step 3: Revoke all active admin sessions. Step 4: Enable two-factor authentication for admin accounts. Step 5: Escalate to IT Security for a full audit.,5,0.44,escalated,True,False,False,erp
SEC-E-0056,Unauthorised user accessing ERPNext financial data,Urgent - A user from Sales can view Accounts and financial reports in ERPNext which they should not have access to.,Security & Threats,High,Finance,step_by_step,Step 1: Go to ERPNext > User and check the user roles. Step 2: Remove any accounting roles that should not be assigned. Step 3: Review the role profile for excessive permissions. Step 4: Enable audit logging for this user to review past activity.,4,0.45,escalated,True,False,True,erp
SEC-E-0057,Unauthorised user accessing ERPNext financial data,This is really frustrating. A user from Sales can view Accounts and financial reports in ERPNext which they should not have access to.,Security & Threats,Medium,IT,step_by_step,Step 1: Go to ERPNext > User and check the user roles. Step 2: Remove any accounting roles that should not be assigned. Step 3: Review the role profile for excessive permissions. Step 4: Enable audit logging for this user to review past activity.,4,0.54,escalated,False,False,True,erp
SEC-E-0058,ERPNext admin credentials may be compromised,"Hello, Someone may have the ERPNext administrator password. There are config changes I did not make. Please help.",Security & Threats,Critical,Operations,step_by_step,Step 1: Change the Administrator password immediately. Step 2: Check ERPNext activity log for recent system changes. Step 3: Revoke all active admin sessions. Step 4: Enable two-factor authentication for admin accounts. Step 5: Escalate to IT Security for a full audit.,5,0.56,escalated,True,False,False,erp
SEC-E-0059,ERPNext admin credentials may be compromised,I have been dealing with this for days. Someone may have the ERPNext administrator password. There are config changes I did not make.,Security & Threats,Critical,Finance,step_by_step,Step 1: Change the Administrator password immediately. Step 2: Check ERPNext activity log for recent system changes. Step 3: Revoke all active admin sessions. Step 4: Enable two-factor authentication for admin accounts. Step 5: Escalate to IT Security for a full audit.,5,0.67,escalated,True,False,False,erp
SEC-E-0060,ERPNext admin credentials may be compromised,Quick question — someone may have the ERPNext administrator password. There are config changes I did not make.,Security & Threats,Critical,IT,step_by_step,Step 1: Change the Administrator password immediately. Step 2: Check ERPNext activity log for recent system changes. Step 3: Revoke all active admin sessions. Step 4: Enable two-factor authentication for admin accounts. Step 5: Escalate to IT Security for a full audit.,5,0.59,escalated,True,False,False,erp
SEC-E-0061,ERPNext admin credentials may be compromised,"Hi, Someone may have the ERPNext administrator password. There are config changes I did not make.",Security & Threats,Critical,HR,step_by_step,Step 1: Change the Administrator password immediately. Step 2: Check ERPNext activity log for recent system changes. Step 3: Revoke all active admin sessions. Step 4: Enable two-factor authentication for admin accounts. Step 5: Escalate to IT Security for a full audit.,5,0.55,escalated,True,False,False,erp
SEC-E-0062,ERPNext admin credentials may be compromised,Urgent - Someone may have the ERPNext administrator password. There are config changes I did not make.,Security & Threats,Critical,Sales,step_by_step,Step 1: Change the Administrator password immediately. Step 2: Check ERPNext activity log for recent system changes. Step 3: Revoke all active admin sessions. Step 4: Enable two-factor authentication for admin accounts. Step 5: Escalate to IT Security for a full audit.,5,0.53,escalated,True,False,False,erp
SEC-E-0063,Unauthorised user accessing ERPNext financial data,This is really frustrating. A user from Sales can view Accounts and financial reports in ERPNext which they should not have access to.,Security & Threats,Medium,Sales,step_by_step,Step 1: Go to ERPNext > User and check the user roles. Step 2: Remove any accounting roles that should not be assigned. Step 3: Review the role profile for excessive permissions. Step 4: Enable audit logging for this user to review past activity.,4,0.58,not_helpful,False,False,True,erp
SEC-E-0064,ERPNext admin credentials may be compromised,Following up on this issue — someone may have the ERPNext administrator password. There are config changes I did not make.,Security & Threats,Critical,IT,step_by_step,Step 1: Change the Administrator password immediately. Step 2: Check ERPNext activity log for recent system changes. Step 3: Revoke all active admin sessions. Step 4: Enable two-factor authentication for admin accounts. Step 5: Escalate to IT Security for a full audit.,5,0.6,escalated,True,False,False,erp
SEC-E-0065,ERPNext admin credentials may be compromised,"Hello, Someone may have the ERPNext administrator password. There are config changes I did not make. Please help.",Security & Threats,Critical,Operations,step_by_step,Step 1: Change the Administrator password immediately. Step 2: Check ERPNext activity log for recent system changes. Step 3: Revoke all active admin sessions. Step 4: Enable two-factor authentication for admin accounts. Step 5: Escalate to IT Security for a full audit.,5,0.53,escalated,True,False,False,erp
SEC-E-0066,Unauthorised user accessing ERPNext financial data,"Hi, A user from Sales can view Accounts and financial reports in ERPNext which they should not have access to.",Security & Threats,High,IT,step_by_step,Step 1: Go to ERPNext > User and check the user roles. Step 2: Remove any accounting roles that should not be assigned. Step 3: Review the role profile for excessive permissions. Step 4: Enable audit logging for this user to review past activity.,4,0.51,escalated,True,False,True,erp
SEC-E-0067,ERPNext admin credentials may be compromised,Not sure if this is the right place but someone may have the ERPNext administrator password. There are config changes I did not make.,Security & Threats,Critical,IT,step_by_step,Step 1: Change the Administrator password immediately. Step 2: Check ERPNext activity log for recent system changes. Step 3: Revoke all active admin sessions. Step 4: Enable two-factor authentication for admin accounts. Step 5: Escalate to IT Security for a full audit.,5,0.46,escalated,True,False,False,erp
SEC-E-0068,Unauthorised user accessing ERPNext financial data,"Hi, A user from Sales can view Accounts and financial reports in ERPNext which they should not have access to.",Security & Threats,High,Operations,step_by_step,Step 1: Go to ERPNext > User and check the user roles. Step 2: Remove any accounting roles that should not be assigned. Step 3: Review the role profile for excessive permissions. Step 4: Enable audit logging for this user to review past activity.,4,0.48,escalated,True,False,True,erp
SEC-E-0069,ERPNext admin credentials may be compromised,"Hello, Someone may have the ERPNext administrator password. There are config changes I did not make. Please help.",Security & Threats,Critical,IT,step_by_step,Step 1: Change the Administrator password immediately. Step 2: Check ERPNext activity log for recent system changes. Step 3: Revoke all active admin sessions. Step 4: Enable two-factor authentication for admin accounts. Step 5: Escalate to IT Security for a full audit.,5,0.61,escalated,True,False,False,erp
SEC-E-0070,Unauthorised user accessing ERPNext financial data,"Hello, A user from Sales can view Accounts and financial reports in ERPNext which they should not have access to. Please help.",Security & Threats,Critical,HR,step_by_step,Step 1: Go to ERPNext > User and check the user roles. Step 2: Remove any accounting roles that should not be assigned. Step 3: Review the role profile for excessive permissions. Step 4: Enable audit logging for this user to review past activity.,4,0.42,escalated,True,False,True,erp
SEC-E-0071,ERPNext admin credentials may be compromised,Quick question — someone may have the ERPNext administrator password. There are config changes I did not make.,Security & Threats,Critical,IT,step_by_step,Step 1: Change the Administrator password immediately. Step 2: Check ERPNext activity log for recent system changes. Step 3: Revoke all active admin sessions. Step 4: Enable two-factor authentication for admin accounts. Step 5: Escalate to IT Security for a full audit.,5,0.49,escalated,True,False,False,erp
SEC-E-0072,Unauthorised user accessing ERPNext financial data,I have been dealing with this for days. A user from Sales can view Accounts and financial reports in ERPNext which they should not have access to.,Security & Threats,High,HR,step_by_step,Step 1: Go to ERPNext > User and check the user roles. Step 2: Remove any accounting roles that should not be assigned. Step 3: Review the role profile for excessive permissions. Step 4: Enable audit logging for this user to review past activity.,4,0.42,escalated,True,False,True,erp
SEC-E-0073,Unauthorised user accessing ERPNext financial data,Urgent - A user from Sales can view Accounts and financial reports in ERPNext which they should not have access to.,Security & Threats,Critical,Marketing,step_by_step,Step 1: Go to ERPNext > User and check the user roles. Step 2: Remove any accounting roles that should not be assigned. Step 3: Review the role profile for excessive permissions. Step 4: Enable audit logging for this user to review past activity.,4,0.45,escalated,True,False,True,erp
SEC-E-0074,ERPNext admin credentials may be compromised,Urgent - Someone may have the ERPNext administrator password. There are config changes I did not make.,Security & Threats,Critical,HR,step_by_step,Step 1: Change the Administrator password immediately. Step 2: Check ERPNext activity log for recent system changes. Step 3: Revoke all active admin sessions. Step 4: Enable two-factor authentication for admin accounts. Step 5: Escalate to IT Security for a full audit.,5,0.48,escalated,True,False,False,erp
SEC-E-0075,ERPNext admin credentials may be compromised,Following up on this issue — someone may have the ERPNext administrator password. There are config changes I did not make.,Security & Threats,Critical,Sales,step_by_step,Step 1: Change the Administrator password immediately. Step 2: Check ERPNext activity log for recent system changes. Step 3: Revoke all active admin sessions. Step 4: Enable two-factor authentication for admin accounts. Step 5: Escalate to IT Security for a full audit.,5,0.53,escalated,True,False,False,erp
SEC-E-0076,ERPNext admin credentials may be compromised,"Hi team, someone may have the ERPNext administrator password. There are config changes I did not make.",Security & Threats,Critical,Finance,step_by_step,Step 1: Change the Administrator password immediately. Step 2: Check ERPNext activity log for recent system changes. Step 3: Revoke all active admin sessions. Step 4: Enable two-factor authentication for admin accounts. Step 5: Escalate to IT Security for a full audit.,5,0.43,escalated,True,False,False,erp
SEC-E-0077,Unauthorised user accessing ERPNext financial data,I have been dealing with this for days. A user from Sales can view Accounts and financial reports in ERPNext which they should not have access to.,Security & Threats,High,IT,step_by_step,Step 1: Go to ERPNext > User and check the user roles. Step 2: Remove any accounting roles that should not be assigned. Step 3: Review the role profile for excessive permissions. Step 4: Enable audit logging for this user to review past activity.,4,0.47,escalated,True,False,True,erp
SEC-E-0078,Unauthorised user accessing ERPNext financial data,Not sure if this is the right place but a user from Sales can view Accounts and financial reports in ERPNext which they should not have access to.,Security & Threats,High,HR,step_by_step,Step 1: Go to ERPNext > User and check the user roles. Step 2: Remove any accounting roles that should not be assigned. Step 3: Review the role profile for excessive permissions. Step 4: Enable audit logging for this user to review past activity.,4,0.58,escalated,True,False,True,erp
SEC-E-0079,Unauthorised user accessing ERPNext financial data,Not sure if this is the right place but a user from Sales can view Accounts and financial reports in ERPNext which they should not have access to.,Security & Threats,Critical,IT,step_by_step,Step 1: Go to ERPNext > User and check the user roles. Step 2: Remove any accounting roles that should not be assigned. Step 3: Review the role profile for excessive permissions. Step 4: Enable audit logging for this user to review past activity.,4,0.55,escalated,True,False,True,erp
SEC-E-0080,Unauthorised user accessing ERPNext financial data,Following up on this issue — a user from Sales can view Accounts and financial reports in ERPNext which they should not have access to.,Security & Threats,High,Marketing,step_by_step,Step 1: Go to ERPNext > User and check the user roles. Step 2: Remove any accounting roles that should not be assigned. Step 3: Review the role profile for excessive permissions. Step 4: Enable audit logging for this user to review past activity.,4,0.39,escalated,True,False,True,erp
SEC-E-0081,Unauthorised user accessing ERPNext financial data,"Hello, A user from Sales can view Accounts and financial reports in ERPNext which they should not have access to. Please help.",Security & Threats,High,Sales,step_by_step,Step 1: Go to ERPNext > User and check the user roles. Step 2: Remove any accounting roles that should not be assigned. Step 3: Review the role profile for excessive permissions. Step 4: Enable audit logging for this user to review past activity.,4,0.62,satisfied,False,False,True,erp
SEC-E-0082,Unauthorised user accessing ERPNext financial data,I have been dealing with this for days. A user from Sales can view Accounts and financial reports in ERPNext which they should not have access to.,Security & Threats,High,Operations,step_by_step,Step 1: Go to ERPNext > User and check the user roles. Step 2: Remove any accounting roles that should not be assigned. Step 3: Review the role profile for excessive permissions. Step 4: Enable audit logging for this user to review past activity.,4,0.39,escalated,True,False,True,erp
SEC-E-0083,Unauthorised user accessing ERPNext financial data,"Hi, A user from Sales can view Accounts and financial reports in ERPNext which they should not have access to.",Security & Threats,High,Sales,step_by_step,Step 1: Go to ERPNext > User and check the user roles. Step 2: Remove any accounting roles that should not be assigned. Step 3: Review the role profile for excessive permissions. Step 4: Enable audit logging for this user to review past activity.,4,0.53,escalated,True,False,True,erp
SEC-E-0084,Unauthorised user accessing ERPNext financial data,"Hi team, a user from Sales can view Accounts and financial reports in ERPNext which they should not have access to.",Security & Threats,Critical,Finance,step_by_step,Step 1: Go to ERPNext > User and check the user roles. Step 2: Remove any accounting roles that should not be assigned. Step 3: Review the role profile for excessive permissions. Step 4: Enable audit logging for this user to review past activity.,4,0.43,escalated,True,False,True,erp
SEC-E-0085,ERPNext admin credentials may be compromised,"Hello, Someone may have the ERPNext administrator password. There are config changes I did not make. Please help.",Security & Threats,Critical,Operations,step_by_step,Step 1: Change the Administrator password immediately. Step 2: Check ERPNext activity log for recent system changes. Step 3: Revoke all active admin sessions. Step 4: Enable two-factor authentication for admin accounts. Step 5: Escalate to IT Security for a full audit.,5,0.46,escalated,True,False,False,erp
SEC-E-0086,Unauthorised user accessing ERPNext financial data,A user from Sales can view Accounts and financial reports in ERPNext which they should not have access to.,Security & Threats,High,Operations,step_by_step,Step 1: Go to ERPNext > User and check the user roles. Step 2: Remove any accounting roles that should not be assigned. Step 3: Review the role profile for excessive permissions. Step 4: Enable audit logging for this user to review past activity.,4,0.44,escalated,True,False,True,erp
SEC-E-0087,ERPNext admin credentials may be compromised,"Hi team, someone may have the ERPNext administrator password. There are config changes I did not make.",Security & Threats,Critical,Finance,step_by_step,Step 1: Change the Administrator password immediately. Step 2: Check ERPNext activity log for recent system changes. Step 3: Revoke all active admin sessions. Step 4: Enable two-factor authentication for admin accounts. Step 5: Escalate to IT Security for a full audit.,5,0.46,escalated,True,False,False,erp
SEC-E-0088,Unauthorised user accessing ERPNext financial data,This is really frustrating. A user from Sales can view Accounts and financial reports in ERPNext which they should not have access to.,Security & Threats,High,Marketing,step_by_step,Step 1: Go to ERPNext > User and check the user roles. Step 2: Remove any accounting roles that should not be assigned. Step 3: Review the role profile for excessive permissions. Step 4: Enable audit logging for this user to review past activity.,4,0.54,escalated,True,False,True,erp
SEC-E-0089,Unauthorised user accessing ERPNext financial data,"Hi team, a user from Sales can view Accounts and financial reports in ERPNext which they should not have access to.",Security & Threats,Medium,Finance,step_by_step,Step 1: Go to ERPNext > User and check the user roles. Step 2: Remove any accounting roles that should not be assigned. Step 3: Review the role profile for excessive permissions. Step 4: Enable audit logging for this user to review past activity.,4,0.53,escalated,False,False,True,erp
SEC-E-0090,ERPNext admin credentials may be compromised,This is really frustrating. Someone may have the ERPNext administrator password. There are config changes I did not make.,Security & Threats,Critical,IT,step_by_step,Step 1: Change the Administrator password immediately. Step 2: Check ERPNext activity log for recent system changes. Step 3: Revoke all active admin sessions. Step 4: Enable two-factor authentication for admin accounts. Step 5: Escalate to IT Security for a full audit.,5,0.68,escalated,True,False,False,erp
SEC-E-0091,Unauthorised user accessing ERPNext financial data,"Hello, A user from Sales can view Accounts and financial reports in ERPNext which they should not have access to. Please help.",Security & Threats,Medium,HR,step_by_step,Step 1: Go to ERPNext > User and check the user roles. Step 2: Remove any accounting roles that should not be assigned. Step 3: Review the role profile for excessive permissions. Step 4: Enable audit logging for this user to review past activity.,4,0.47,escalated,False,False,True,erp
SEC-E-0092,ERPNext admin credentials may be compromised,I have been dealing with this for days. Someone may have the ERPNext administrator password. There are config changes I did not make.,Security & Threats,Critical,Marketing,step_by_step,Step 1: Change the Administrator password immediately. Step 2: Check ERPNext activity log for recent system changes. Step 3: Revoke all active admin sessions. Step 4: Enable two-factor authentication for admin accounts. Step 5: Escalate to IT Security for a full audit.,5,0.57,escalated,True,False,False,erp
SEC-E-0093,ERPNext admin credentials may be compromised,This is really frustrating. Someone may have the ERPNext administrator password. There are config changes I did not make.,Security & Threats,Critical,Sales,step_by_step,Step 1: Change the Administrator password immediately. Step 2: Check ERPNext activity log for recent system changes. Step 3: Revoke all active admin sessions. Step 4: Enable two-factor authentication for admin accounts. Step 5: Escalate to IT Security for a full audit.,5,0.47,escalated,True,False,False,erp
SEC-E-0094,ERPNext admin credentials may be compromised,I have been dealing with this for days. Someone may have the ERPNext administrator password. There are config changes I did not make.,Security & Threats,Critical,Finance,step_by_step,Step 1: Change the Administrator password immediately. Step 2: Check ERPNext activity log for recent system changes. Step 3: Revoke all active admin sessions. Step 4: Enable two-factor authentication for admin accounts. Step 5: Escalate to IT Security for a full audit.,5,0.64,escalated,True,False,False,erp
SEC-E-0095,Unauthorised user accessing ERPNext financial data,"Hello, A user from Sales can view Accounts and financial reports in ERPNext which they should not have access to. Please help.",Security & Threats,High,Operations,step_by_step,Step 1: Go to ERPNext > User and check the user roles. Step 2: Remove any accounting roles that should not be assigned. Step 3: Review the role profile for excessive permissions. Step 4: Enable audit logging for this user to review past activity.,4,0.49,escalated,True,False,True,erp
SEC-E-0096,ERPNext admin credentials may be compromised,I have been dealing with this for days. Someone may have the ERPNext administrator password. There are config changes I did not make.,Security & Threats,Critical,IT,step_by_step,Step 1: Change the Administrator password immediately. Step 2: Check ERPNext activity log for recent system changes. Step 3: Revoke all active admin sessions. Step 4: Enable two-factor authentication for admin accounts. Step 5: Escalate to IT Security for a full audit.,5,0.62,escalated,True,False,False,erp
SEC-E-0097,Unauthorised user accessing ERPNext financial data,This is really frustrating. A user from Sales can view Accounts and financial reports in ERPNext which they should not have access to.,Security & Threats,Critical,Operations,step_by_step,Step 1: Go to ERPNext > User and check the user roles. Step 2: Remove any accounting roles that should not be assigned. Step 3: Review the role profile for excessive permissions. Step 4: Enable audit logging for this user to review past activity.,4,0.53,escalated,True,False,True,erp
SEC-E-0098,Unauthorised user accessing ERPNext financial data,I have been dealing with this for days. A user from Sales can view Accounts and financial reports in ERPNext which they should not have access to.,Security & Threats,High,IT,step_by_step,Step 1: Go to ERPNext > User and check the user roles. Step 2: Remove any accounting roles that should not be assigned. Step 3: Review the role profile for excessive permissions. Step 4: Enable audit logging for this user to review past activity.,4,0.4,escalated,True,False,True,erp
SEC-E-0099,Unauthorised user accessing ERPNext financial data,I have been dealing with this for days. A user from Sales can view Accounts and financial reports in ERPNext which they should not have access to.,Security & Threats,High,Finance,step_by_step,Step 1: Go to ERPNext > User and check the user roles. Step 2: Remove any accounting roles that should not be assigned. Step 3: Review the role profile for excessive permissions. Step 4: Enable audit logging for this user to review past activity.,4,0.5,escalated,True,False,True,erp
SEC-E-0100,ERPNext admin credentials may be compromised,"Hi team, someone may have the ERPNext administrator password. There are config changes I did not make.",Security & Threats,Critical,HR,step_by_step,Step 1: Change the Administrator password immediately. Step 2: Check ERPNext activity log for recent system changes. Step 3: Revoke all active admin sessions. Step 4: Enable two-factor authentication for admin accounts. Step 5: Escalate to IT Security for a full audit.,5,0.59,escalated,True,False,False,erp
DAT-G-0001,How do I access the data warehouse,Urgent - I have been asked to pull historical sales data from last year. How do I access the data warehouse?,Data & Reports,Low,HR,information,Data warehouse access is available through the Business Intelligence portal. Request access through your manager first. Once approved you will receive credentials and a link to the BI training guide.,1,0.73,not_helpful,False,False,False,general
DAT-G-0002,Excel file too large to open,Not sure if this is the right place but a shared Excel file has grown to over 200MB and now takes forever to open or crashes. Multiple people edit it daily.,Data & Reports,Medium,Marketing,step_by_step,Step 1: Remove unused worksheets and named ranges. Step 2: Convert formulas to values where possible. Step 3: Split into smaller period-specific files. Step 4: Consider migrating to a database or BI tool.,4,0.77,satisfied,False,False,False,general
DAT-G-0003,Database query taking too long,"Hello, A query I run every day is suddenly taking 45 minutes instead of 2 minutes. Nothing has changed in my query. Please help.",Data & Reports,High,HR,step_by_step,Step 1: Check if database server is under unusual load. Step 2: Run EXPLAIN on your query to check for missing indexes. Step 3: Check if a large data import happened recently. Step 4: Contact the database admin team to review and optimise.,4,0.55,escalated,True,False,True,general
DAT-G-0004,Cannot export data to CSV,"Hi, When I try to export data from our reporting system to CSV it downloads an empty file. The data is there on screen.",Data & Reports,Medium,Marketing,step_by_step,Step 1: Try exporting a smaller dataset. Step 2: Try a different browser. Step 3: Clear browser cache and retry. Step 4: Check if a pop-up blocker is preventing the download.,4,0.93,satisfied,False,True,False,general
DAT-G-0005,Database query taking too long,Following up on this issue — a query I run every day is suddenly taking 45 minutes instead of 2 minutes. Nothing has changed in my query.,Data & Reports,Critical,Marketing,step_by_step,Step 1: Check if database server is under unusual load. Step 2: Run EXPLAIN on your query to check for missing indexes. Step 3: Check if a large data import happened recently. Step 4: Contact the database admin team to review and optimise.,4,0.58,escalated,True,False,True,general
DAT-G-0006,Monthly sales report not generating,This is really frustrating. The automated monthly sales report that usually arrives on the first of the month has not been received. Finance is waiting.,Data & Reports,High,Marketing,step_by_step,Step 1: Check the report scheduler to see if the job ran. Step 2: Check email delivery logs for failures. Step 3: Manually trigger the report run. Step 4: Investigate why the scheduled run failed and fix the schedule.,4,0.93,satisfied,False,True,False,general
DAT-G-0007,Monthly sales report not generating,The automated monthly sales report that usually arrives on the first of the month has not been received. Finance is waiting.,Data & Reports,Critical,Marketing,step_by_step,Step 1: Check the report scheduler to see if the job ran. Step 2: Check email delivery logs for failures. Step 3: Manually trigger the report run. Step 4: Investigate why the scheduled run failed and fix the schedule.,4,0.85,escalated,True,True,False,general
DAT-G-0008,Monthly sales report not generating,"Hi, The automated monthly sales report that usually arrives on the first of the month has not been received. Finance is waiting.",Data & Reports,Critical,Operations,step_by_step,Step 1: Check the report scheduler to see if the job ran. Step 2: Check email delivery logs for failures. Step 3: Manually trigger the report run. Step 4: Investigate why the scheduled run failed and fix the schedule.,4,0.81,escalated,True,True,False,general
DAT-G-0009,Monthly sales report not generating,"Hi, The automated monthly sales report that usually arrives on the first of the month has not been received. Finance is waiting.",Data & Reports,Medium,Operations,step_by_step,Step 1: Check the report scheduler to see if the job ran. Step 2: Check email delivery logs for failures. Step 3: Manually trigger the report run. Step 4: Investigate why the scheduled run failed and fix the schedule.,4,0.84,satisfied,False,True,False,general
DAT-G-0010,Report showing incorrect figures,I have been dealing with this for days. The weekly stock report is showing figures that do not match what our team manually counted. The discrepancy is significant.,Data & Reports,High,IT,step_by_step,Step 1: Check date range and filters applied to the report. Step 2: Identify specific items with discrepancies. Step 3: Compare report data with source transaction records. Step 4: Escalate to the data team with specific examples.,4,0.91,satisfied,False,True,False,general
DAT-G-0011,Report showing incorrect figures,Following up on this issue — the weekly stock report is showing figures that do not match what our team manually counted. The discrepancy is significant.,Data & Reports,Medium,Marketing,step_by_step,Step 1: Check date range and filters applied to the report. Step 2: Identify specific items with discrepancies. Step 3: Compare report data with source transaction records. Step 4: Escalate to the data team with specific examples.,4,0.91,satisfied,False,True,False,general
DAT-G-0012,Report showing incorrect figures,I have been dealing with this for days. The weekly stock report is showing figures that do not match what our team manually counted. The discrepancy is significant.,Data & Reports,High,IT,step_by_step,Step 1: Check date range and filters applied to the report. Step 2: Identify specific items with discrepancies. Step 3: Compare report data with source transaction records. Step 4: Escalate to the data team with specific examples.,4,0.82,satisfied,False,True,False,general
DAT-G-0013,How do I access the data warehouse,Following up on this issue — i have been asked to pull historical sales data from last year. How do I access the data warehouse?,Data & Reports,Low,Sales,information,Data warehouse access is available through the Business Intelligence portal. Request access through your manager first. Once approved you will receive credentials and a link to the BI training guide.,1,0.76,not_helpful,False,False,False,general
DAT-G-0014,Cannot export data to CSV,Not sure if this is the right place but when I try to export data from our reporting system to CSV it downloads an empty file. The data is there on screen.,Data & Reports,Medium,Marketing,step_by_step,Step 1: Try exporting a smaller dataset. Step 2: Try a different browser. Step 3: Clear browser cache and retry. Step 4: Check if a pop-up blocker is preventing the download.,4,0.98,satisfied,False,True,False,general
DAT-G-0015,Database query taking too long,"Hi, A query I run every day is suddenly taking 45 minutes instead of 2 minutes. Nothing has changed in my query.",Data & Reports,Critical,Operations,step_by_step,Step 1: Check if database server is under unusual load. Step 2: Run EXPLAIN on your query to check for missing indexes. Step 3: Check if a large data import happened recently. Step 4: Contact the database admin team to review and optimise.,4,0.46,escalated,True,False,True,general
DAT-G-0016,How do I access the data warehouse,"Hello, I have been asked to pull historical sales data from last year. How do I access the data warehouse? Please help.",Data & Reports,Low,Sales,information,Data warehouse access is available through the Business Intelligence portal. Request access through your manager first. Once approved you will receive credentials and a link to the BI training guide.,1,0.9,not_helpful,False,False,False,general
DAT-G-0017,Database query taking too long,A query I run every day is suddenly taking 45 minutes instead of 2 minutes. Nothing has changed in my query.,Data & Reports,High,Sales,step_by_step,Step 1: Check if database server is under unusual load. Step 2: Run EXPLAIN on your query to check for missing indexes. Step 3: Check if a large data import happened recently. Step 4: Contact the database admin team to review and optimise.,4,0.48,escalated,True,False,True,general
DAT-G-0018,How do I access the data warehouse,I have been asked to pull historical sales data from last year. How do I access the data warehouse?,Data & Reports,Low,Sales,information,Data warehouse access is available through the Business Intelligence portal. Request access through your manager first. Once approved you will receive credentials and a link to the BI training guide.,1,0.75,not_helpful,False,False,False,general
DAT-G-0019,Excel file too large to open,"Hello, A shared Excel file has grown to over 200MB and now takes forever to open or crashes. Multiple people edit it daily. Please help.",Data & Reports,Medium,Operations,step_by_step,Step 1: Remove unused worksheets and named ranges. Step 2: Convert formulas to values where possible. Step 3: Split into smaller period-specific files. Step 4: Consider migrating to a database or BI tool.,4,0.8,not_helpful,False,False,False,general
DAT-G-0020,How do I access the data warehouse,I have been asked to pull historical sales data from last year. How do I access the data warehouse?,Data & Reports,Low,IT,information,Data warehouse access is available through the Business Intelligence portal. Request access through your manager first. Once approved you will receive credentials and a link to the BI training guide.,1,0.94,satisfied,False,False,False,general
DAT-G-0021,Cannot export data to CSV,"Hi, When I try to export data from our reporting system to CSV it downloads an empty file. The data is there on screen.",Data & Reports,Medium,Finance,step_by_step,Step 1: Try exporting a smaller dataset. Step 2: Try a different browser. Step 3: Clear browser cache and retry. Step 4: Check if a pop-up blocker is preventing the download.,4,0.85,satisfied,False,True,False,general
DAT-G-0022,Cannot export data to CSV,"Hi, When I try to export data from our reporting system to CSV it downloads an empty file. The data is there on screen.",Data & Reports,High,Marketing,step_by_step,Step 1: Try exporting a smaller dataset. Step 2: Try a different browser. Step 3: Clear browser cache and retry. Step 4: Check if a pop-up blocker is preventing the download.,4,0.82,satisfied,False,True,False,general
DAT-G-0023,Monthly sales report not generating,Quick question — the automated monthly sales report that usually arrives on the first of the month has not been received. Finance is waiting.,Data & Reports,High,HR,step_by_step,Step 1: Check the report scheduler to see if the job ran. Step 2: Check email delivery logs for failures. Step 3: Manually trigger the report run. Step 4: Investigate why the scheduled run failed and fix the schedule.,4,0.94,satisfied,False,True,False,general
DAT-G-0024,How do I access the data warehouse,Not sure if this is the right place but i have been asked to pull historical sales data from last year. How do I access the data warehouse?,Data & Reports,Low,HR,information,Data warehouse access is available through the Business Intelligence portal. Request access through your manager first. Once approved you will receive credentials and a link to the BI training guide.,1,0.73,not_helpful,False,False,False,general
DAT-G-0025,Need historical data for audit,Not sure if this is the right place but our auditors need transaction data from 3 years ago. How do I access archived data?,Data & Reports,Low,IT,information,Historical data older than 2 years is in the archive database. Submit a data retrieval request through the IT portal with specific date range and data type. The Data team will provide a formal export within 2 business days.,1,0.91,satisfied,False,False,False,general
DAT-G-0026,Need historical data for audit,Quick question — our auditors need transaction data from 3 years ago. How do I access archived data?,Data & Reports,Medium,HR,information,Historical data older than 2 years is in the archive database. Submit a data retrieval request through the IT portal with specific date range and data type. The Data team will provide a formal export within 2 business days.,1,0.9,satisfied,False,False,False,general
DAT-G-0027,Report showing incorrect figures,The weekly stock report is showing figures that do not match what our team manually counted. The discrepancy is significant.,Data & Reports,High,Sales,step_by_step,Step 1: Check date range and filters applied to the report. Step 2: Identify specific items with discrepancies. Step 3: Compare report data with source transaction records. Step 4: Escalate to the data team with specific examples.,4,0.87,satisfied,False,True,False,general
DAT-G-0028,How do I access the data warehouse,Urgent - I have been asked to pull historical sales data from last year. How do I access the data warehouse?,Data & Reports,Low,HR,information,Data warehouse access is available through the Business Intelligence portal. Request access through your manager first. Once approved you will receive credentials and a link to the BI training guide.,1,0.8,satisfied,False,False,False,general
DAT-G-0029,Report showing incorrect figures,Quick question — the weekly stock report is showing figures that do not match what our team manually counted. The discrepancy is significant.,Data & Reports,High,Operations,step_by_step,Step 1: Check date range and filters applied to the report. Step 2: Identify specific items with discrepancies. Step 3: Compare report data with source transaction records. Step 4: Escalate to the data team with specific examples.,4,0.87,satisfied,False,True,False,general
DAT-G-0030,How do I access the data warehouse,Urgent - I have been asked to pull historical sales data from last year. How do I access the data warehouse?,Data & Reports,Low,Finance,information,Data warehouse access is available through the Business Intelligence portal. Request access through your manager first. Once approved you will receive credentials and a link to the BI training guide.,1,0.82,not_helpful,False,False,False,general
DAT-G-0031,Cannot export data to CSV,Not sure if this is the right place but when I try to export data from our reporting system to CSV it downloads an empty file. The data is there on screen.,Data & Reports,Low,Sales,step_by_step,Step 1: Try exporting a smaller dataset. Step 2: Try a different browser. Step 3: Clear browser cache and retry. Step 4: Check if a pop-up blocker is preventing the download.,4,0.9,satisfied,False,True,False,general
DAT-G-0032,Monthly sales report not generating,Urgent - The automated monthly sales report that usually arrives on the first of the month has not been received. Finance is waiting.,Data & Reports,High,IT,step_by_step,Step 1: Check the report scheduler to see if the job ran. Step 2: Check email delivery logs for failures. Step 3: Manually trigger the report run. Step 4: Investigate why the scheduled run failed and fix the schedule.,4,0.88,satisfied,False,True,False,general
DAT-G-0033,How do I access the data warehouse,I have been dealing with this for days. I have been asked to pull historical sales data from last year. How do I access the data warehouse?,Data & Reports,Low,Operations,information,Data warehouse access is available through the Business Intelligence portal. Request access through your manager first. Once approved you will receive credentials and a link to the BI training guide.,1,0.81,satisfied,False,False,False,general
DAT-G-0034,Report showing incorrect figures,Not sure if this is the right place but the weekly stock report is showing figures that do not match what our team manually counted. The discrepancy is significant.,Data & Reports,High,Sales,step_by_step,Step 1: Check date range and filters applied to the report. Step 2: Identify specific items with discrepancies. Step 3: Compare report data with source transaction records. Step 4: Escalate to the data team with specific examples.,4,0.84,satisfied,False,True,False,general
DAT-G-0035,Report showing incorrect figures,Not sure if this is the right place but the weekly stock report is showing figures that do not match what our team manually counted. The discrepancy is significant.,Data & Reports,Critical,IT,step_by_step,Step 1: Check date range and filters applied to the report. Step 2: Identify specific items with discrepancies. Step 3: Compare report data with source transaction records. Step 4: Escalate to the data team with specific examples.,4,0.82,escalated,True,True,False,general
DAT-G-0036,Cannot export data to CSV,When I try to export data from our reporting system to CSV it downloads an empty file. The data is there on screen.,Data & Reports,Medium,Sales,step_by_step,Step 1: Try exporting a smaller dataset. Step 2: Try a different browser. Step 3: Clear browser cache and retry. Step 4: Check if a pop-up blocker is preventing the download.,4,0.86,satisfied,False,True,False,general
DAT-G-0037,Excel file too large to open,Following up on this issue — a shared Excel file has grown to over 200MB and now takes forever to open or crashes. Multiple people edit it daily.,Data & Reports,Critical,Operations,step_by_step,Step 1: Remove unused worksheets and named ranges. Step 2: Convert formulas to values where possible. Step 3: Split into smaller period-specific files. Step 4: Consider migrating to a database or BI tool.,4,0.87,escalated,True,False,False,general
DAT-G-0038,Excel file too large to open,This is really frustrating. A shared Excel file has grown to over 200MB and now takes forever to open or crashes. Multiple people edit it daily.,Data & Reports,Medium,Finance,step_by_step,Step 1: Remove unused worksheets and named ranges. Step 2: Convert formulas to values where possible. Step 3: Split into smaller period-specific files. Step 4: Consider migrating to a database or BI tool.,4,0.94,satisfied,False,False,False,general
DAT-G-0039,Need historical data for audit,"Hi, Our auditors need transaction data from 3 years ago. How do I access archived data?",Data & Reports,High,Operations,information,Historical data older than 2 years is in the archive database. Submit a data retrieval request through the IT portal with specific date range and data type. The Data team will provide a formal export within 2 business days.,1,0.74,satisfied,False,False,False,general
DAT-G-0040,Excel file too large to open,"Hi team, a shared Excel file has grown to over 200MB and now takes forever to open or crashes. Multiple people edit it daily.",Data & Reports,High,Sales,step_by_step,Step 1: Remove unused worksheets and named ranges. Step 2: Convert formulas to values where possible. Step 3: Split into smaller period-specific files. Step 4: Consider migrating to a database or BI tool.,4,0.92,satisfied,False,False,False,general
DAT-G-0041,Database query taking too long,I have been dealing with this for days. A query I run every day is suddenly taking 45 minutes instead of 2 minutes. Nothing has changed in my query.,Data & Reports,High,Finance,step_by_step,Step 1: Check if database server is under unusual load. Step 2: Run EXPLAIN on your query to check for missing indexes. Step 3: Check if a large data import happened recently. Step 4: Contact the database admin team to review and optimise.,4,0.46,escalated,True,False,True,general
DAT-G-0042,Excel file too large to open,Quick question — a shared Excel file has grown to over 200MB and now takes forever to open or crashes. Multiple people edit it daily.,Data & Reports,Medium,Marketing,step_by_step,Step 1: Remove unused worksheets and named ranges. Step 2: Convert formulas to values where possible. Step 3: Split into smaller period-specific files. Step 4: Consider migrating to a database or BI tool.,4,0.9,satisfied,False,False,False,general
DAT-G-0043,Excel file too large to open,I have been dealing with this for days. A shared Excel file has grown to over 200MB and now takes forever to open or crashes. Multiple people edit it daily.,Data & Reports,Medium,HR,step_by_step,Step 1: Remove unused worksheets and named ranges. Step 2: Convert formulas to values where possible. Step 3: Split into smaller period-specific files. Step 4: Consider migrating to a database or BI tool.,4,0.88,satisfied,False,False,False,general
DAT-G-0044,Cannot export data to CSV,Quick question — when I try to export data from our reporting system to CSV it downloads an empty file. The data is there on screen.,Data & Reports,Medium,Sales,step_by_step,Step 1: Try exporting a smaller dataset. Step 2: Try a different browser. Step 3: Clear browser cache and retry. Step 4: Check if a pop-up blocker is preventing the download.,4,0.85,satisfied,False,True,False,general
DAT-G-0045,Monthly sales report not generating,"Hello, The automated monthly sales report that usually arrives on the first of the month has not been received. Finance is waiting. Please help.",Data & Reports,High,Marketing,step_by_step,Step 1: Check the report scheduler to see if the job ran. Step 2: Check email delivery logs for failures. Step 3: Manually trigger the report run. Step 4: Investigate why the scheduled run failed and fix the schedule.,4,0.97,satisfied,False,True,False,general
DAT-G-0046,Need historical data for audit,"Hello, Our auditors need transaction data from 3 years ago. How do I access archived data? Please help.",Data & Reports,High,Marketing,information,Historical data older than 2 years is in the archive database. Submit a data retrieval request through the IT portal with specific date range and data type. The Data team will provide a formal export within 2 business days.,1,0.81,satisfied,False,False,False,general
DAT-G-0047,Database query taking too long,"Hi team, a query I run every day is suddenly taking 45 minutes instead of 2 minutes. Nothing has changed in my query.",Data & Reports,High,Sales,step_by_step,Step 1: Check if database server is under unusual load. Step 2: Run EXPLAIN on your query to check for missing indexes. Step 3: Check if a large data import happened recently. Step 4: Contact the database admin team to review and optimise.,4,0.47,escalated,True,False,True,general
DAT-G-0048,Database query taking too long,Urgent - A query I run every day is suddenly taking 45 minutes instead of 2 minutes. Nothing has changed in my query.,Data & Reports,Critical,Finance,step_by_step,Step 1: Check if database server is under unusual load. Step 2: Run EXPLAIN on your query to check for missing indexes. Step 3: Check if a large data import happened recently. Step 4: Contact the database admin team to review and optimise.,4,0.51,escalated,True,False,True,general
DAT-G-0049,How do I access the data warehouse,I have been asked to pull historical sales data from last year. How do I access the data warehouse?,Data & Reports,High,Finance,information,Data warehouse access is available through the Business Intelligence portal. Request access through your manager first. Once approved you will receive credentials and a link to the BI training guide.,1,0.85,satisfied,False,False,False,general
DAT-G-0050,How do I access the data warehouse,I have been asked to pull historical sales data from last year. How do I access the data warehouse?,Data & Reports,Low,Sales,information,Data warehouse access is available through the Business Intelligence portal. Request access through your manager first. Once approved you will receive credentials and a link to the BI training guide.,1,0.84,satisfied,False,False,False,general
DAT-G-0051,Report showing incorrect figures,I have been dealing with this for days. The weekly stock report is showing figures that do not match what our team manually counted. The discrepancy is significant.,Data & Reports,High,Sales,step_by_step,Step 1: Check date range and filters applied to the report. Step 2: Identify specific items with discrepancies. Step 3: Compare report data with source transaction records. Step 4: Escalate to the data team with specific examples.,4,0.91,satisfied,False,True,False,general
DAT-G-0052,Need historical data for audit,Our auditors need transaction data from 3 years ago. How do I access archived data?,Data & Reports,Low,Operations,information,Historical data older than 2 years is in the archive database. Submit a data retrieval request through the IT portal with specific date range and data type. The Data team will provide a formal export within 2 business days.,1,0.78,satisfied,False,False,False,general
DAT-G-0053,Cannot export data to CSV,Urgent - When I try to export data from our reporting system to CSV it downloads an empty file. The data is there on screen.,Data & Reports,Medium,HR,step_by_step,Step 1: Try exporting a smaller dataset. Step 2: Try a different browser. Step 3: Clear browser cache and retry. Step 4: Check if a pop-up blocker is preventing the download.,4,0.86,satisfied,False,True,False,general
DAT-G-0054,Report showing incorrect figures,"Hi, The weekly stock report is showing figures that do not match what our team manually counted. The discrepancy is significant.",Data & Reports,High,IT,step_by_step,Step 1: Check date range and filters applied to the report. Step 2: Identify specific items with discrepancies. Step 3: Compare report data with source transaction records. Step 4: Escalate to the data team with specific examples.,4,0.97,satisfied,False,True,False,general
DAT-G-0055,Excel file too large to open,Quick question — a shared Excel file has grown to over 200MB and now takes forever to open or crashes. Multiple people edit it daily.,Data & Reports,Medium,Sales,step_by_step,Step 1: Remove unused worksheets and named ranges. Step 2: Convert formulas to values where possible. Step 3: Split into smaller period-specific files. Step 4: Consider migrating to a database or BI tool.,4,0.82,satisfied,False,False,False,general
DAT-G-0056,Database query taking too long,Urgent - A query I run every day is suddenly taking 45 minutes instead of 2 minutes. Nothing has changed in my query.,Data & Reports,High,Operations,step_by_step,Step 1: Check if database server is under unusual load. Step 2: Run EXPLAIN on your query to check for missing indexes. Step 3: Check if a large data import happened recently. Step 4: Contact the database admin team to review and optimise.,4,0.43,escalated,True,False,True,general
DAT-G-0057,How do I access the data warehouse,I have been dealing with this for days. I have been asked to pull historical sales data from last year. How do I access the data warehouse?,Data & Reports,Low,Finance,information,Data warehouse access is available through the Business Intelligence portal. Request access through your manager first. Once approved you will receive credentials and a link to the BI training guide.,1,0.77,satisfied,False,False,False,general
DAT-G-0058,Database query taking too long,Urgent - A query I run every day is suddenly taking 45 minutes instead of 2 minutes. Nothing has changed in my query.,Data & Reports,Critical,Marketing,step_by_step,Step 1: Check if database server is under unusual load. Step 2: Run EXPLAIN on your query to check for missing indexes. Step 3: Check if a large data import happened recently. Step 4: Contact the database admin team to review and optimise.,4,0.61,escalated,True,False,True,general
DAT-G-0059,How do I access the data warehouse,"Hi team, i have been asked to pull historical sales data from last year. How do I access the data warehouse?",Data & Reports,Medium,Finance,information,Data warehouse access is available through the Business Intelligence portal. Request access through your manager first. Once approved you will receive credentials and a link to the BI training guide.,1,0.8,satisfied,False,False,False,general
DAT-G-0060,Cannot export data to CSV,This is really frustrating. When I try to export data from our reporting system to CSV it downloads an empty file. The data is there on screen.,Data & Reports,High,IT,step_by_step,Step 1: Try exporting a smaller dataset. Step 2: Try a different browser. Step 3: Clear browser cache and retry. Step 4: Check if a pop-up blocker is preventing the download.,4,0.83,satisfied,False,True,False,general
DAT-G-0061,Database query taking too long,"Hello, A query I run every day is suddenly taking 45 minutes instead of 2 minutes. Nothing has changed in my query. Please help.",Data & Reports,High,Finance,step_by_step,Step 1: Check if database server is under unusual load. Step 2: Run EXPLAIN on your query to check for missing indexes. Step 3: Check if a large data import happened recently. Step 4: Contact the database admin team to review and optimise.,4,0.56,escalated,True,False,True,general
DAT-G-0062,Need historical data for audit,Quick question — our auditors need transaction data from 3 years ago. How do I access archived data?,Data & Reports,Medium,Operations,information,Historical data older than 2 years is in the archive database. Submit a data retrieval request through the IT portal with specific date range and data type. The Data team will provide a formal export within 2 business days.,1,0.75,satisfied,False,False,False,general
DAT-G-0063,Cannot export data to CSV,"Hi, When I try to export data from our reporting system to CSV it downloads an empty file. The data is there on screen.",Data & Reports,Medium,Marketing,step_by_step,Step 1: Try exporting a smaller dataset. Step 2: Try a different browser. Step 3: Clear browser cache and retry. Step 4: Check if a pop-up blocker is preventing the download.,4,0.91,satisfied,False,True,False,general
DAT-G-0064,Monthly sales report not generating,I have been dealing with this for days. The automated monthly sales report that usually arrives on the first of the month has not been received. Finance is waiting.,Data & Reports,High,Operations,step_by_step,Step 1: Check the report scheduler to see if the job ran. Step 2: Check email delivery logs for failures. Step 3: Manually trigger the report run. Step 4: Investigate why the scheduled run failed and fix the schedule.,4,0.92,satisfied,False,True,False,general
DAT-G-0065,Database query taking too long,Not sure if this is the right place but a query I run every day is suddenly taking 45 minutes instead of 2 minutes. Nothing has changed in my query.,Data & Reports,High,IT,step_by_step,Step 1: Check if database server is under unusual load. Step 2: Run EXPLAIN on your query to check for missing indexes. Step 3: Check if a large data import happened recently. Step 4: Contact the database admin team to review and optimise.,4,0.47,escalated,True,False,True,general
DAT-G-0066,Database query taking too long,A query I run every day is suddenly taking 45 minutes instead of 2 minutes. Nothing has changed in my query.,Data & Reports,Medium,IT,step_by_step,Step 1: Check if database server is under unusual load. Step 2: Run EXPLAIN on your query to check for missing indexes. Step 3: Check if a large data import happened recently. Step 4: Contact the database admin team to review and optimise.,4,0.43,escalated,True,False,True,general
DAT-G-0067,Need historical data for audit,Not sure if this is the right place but our auditors need transaction data from 3 years ago. How do I access archived data?,Data & Reports,Critical,Finance,information,Historical data older than 2 years is in the archive database. Submit a data retrieval request through the IT portal with specific date range and data type. The Data team will provide a formal export within 2 business days.,1,0.94,escalated,True,False,False,general
DAT-G-0068,Report showing incorrect figures,Urgent - The weekly stock report is showing figures that do not match what our team manually counted. The discrepancy is significant.,Data & Reports,High,IT,step_by_step,Step 1: Check date range and filters applied to the report. Step 2: Identify specific items with discrepancies. Step 3: Compare report data with source transaction records. Step 4: Escalate to the data team with specific examples.,4,0.84,satisfied,False,True,False,general
DAT-G-0069,Need historical data for audit,"Hi, Our auditors need transaction data from 3 years ago. How do I access archived data?",Data & Reports,Medium,IT,information,Historical data older than 2 years is in the archive database. Submit a data retrieval request through the IT portal with specific date range and data type. The Data team will provide a formal export within 2 business days.,1,0.89,not_helpful,False,False,False,general
DAT-G-0070,Database query taking too long,Not sure if this is the right place but a query I run every day is suddenly taking 45 minutes instead of 2 minutes. Nothing has changed in my query.,Data & Reports,High,Marketing,step_by_step,Step 1: Check if database server is under unusual load. Step 2: Run EXPLAIN on your query to check for missing indexes. Step 3: Check if a large data import happened recently. Step 4: Contact the database admin team to review and optimise.,4,0.53,escalated,True,False,True,general
DAT-G-0071,Cannot export data to CSV,I have been dealing with this for days. When I try to export data from our reporting system to CSV it downloads an empty file. The data is there on screen.,Data & Reports,Medium,Operations,step_by_step,Step 1: Try exporting a smaller dataset. Step 2: Try a different browser. Step 3: Clear browser cache and retry. Step 4: Check if a pop-up blocker is preventing the download.,4,0.97,satisfied,False,True,False,general
DAT-G-0072,Report showing incorrect figures,I have been dealing with this for days. The weekly stock report is showing figures that do not match what our team manually counted. The discrepancy is significant.,Data & Reports,Critical,HR,step_by_step,Step 1: Check date range and filters applied to the report. Step 2: Identify specific items with discrepancies. Step 3: Compare report data with source transaction records. Step 4: Escalate to the data team with specific examples.,4,0.94,escalated,True,True,False,general
DAT-G-0073,Database query taking too long,"Hi, A query I run every day is suddenly taking 45 minutes instead of 2 minutes. Nothing has changed in my query.",Data & Reports,High,Operations,step_by_step,Step 1: Check if database server is under unusual load. Step 2: Run EXPLAIN on your query to check for missing indexes. Step 3: Check if a large data import happened recently. Step 4: Contact the database admin team to review and optimise.,4,0.59,escalated,True,False,True,general
DAT-G-0074,How do I access the data warehouse,I have been dealing with this for days. I have been asked to pull historical sales data from last year. How do I access the data warehouse?,Data & Reports,Low,Marketing,information,Data warehouse access is available through the Business Intelligence portal. Request access through your manager first. Once approved you will receive credentials and a link to the BI training guide.,1,0.9,satisfied,False,False,False,general
DAT-G-0075,Monthly sales report not generating,"Hello, The automated monthly sales report that usually arrives on the first of the month has not been received. Finance is waiting. Please help.",Data & Reports,High,IT,step_by_step,Step 1: Check the report scheduler to see if the job ran. Step 2: Check email delivery logs for failures. Step 3: Manually trigger the report run. Step 4: Investigate why the scheduled run failed and fix the schedule.,4,0.88,satisfied,False,True,False,general
DAT-G-0076,Excel file too large to open,I have been dealing with this for days. A shared Excel file has grown to over 200MB and now takes forever to open or crashes. Multiple people edit it daily.,Data & Reports,Medium,Finance,step_by_step,Step 1: Remove unused worksheets and named ranges. Step 2: Convert formulas to values where possible. Step 3: Split into smaller period-specific files. Step 4: Consider migrating to a database or BI tool.,4,0.87,satisfied,False,False,False,general
DAT-G-0077,Database query taking too long,I have been dealing with this for days. A query I run every day is suddenly taking 45 minutes instead of 2 minutes. Nothing has changed in my query.,Data & Reports,Critical,HR,step_by_step,Step 1: Check if database server is under unusual load. Step 2: Run EXPLAIN on your query to check for missing indexes. Step 3: Check if a large data import happened recently. Step 4: Contact the database admin team to review and optimise.,4,0.49,escalated,True,False,True,general
DAT-G-0078,Excel file too large to open,Urgent - A shared Excel file has grown to over 200MB and now takes forever to open or crashes. Multiple people edit it daily.,Data & Reports,High,IT,step_by_step,Step 1: Remove unused worksheets and named ranges. Step 2: Convert formulas to values where possible. Step 3: Split into smaller period-specific files. Step 4: Consider migrating to a database or BI tool.,4,0.95,satisfied,False,False,False,general
DAT-G-0079,Database query taking too long,Following up on this issue — a query I run every day is suddenly taking 45 minutes instead of 2 minutes. Nothing has changed in my query.,Data & Reports,High,Operations,step_by_step,Step 1: Check if database server is under unusual load. Step 2: Run EXPLAIN on your query to check for missing indexes. Step 3: Check if a large data import happened recently. Step 4: Contact the database admin team to review and optimise.,4,0.39,escalated,True,False,True,general
DAT-G-0080,Report showing incorrect figures,"Hi team, the weekly stock report is showing figures that do not match what our team manually counted. The discrepancy is significant.",Data & Reports,Critical,Sales,step_by_step,Step 1: Check date range and filters applied to the report. Step 2: Identify specific items with discrepancies. Step 3: Compare report data with source transaction records. Step 4: Escalate to the data team with specific examples.,4,0.96,escalated,True,True,False,general
DAT-G-0081,Cannot export data to CSV,"Hi team, when I try to export data from our reporting system to CSV it downloads an empty file. The data is there on screen.",Data & Reports,Medium,HR,step_by_step,Step 1: Try exporting a smaller dataset. Step 2: Try a different browser. Step 3: Clear browser cache and retry. Step 4: Check if a pop-up blocker is preventing the download.,4,0.96,satisfied,False,True,False,general
DAT-G-0082,Monthly sales report not generating,Not sure if this is the right place but the automated monthly sales report that usually arrives on the first of the month has not been received. Finance is waiting.,Data & Reports,High,Marketing,step_by_step,Step 1: Check the report scheduler to see if the job ran. Step 2: Check email delivery logs for failures. Step 3: Manually trigger the report run. Step 4: Investigate why the scheduled run failed and fix the schedule.,4,0.91,satisfied,False,True,False,general
DAT-G-0083,Need historical data for audit,Urgent - Our auditors need transaction data from 3 years ago. How do I access archived data?,Data & Reports,Critical,IT,information,Historical data older than 2 years is in the archive database. Submit a data retrieval request through the IT portal with specific date range and data type. The Data team will provide a formal export within 2 business days.,1,0.87,escalated,True,False,False,general
DAT-G-0084,How do I access the data warehouse,Quick question — i have been asked to pull historical sales data from last year. How do I access the data warehouse?,Data & Reports,Low,Marketing,information,Data warehouse access is available through the Business Intelligence portal. Request access through your manager first. Once approved you will receive credentials and a link to the BI training guide.,1,0.9,not_helpful,False,False,False,general
DAT-G-0085,Need historical data for audit,Our auditors need transaction data from 3 years ago. How do I access archived data?,Data & Reports,Medium,IT,information,Historical data older than 2 years is in the archive database. Submit a data retrieval request through the IT portal with specific date range and data type. The Data team will provide a formal export within 2 business days.,1,0.93,satisfied,False,False,False,general
DAT-G-0086,Cannot export data to CSV,Urgent - When I try to export data from our reporting system to CSV it downloads an empty file. The data is there on screen.,Data & Reports,Medium,HR,step_by_step,Step 1: Try exporting a smaller dataset. Step 2: Try a different browser. Step 3: Clear browser cache and retry. Step 4: Check if a pop-up blocker is preventing the download.,4,0.94,satisfied,False,True,False,general
DAT-G-0087,Excel file too large to open,"Hello, A shared Excel file has grown to over 200MB and now takes forever to open or crashes. Multiple people edit it daily. Please help.",Data & Reports,Critical,HR,step_by_step,Step 1: Remove unused worksheets and named ranges. Step 2: Convert formulas to values where possible. Step 3: Split into smaller period-specific files. Step 4: Consider migrating to a database or BI tool.,4,0.72,escalated,True,False,False,general
DAT-G-0088,Database query taking too long,A query I run every day is suddenly taking 45 minutes instead of 2 minutes. Nothing has changed in my query.,Data & Reports,High,Operations,step_by_step,Step 1: Check if database server is under unusual load. Step 2: Run EXPLAIN on your query to check for missing indexes. Step 3: Check if a large data import happened recently. Step 4: Contact the database admin team to review and optimise.,4,0.5,escalated,True,False,True,general
DAT-G-0089,Database query taking too long,Following up on this issue — a query I run every day is suddenly taking 45 minutes instead of 2 minutes. Nothing has changed in my query.,Data & Reports,High,IT,step_by_step,Step 1: Check if database server is under unusual load. Step 2: Run EXPLAIN on your query to check for missing indexes. Step 3: Check if a large data import happened recently. Step 4: Contact the database admin team to review and optimise.,4,0.52,escalated,True,False,True,general
DAT-G-0090,Database query taking too long,A query I run every day is suddenly taking 45 minutes instead of 2 minutes. Nothing has changed in my query.,Data & Reports,High,Finance,step_by_step,Step 1: Check if database server is under unusual load. Step 2: Run EXPLAIN on your query to check for missing indexes. Step 3: Check if a large data import happened recently. Step 4: Contact the database admin team to review and optimise.,4,0.52,escalated,True,False,True,general
DAT-G-0091,How do I access the data warehouse,"Hi, I have been asked to pull historical sales data from last year. How do I access the data warehouse?",Data & Reports,Low,HR,information,Data warehouse access is available through the Business Intelligence portal. Request access through your manager first. Once approved you will receive credentials and a link to the BI training guide.,1,0.87,not_helpful,False,False,False,general
DAT-G-0092,Excel file too large to open,A shared Excel file has grown to over 200MB and now takes forever to open or crashes. Multiple people edit it daily.,Data & Reports,Medium,Marketing,step_by_step,Step 1: Remove unused worksheets and named ranges. Step 2: Convert formulas to values where possible. Step 3: Split into smaller period-specific files. Step 4: Consider migrating to a database or BI tool.,4,0.88,satisfied,False,False,False,general
DAT-G-0093,How do I access the data warehouse,I have been asked to pull historical sales data from last year. How do I access the data warehouse?,Data & Reports,Medium,HR,information,Data warehouse access is available through the Business Intelligence portal. Request access through your manager first. Once approved you will receive credentials and a link to the BI training guide.,1,0.79,not_helpful,False,False,False,general
DAT-G-0094,Database query taking too long,"Hello, A query I run every day is suddenly taking 45 minutes instead of 2 minutes. Nothing has changed in my query. Please help.",Data & Reports,Critical,Operations,step_by_step,Step 1: Check if database server is under unusual load. Step 2: Run EXPLAIN on your query to check for missing indexes. Step 3: Check if a large data import happened recently. Step 4: Contact the database admin team to review and optimise.,4,0.42,escalated,True,False,True,general
DAT-G-0095,Report showing incorrect figures,Urgent - The weekly stock report is showing figures that do not match what our team manually counted. The discrepancy is significant.,Data & Reports,High,IT,step_by_step,Step 1: Check date range and filters applied to the report. Step 2: Identify specific items with discrepancies. Step 3: Compare report data with source transaction records. Step 4: Escalate to the data team with specific examples.,4,0.91,satisfied,False,True,False,general
DAT-G-0096,Report showing incorrect figures,"Hello, The weekly stock report is showing figures that do not match what our team manually counted. The discrepancy is significant. Please help.",Data & Reports,High,Sales,step_by_step,Step 1: Check date range and filters applied to the report. Step 2: Identify specific items with discrepancies. Step 3: Compare report data with source transaction records. Step 4: Escalate to the data team with specific examples.,4,0.97,satisfied,False,True,False,general
DAT-G-0097,Cannot export data to CSV,I have been dealing with this for days. When I try to export data from our reporting system to CSV it downloads an empty file. The data is there on screen.,Data & Reports,High,HR,step_by_step,Step 1: Try exporting a smaller dataset. Step 2: Try a different browser. Step 3: Clear browser cache and retry. Step 4: Check if a pop-up blocker is preventing the download.,4,0.95,satisfied,False,True,False,general
DAT-G-0098,Cannot export data to CSV,This is really frustrating. When I try to export data from our reporting system to CSV it downloads an empty file. The data is there on screen.,Data & Reports,Medium,Operations,step_by_step,Step 1: Try exporting a smaller dataset. Step 2: Try a different browser. Step 3: Clear browser cache and retry. Step 4: Check if a pop-up blocker is preventing the download.,4,0.82,satisfied,False,True,False,general
DAT-G-0099,Database query taking too long,Quick question — a query I run every day is suddenly taking 45 minutes instead of 2 minutes. Nothing has changed in my query.,Data & Reports,High,HR,step_by_step,Step 1: Check if database server is under unusual load. Step 2: Run EXPLAIN on your query to check for missing indexes. Step 3: Check if a large data import happened recently. Step 4: Contact the database admin team to review and optimise.,4,0.55,escalated,True,False,True,general
DAT-G-0100,Monthly sales report not generating,"Hi team, the automated monthly sales report that usually arrives on the first of the month has not been received. Finance is waiting.",Data & Reports,High,IT,step_by_step,Step 1: Check the report scheduler to see if the job ran. Step 2: Check email delivery logs for failures. Step 3: Manually trigger the report run. Step 4: Investigate why the scheduled run failed and fix the schedule.,4,0.98,satisfied,False,True,False,general
DAT-G-0101,Report showing incorrect figures,"Hello, The weekly stock report is showing figures that do not match what our team manually counted. The discrepancy is significant. Please help.",Data & Reports,High,IT,step_by_step,Step 1: Check date range and filters applied to the report. Step 2: Identify specific items with discrepancies. Step 3: Compare report data with source transaction records. Step 4: Escalate to the data team with specific examples.,4,0.97,not_helpful,False,True,False,general
DAT-G-0102,How do I access the data warehouse,Quick question — i have been asked to pull historical sales data from last year. How do I access the data warehouse?,Data & Reports,Medium,Sales,information,Data warehouse access is available through the Business Intelligence portal. Request access through your manager first. Once approved you will receive credentials and a link to the BI training guide.,1,0.78,satisfied,False,False,False,general
DAT-G-0103,Excel file too large to open,Following up on this issue — a shared Excel file has grown to over 200MB and now takes forever to open or crashes. Multiple people edit it daily.,Data & Reports,Medium,IT,step_by_step,Step 1: Remove unused worksheets and named ranges. Step 2: Convert formulas to values where possible. Step 3: Split into smaller period-specific files. Step 4: Consider migrating to a database or BI tool.,4,0.84,satisfied,False,False,False,general
DAT-G-0104,Need historical data for audit,"Hi, Our auditors need transaction data from 3 years ago. How do I access archived data?",Data & Reports,Medium,HR,information,Historical data older than 2 years is in the archive database. Submit a data retrieval request through the IT portal with specific date range and data type. The Data team will provide a formal export within 2 business days.,1,0.87,satisfied,False,False,False,general
DAT-G-0105,Monthly sales report not generating,"Hi, The automated monthly sales report that usually arrives on the first of the month has not been received. Finance is waiting.",Data & Reports,Medium,Operations,step_by_step,Step 1: Check the report scheduler to see if the job ran. Step 2: Check email delivery logs for failures. Step 3: Manually trigger the report run. Step 4: Investigate why the scheduled run failed and fix the schedule.,4,0.91,satisfied,False,True,False,general
DAT-G-0106,Database query taking too long,I have been dealing with this for days. A query I run every day is suddenly taking 45 minutes instead of 2 minutes. Nothing has changed in my query.,Data & Reports,High,Marketing,step_by_step,Step 1: Check if database server is under unusual load. Step 2: Run EXPLAIN on your query to check for missing indexes. Step 3: Check if a large data import happened recently. Step 4: Contact the database admin team to review and optimise.,4,0.46,escalated,True,False,True,general
DAT-G-0107,Excel file too large to open,"Hi team, a shared Excel file has grown to over 200MB and now takes forever to open or crashes. Multiple people edit it daily.",Data & Reports,Low,Sales,step_by_step,Step 1: Remove unused worksheets and named ranges. Step 2: Convert formulas to values where possible. Step 3: Split into smaller period-specific files. Step 4: Consider migrating to a database or BI tool.,4,0.77,satisfied,False,False,False,general
DAT-G-0108,Cannot export data to CSV,This is really frustrating. When I try to export data from our reporting system to CSV it downloads an empty file. The data is there on screen.,Data & Reports,Medium,Sales,step_by_step,Step 1: Try exporting a smaller dataset. Step 2: Try a different browser. Step 3: Clear browser cache and retry. Step 4: Check if a pop-up blocker is preventing the download.,4,0.86,satisfied,False,True,False,general
DAT-G-0109,Database query taking too long,A query I run every day is suddenly taking 45 minutes instead of 2 minutes. Nothing has changed in my query.,Data & Reports,High,Finance,step_by_step,Step 1: Check if database server is under unusual load. Step 2: Run EXPLAIN on your query to check for missing indexes. Step 3: Check if a large data import happened recently. Step 4: Contact the database admin team to review and optimise.,4,0.53,escalated,True,False,True,general
DAT-G-0110,Excel file too large to open,Following up on this issue — a shared Excel file has grown to over 200MB and now takes forever to open or crashes. Multiple people edit it daily.,Data & Reports,Medium,HR,step_by_step,Step 1: Remove unused worksheets and named ranges. Step 2: Convert formulas to values where possible. Step 3: Split into smaller period-specific files. Step 4: Consider migrating to a database or BI tool.,4,0.8,satisfied,False,False,False,general
DAT-G-0111,Report showing incorrect figures,I have been dealing with this for days. The weekly stock report is showing figures that do not match what our team manually counted. The discrepancy is significant.,Data & Reports,Medium,Sales,step_by_step,Step 1: Check date range and filters applied to the report. Step 2: Identify specific items with discrepancies. Step 3: Compare report data with source transaction records. Step 4: Escalate to the data team with specific examples.,4,0.83,satisfied,False,True,False,general
DAT-G-0112,Database query taking too long,A query I run every day is suddenly taking 45 minutes instead of 2 minutes. Nothing has changed in my query.,Data & Reports,High,Operations,step_by_step,Step 1: Check if database server is under unusual load. Step 2: Run EXPLAIN on your query to check for missing indexes. Step 3: Check if a large data import happened recently. Step 4: Contact the database admin team to review and optimise.,4,0.48,escalated,True,False,True,general
DAT-G-0113,Cannot export data to CSV,When I try to export data from our reporting system to CSV it downloads an empty file. The data is there on screen.,Data & Reports,Medium,Finance,step_by_step,Step 1: Try exporting a smaller dataset. Step 2: Try a different browser. Step 3: Clear browser cache and retry. Step 4: Check if a pop-up blocker is preventing the download.,4,0.92,satisfied,False,True,False,general
DAT-G-0114,How do I access the data warehouse,This is really frustrating. I have been asked to pull historical sales data from last year. How do I access the data warehouse?,Data & Reports,Low,HR,information,Data warehouse access is available through the Business Intelligence portal. Request access through your manager first. Once approved you will receive credentials and a link to the BI training guide.,1,0.91,not_helpful,False,False,False,general
DAT-G-0115,Excel file too large to open,I have been dealing with this for days. A shared Excel file has grown to over 200MB and now takes forever to open or crashes. Multiple people edit it daily.,Data & Reports,Medium,Finance,step_by_step,Step 1: Remove unused worksheets and named ranges. Step 2: Convert formulas to values where possible. Step 3: Split into smaller period-specific files. Step 4: Consider migrating to a database or BI tool.,4,0.73,not_helpful,False,False,False,general
DAT-G-0116,How do I access the data warehouse,"Hello, I have been asked to pull historical sales data from last year. How do I access the data warehouse? Please help.",Data & Reports,Low,Marketing,information,Data warehouse access is available through the Business Intelligence portal. Request access through your manager first. Once approved you will receive credentials and a link to the BI training guide.,1,0.76,satisfied,False,False,False,general
DAT-G-0117,Need historical data for audit,Following up on this issue — our auditors need transaction data from 3 years ago. How do I access archived data?,Data & Reports,Medium,Finance,information,Historical data older than 2 years is in the archive database. Submit a data retrieval request through the IT portal with specific date range and data type. The Data team will provide a formal export within 2 business days.,1,0.73,satisfied,False,False,False,general
DAT-G-0118,Cannot export data to CSV,"Hello, When I try to export data from our reporting system to CSV it downloads an empty file. The data is there on screen. Please help.",Data & Reports,Medium,Finance,step_by_step,Step 1: Try exporting a smaller dataset. Step 2: Try a different browser. Step 3: Clear browser cache and retry. Step 4: Check if a pop-up blocker is preventing the download.,4,0.97,satisfied,False,True,False,general
DAT-G-0119,Monthly sales report not generating,"Hi team, the automated monthly sales report that usually arrives on the first of the month has not been received. Finance is waiting.",Data & Reports,High,IT,step_by_step,Step 1: Check the report scheduler to see if the job ran. Step 2: Check email delivery logs for failures. Step 3: Manually trigger the report run. Step 4: Investigate why the scheduled run failed and fix the schedule.,4,0.81,satisfied,False,True,False,general
DAT-G-0120,How do I access the data warehouse,"Hi, I have been asked to pull historical sales data from last year. How do I access the data warehouse?",Data & Reports,Low,Sales,information,Data warehouse access is available through the Business Intelligence portal. Request access through your manager first. Once approved you will receive credentials and a link to the BI training guide.,1,0.84,satisfied,False,False,False,general
DAT-G-0121,Database query taking too long,This is really frustrating. A query I run every day is suddenly taking 45 minutes instead of 2 minutes. Nothing has changed in my query.,Data & Reports,High,Finance,step_by_step,Step 1: Check if database server is under unusual load. Step 2: Run EXPLAIN on your query to check for missing indexes. Step 3: Check if a large data import happened recently. Step 4: Contact the database admin team to review and optimise.,4,0.51,escalated,True,False,True,general
DAT-G-0122,Need historical data for audit,Urgent - Our auditors need transaction data from 3 years ago. How do I access archived data?,Data & Reports,High,Finance,information,Historical data older than 2 years is in the archive database. Submit a data retrieval request through the IT portal with specific date range and data type. The Data team will provide a formal export within 2 business days.,1,0.92,not_helpful,False,False,False,general
DAT-G-0123,Report showing incorrect figures,"Hi team, the weekly stock report is showing figures that do not match what our team manually counted. The discrepancy is significant.",Data & Reports,Medium,HR,step_by_step,Step 1: Check date range and filters applied to the report. Step 2: Identify specific items with discrepancies. Step 3: Compare report data with source transaction records. Step 4: Escalate to the data team with specific examples.,4,0.87,satisfied,False,True,False,general
DAT-G-0124,Cannot export data to CSV,"Hi team, when I try to export data from our reporting system to CSV it downloads an empty file. The data is there on screen.",Data & Reports,High,Sales,step_by_step,Step 1: Try exporting a smaller dataset. Step 2: Try a different browser. Step 3: Clear browser cache and retry. Step 4: Check if a pop-up blocker is preventing the download.,4,0.92,satisfied,False,True,False,general
DAT-G-0125,Database query taking too long,"Hello, A query I run every day is suddenly taking 45 minutes instead of 2 minutes. Nothing has changed in my query. Please help.",Data & Reports,Critical,HR,step_by_step,Step 1: Check if database server is under unusual load. Step 2: Run EXPLAIN on your query to check for missing indexes. Step 3: Check if a large data import happened recently. Step 4: Contact the database admin team to review and optimise.,4,0.4,escalated,True,False,True,general
DAT-G-0126,How do I access the data warehouse,"Hi, I have been asked to pull historical sales data from last year. How do I access the data warehouse?",Data & Reports,Medium,Finance,information,Data warehouse access is available through the Business Intelligence portal. Request access through your manager first. Once approved you will receive credentials and a link to the BI training guide.,1,0.87,satisfied,False,False,False,general
DAT-G-0127,Cannot export data to CSV,"Hi team, when I try to export data from our reporting system to CSV it downloads an empty file. The data is there on screen.",Data & Reports,Medium,Sales,step_by_step,Step 1: Try exporting a smaller dataset. Step 2: Try a different browser. Step 3: Clear browser cache and retry. Step 4: Check if a pop-up blocker is preventing the download.,4,0.86,satisfied,False,True,False,general
DAT-G-0128,Excel file too large to open,I have been dealing with this for days. A shared Excel file has grown to over 200MB and now takes forever to open or crashes. Multiple people edit it daily.,Data & Reports,Medium,Operations,step_by_step,Step 1: Remove unused worksheets and named ranges. Step 2: Convert formulas to values where possible. Step 3: Split into smaller period-specific files. Step 4: Consider migrating to a database or BI tool.,4,0.75,not_helpful,False,False,False,general
DAT-G-0129,Monthly sales report not generating,Urgent - The automated monthly sales report that usually arrives on the first of the month has not been received. Finance is waiting.,Data & Reports,High,Marketing,step_by_step,Step 1: Check the report scheduler to see if the job ran. Step 2: Check email delivery logs for failures. Step 3: Manually trigger the report run. Step 4: Investigate why the scheduled run failed and fix the schedule.,4,0.86,satisfied,False,True,False,general
DAT-G-0130,Need historical data for audit,Quick question — our auditors need transaction data from 3 years ago. How do I access archived data?,Data & Reports,Medium,Sales,information,Historical data older than 2 years is in the archive database. Submit a data retrieval request through the IT portal with specific date range and data type. The Data team will provide a formal export within 2 business days.,1,0.78,satisfied,False,False,False,general
DAT-G-0131,How do I access the data warehouse,I have been asked to pull historical sales data from last year. How do I access the data warehouse?,Data & Reports,Low,HR,information,Data warehouse access is available through the Business Intelligence portal. Request access through your manager first. Once approved you will receive credentials and a link to the BI training guide.,1,0.75,satisfied,False,False,False,general
DAT-G-0132,Database query taking too long,Quick question — a query I run every day is suddenly taking 45 minutes instead of 2 minutes. Nothing has changed in my query.,Data & Reports,Medium,Operations,step_by_step,Step 1: Check if database server is under unusual load. Step 2: Run EXPLAIN on your query to check for missing indexes. Step 3: Check if a large data import happened recently. Step 4: Contact the database admin team to review and optimise.,4,0.48,not_helpful,False,False,True,general
DAT-G-0133,Report showing incorrect figures,Quick question — the weekly stock report is showing figures that do not match what our team manually counted. The discrepancy is significant.,Data & Reports,Critical,Sales,step_by_step,Step 1: Check date range and filters applied to the report. Step 2: Identify specific items with discrepancies. Step 3: Compare report data with source transaction records. Step 4: Escalate to the data team with specific examples.,4,0.93,escalated,True,True,False,general
DAT-G-0134,Cannot export data to CSV,I have been dealing with this for days. When I try to export data from our reporting system to CSV it downloads an empty file. The data is there on screen.,Data & Reports,Medium,HR,step_by_step,Step 1: Try exporting a smaller dataset. Step 2: Try a different browser. Step 3: Clear browser cache and retry. Step 4: Check if a pop-up blocker is preventing the download.,4,0.84,satisfied,False,True,False,general
DAT-G-0135,Need historical data for audit,Following up on this issue — our auditors need transaction data from 3 years ago. How do I access archived data?,Data & Reports,High,HR,information,Historical data older than 2 years is in the archive database. Submit a data retrieval request through the IT portal with specific date range and data type. The Data team will provide a formal export within 2 business days.,1,0.86,satisfied,False,False,False,general
DAT-G-0136,Database query taking too long,Following up on this issue — a query I run every day is suddenly taking 45 minutes instead of 2 minutes. Nothing has changed in my query.,Data & Reports,High,IT,step_by_step,Step 1: Check if database server is under unusual load. Step 2: Run EXPLAIN on your query to check for missing indexes. Step 3: Check if a large data import happened recently. Step 4: Contact the database admin team to review and optimise.,4,0.53,escalated,True,False,True,general
DAT-G-0137,Excel file too large to open,"Hello, A shared Excel file has grown to over 200MB and now takes forever to open or crashes. Multiple people edit it daily. Please help.",Data & Reports,High,Sales,step_by_step,Step 1: Remove unused worksheets and named ranges. Step 2: Convert formulas to values where possible. Step 3: Split into smaller period-specific files. Step 4: Consider migrating to a database or BI tool.,4,0.75,not_helpful,False,False,False,general
DAT-G-0138,Database query taking too long,This is really frustrating. A query I run every day is suddenly taking 45 minutes instead of 2 minutes. Nothing has changed in my query.,Data & Reports,High,IT,step_by_step,Step 1: Check if database server is under unusual load. Step 2: Run EXPLAIN on your query to check for missing indexes. Step 3: Check if a large data import happened recently. Step 4: Contact the database admin team to review and optimise.,4,0.6,satisfied,False,False,True,general
DAT-G-0139,Database query taking too long,Following up on this issue — a query I run every day is suddenly taking 45 minutes instead of 2 minutes. Nothing has changed in my query.,Data & Reports,Medium,Finance,step_by_step,Step 1: Check if database server is under unusual load. Step 2: Run EXPLAIN on your query to check for missing indexes. Step 3: Check if a large data import happened recently. Step 4: Contact the database admin team to review and optimise.,4,0.49,not_helpful,False,False,True,general
DAT-G-0140,Cannot export data to CSV,"Hi team, when I try to export data from our reporting system to CSV it downloads an empty file. The data is there on screen.",Data & Reports,High,IT,step_by_step,Step 1: Try exporting a smaller dataset. Step 2: Try a different browser. Step 3: Clear browser cache and retry. Step 4: Check if a pop-up blocker is preventing the download.,4,0.91,satisfied,False,True,False,general
DAT-G-0141,Need historical data for audit,"Hi team, our auditors need transaction data from 3 years ago. How do I access archived data?",Data & Reports,High,Sales,information,Historical data older than 2 years is in the archive database. Submit a data retrieval request through the IT portal with specific date range and data type. The Data team will provide a formal export within 2 business days.,1,0.75,satisfied,False,False,False,general
DAT-G-0142,How do I access the data warehouse,"Hi, I have been asked to pull historical sales data from last year. How do I access the data warehouse?",Data & Reports,Low,Operations,information,Data warehouse access is available through the Business Intelligence portal. Request access through your manager first. Once approved you will receive credentials and a link to the BI training guide.,1,0.86,satisfied,False,False,False,general
DAT-G-0143,Excel file too large to open,This is really frustrating. A shared Excel file has grown to over 200MB and now takes forever to open or crashes. Multiple people edit it daily.,Data & Reports,Critical,Finance,step_by_step,Step 1: Remove unused worksheets and named ranges. Step 2: Convert formulas to values where possible. Step 3: Split into smaller period-specific files. Step 4: Consider migrating to a database or BI tool.,4,0.81,escalated,True,False,False,general
DAT-G-0144,Need historical data for audit,Quick question — our auditors need transaction data from 3 years ago. How do I access archived data?,Data & Reports,Medium,Sales,information,Historical data older than 2 years is in the archive database. Submit a data retrieval request through the IT portal with specific date range and data type. The Data team will provide a formal export within 2 business days.,1,0.82,not_helpful,False,False,False,general
DAT-G-0145,How do I access the data warehouse,Quick question — i have been asked to pull historical sales data from last year. How do I access the data warehouse?,Data & Reports,Low,IT,information,Data warehouse access is available through the Business Intelligence portal. Request access through your manager first. Once approved you will receive credentials and a link to the BI training guide.,1,0.76,satisfied,False,False,False,general
DAT-G-0146,Monthly sales report not generating,Following up on this issue — the automated monthly sales report that usually arrives on the first of the month has not been received. Finance is waiting.,Data & Reports,High,Finance,step_by_step,Step 1: Check the report scheduler to see if the job ran. Step 2: Check email delivery logs for failures. Step 3: Manually trigger the report run. Step 4: Investigate why the scheduled run failed and fix the schedule.,4,0.88,satisfied,False,True,False,general
DAT-G-0147,Cannot export data to CSV,"Hi team, when I try to export data from our reporting system to CSV it downloads an empty file. The data is there on screen.",Data & Reports,Critical,Marketing,step_by_step,Step 1: Try exporting a smaller dataset. Step 2: Try a different browser. Step 3: Clear browser cache and retry. Step 4: Check if a pop-up blocker is preventing the download.,4,0.81,escalated,True,True,False,general
DAT-G-0148,Need historical data for audit,Our auditors need transaction data from 3 years ago. How do I access archived data?,Data & Reports,Medium,HR,information,Historical data older than 2 years is in the archive database. Submit a data retrieval request through the IT portal with specific date range and data type. The Data team will provide a formal export within 2 business days.,1,0.92,satisfied,False,False,False,general
DAT-G-0149,Excel file too large to open,A shared Excel file has grown to over 200MB and now takes forever to open or crashes. Multiple people edit it daily.,Data & Reports,High,Finance,step_by_step,Step 1: Remove unused worksheets and named ranges. Step 2: Convert formulas to values where possible. Step 3: Split into smaller period-specific files. Step 4: Consider migrating to a database or BI tool.,4,0.93,not_helpful,False,False,False,general
DAT-G-0150,Report showing incorrect figures,Quick question — the weekly stock report is showing figures that do not match what our team manually counted. The discrepancy is significant.,Data & Reports,Medium,IT,step_by_step,Step 1: Check date range and filters applied to the report. Step 2: Identify specific items with discrepancies. Step 3: Compare report data with source transaction records. Step 4: Escalate to the data team with specific examples.,4,0.9,satisfied,False,True,False,general
DAT-G-0151,Excel file too large to open,"Hello, A shared Excel file has grown to over 200MB and now takes forever to open or crashes. Multiple people edit it daily. Please help.",Data & Reports,Medium,IT,step_by_step,Step 1: Remove unused worksheets and named ranges. Step 2: Convert formulas to values where possible. Step 3: Split into smaller period-specific files. Step 4: Consider migrating to a database or BI tool.,4,0.93,satisfied,False,False,False,general
DAT-G-0152,Report showing incorrect figures,"Hi team, the weekly stock report is showing figures that do not match what our team manually counted. The discrepancy is significant.",Data & Reports,Critical,Operations,step_by_step,Step 1: Check date range and filters applied to the report. Step 2: Identify specific items with discrepancies. Step 3: Compare report data with source transaction records. Step 4: Escalate to the data team with specific examples.,4,0.86,escalated,True,True,False,general
DAT-G-0153,Monthly sales report not generating,"Hello, The automated monthly sales report that usually arrives on the first of the month has not been received. Finance is waiting. Please help.",Data & Reports,High,HR,step_by_step,Step 1: Check the report scheduler to see if the job ran. Step 2: Check email delivery logs for failures. Step 3: Manually trigger the report run. Step 4: Investigate why the scheduled run failed and fix the schedule.,4,0.89,satisfied,False,True,False,general
DAT-G-0154,Cannot export data to CSV,I have been dealing with this for days. When I try to export data from our reporting system to CSV it downloads an empty file. The data is there on screen.,Data & Reports,High,Sales,step_by_step,Step 1: Try exporting a smaller dataset. Step 2: Try a different browser. Step 3: Clear browser cache and retry. Step 4: Check if a pop-up blocker is preventing the download.,4,0.97,satisfied,False,True,False,general
DAT-G-0155,Monthly sales report not generating,"Hi, The automated monthly sales report that usually arrives on the first of the month has not been received. Finance is waiting.",Data & Reports,Critical,IT,step_by_step,Step 1: Check the report scheduler to see if the job ran. Step 2: Check email delivery logs for failures. Step 3: Manually trigger the report run. Step 4: Investigate why the scheduled run failed and fix the schedule.,4,0.96,escalated,True,True,False,general
DAT-G-0156,Report showing incorrect figures,Not sure if this is the right place but the weekly stock report is showing figures that do not match what our team manually counted. The discrepancy is significant.,Data & Reports,High,IT,step_by_step,Step 1: Check date range and filters applied to the report. Step 2: Identify specific items with discrepancies. Step 3: Compare report data with source transaction records. Step 4: Escalate to the data team with specific examples.,4,0.91,satisfied,False,True,False,general
DAT-G-0157,Database query taking too long,Following up on this issue — a query I run every day is suddenly taking 45 minutes instead of 2 minutes. Nothing has changed in my query.,Data & Reports,High,Finance,step_by_step,Step 1: Check if database server is under unusual load. Step 2: Run EXPLAIN on your query to check for missing indexes. Step 3: Check if a large data import happened recently. Step 4: Contact the database admin team to review and optimise.,4,0.54,escalated,True,False,True,general
DAT-G-0158,Excel file too large to open,Not sure if this is the right place but a shared Excel file has grown to over 200MB and now takes forever to open or crashes. Multiple people edit it daily.,Data & Reports,Medium,Finance,step_by_step,Step 1: Remove unused worksheets and named ranges. Step 2: Convert formulas to values where possible. Step 3: Split into smaller period-specific files. Step 4: Consider migrating to a database or BI tool.,4,0.92,satisfied,False,False,False,general
DAT-G-0159,Cannot export data to CSV,Urgent - When I try to export data from our reporting system to CSV it downloads an empty file. The data is there on screen.,Data & Reports,Critical,HR,step_by_step,Step 1: Try exporting a smaller dataset. Step 2: Try a different browser. Step 3: Clear browser cache and retry. Step 4: Check if a pop-up blocker is preventing the download.,4,0.92,escalated,True,True,False,general
DAT-G-0160,Monthly sales report not generating,Not sure if this is the right place but the automated monthly sales report that usually arrives on the first of the month has not been received. Finance is waiting.,Data & Reports,High,Finance,step_by_step,Step 1: Check the report scheduler to see if the job ran. Step 2: Check email delivery logs for failures. Step 3: Manually trigger the report run. Step 4: Investigate why the scheduled run failed and fix the schedule.,4,0.83,satisfied,False,True,False,general
DAT-G-0161,Monthly sales report not generating,Quick question — the automated monthly sales report that usually arrives on the first of the month has not been received. Finance is waiting.,Data & Reports,Medium,IT,step_by_step,Step 1: Check the report scheduler to see if the job ran. Step 2: Check email delivery logs for failures. Step 3: Manually trigger the report run. Step 4: Investigate why the scheduled run failed and fix the schedule.,4,0.95,satisfied,False,True,False,general
DAT-G-0162,How do I access the data warehouse,Following up on this issue — i have been asked to pull historical sales data from last year. How do I access the data warehouse?,Data & Reports,Low,IT,information,Data warehouse access is available through the Business Intelligence portal. Request access through your manager first. Once approved you will receive credentials and a link to the BI training guide.,1,0.84,satisfied,False,False,False,general
DAT-G-0163,Cannot export data to CSV,Following up on this issue — when I try to export data from our reporting system to CSV it downloads an empty file. The data is there on screen.,Data & Reports,Medium,Marketing,step_by_step,Step 1: Try exporting a smaller dataset. Step 2: Try a different browser. Step 3: Clear browser cache and retry. Step 4: Check if a pop-up blocker is preventing the download.,4,0.88,satisfied,False,True,False,general
DAT-G-0164,Excel file too large to open,Quick question — a shared Excel file has grown to over 200MB and now takes forever to open or crashes. Multiple people edit it daily.,Data & Reports,High,Sales,step_by_step,Step 1: Remove unused worksheets and named ranges. Step 2: Convert formulas to values where possible. Step 3: Split into smaller period-specific files. Step 4: Consider migrating to a database or BI tool.,4,0.78,not_helpful,False,False,False,general
DAT-G-0165,Monthly sales report not generating,This is really frustrating. The automated monthly sales report that usually arrives on the first of the month has not been received. Finance is waiting.,Data & Reports,Critical,HR,step_by_step,Step 1: Check the report scheduler to see if the job ran. Step 2: Check email delivery logs for failures. Step 3: Manually trigger the report run. Step 4: Investigate why the scheduled run failed and fix the schedule.,4,0.9,escalated,True,True,False,general
DAT-G-0166,How do I access the data warehouse,I have been dealing with this for days. I have been asked to pull historical sales data from last year. How do I access the data warehouse?,Data & Reports,Low,Sales,information,Data warehouse access is available through the Business Intelligence portal. Request access through your manager first. Once approved you will receive credentials and a link to the BI training guide.,1,0.89,satisfied,False,False,False,general
DAT-G-0167,Database query taking too long,Quick question — a query I run every day is suddenly taking 45 minutes instead of 2 minutes. Nothing has changed in my query.,Data & Reports,High,HR,step_by_step,Step 1: Check if database server is under unusual load. Step 2: Run EXPLAIN on your query to check for missing indexes. Step 3: Check if a large data import happened recently. Step 4: Contact the database admin team to review and optimise.,4,0.51,escalated,True,False,True,general
DAT-G-0168,Excel file too large to open,"Hi team, a shared Excel file has grown to over 200MB and now takes forever to open or crashes. Multiple people edit it daily.",Data & Reports,Medium,Marketing,step_by_step,Step 1: Remove unused worksheets and named ranges. Step 2: Convert formulas to values where possible. Step 3: Split into smaller period-specific files. Step 4: Consider migrating to a database or BI tool.,4,0.9,not_helpful,False,False,False,general
DAT-G-0169,Report showing incorrect figures,This is really frustrating. The weekly stock report is showing figures that do not match what our team manually counted. The discrepancy is significant.,Data & Reports,High,Operations,step_by_step,Step 1: Check date range and filters applied to the report. Step 2: Identify specific items with discrepancies. Step 3: Compare report data with source transaction records. Step 4: Escalate to the data team with specific examples.,4,0.9,satisfied,False,True,False,general
DAT-G-0170,Need historical data for audit,Quick question — our auditors need transaction data from 3 years ago. How do I access archived data?,Data & Reports,Low,Marketing,information,Historical data older than 2 years is in the archive database. Submit a data retrieval request through the IT portal with specific date range and data type. The Data team will provide a formal export within 2 business days.,1,0.83,not_helpful,False,False,False,general
DAT-G-0171,Cannot export data to CSV,"Hello, When I try to export data from our reporting system to CSV it downloads an empty file. The data is there on screen. Please help.",Data & Reports,Medium,Finance,step_by_step,Step 1: Try exporting a smaller dataset. Step 2: Try a different browser. Step 3: Clear browser cache and retry. Step 4: Check if a pop-up blocker is preventing the download.,4,0.97,satisfied,False,True,False,general
DAT-G-0172,Monthly sales report not generating,Quick question — the automated monthly sales report that usually arrives on the first of the month has not been received. Finance is waiting.,Data & Reports,High,Sales,step_by_step,Step 1: Check the report scheduler to see if the job ran. Step 2: Check email delivery logs for failures. Step 3: Manually trigger the report run. Step 4: Investigate why the scheduled run failed and fix the schedule.,4,0.91,satisfied,False,True,False,general
DAT-G-0173,Monthly sales report not generating,"Hello, The automated monthly sales report that usually arrives on the first of the month has not been received. Finance is waiting. Please help.",Data & Reports,High,Marketing,step_by_step,Step 1: Check the report scheduler to see if the job ran. Step 2: Check email delivery logs for failures. Step 3: Manually trigger the report run. Step 4: Investigate why the scheduled run failed and fix the schedule.,4,0.9,satisfied,False,True,False,general
DAT-G-0174,How do I access the data warehouse,"Hi team, i have been asked to pull historical sales data from last year. How do I access the data warehouse?",Data & Reports,Low,Sales,information,Data warehouse access is available through the Business Intelligence portal. Request access through your manager first. Once approved you will receive credentials and a link to the BI training guide.,1,0.84,satisfied,False,False,False,general
DAT-G-0175,Cannot export data to CSV,When I try to export data from our reporting system to CSV it downloads an empty file. The data is there on screen.,Data & Reports,Medium,Marketing,step_by_step,Step 1: Try exporting a smaller dataset. Step 2: Try a different browser. Step 3: Clear browser cache and retry. Step 4: Check if a pop-up blocker is preventing the download.,4,0.85,satisfied,False,True,False,general
DAT-G-0176,Monthly sales report not generating,Following up on this issue — the automated monthly sales report that usually arrives on the first of the month has not been received. Finance is waiting.,Data & Reports,High,Sales,step_by_step,Step 1: Check the report scheduler to see if the job ran. Step 2: Check email delivery logs for failures. Step 3: Manually trigger the report run. Step 4: Investigate why the scheduled run failed and fix the schedule.,4,0.96,satisfied,False,True,False,general
DAT-G-0177,Need historical data for audit,Urgent - Our auditors need transaction data from 3 years ago. How do I access archived data?,Data & Reports,Medium,Operations,information,Historical data older than 2 years is in the archive database. Submit a data retrieval request through the IT portal with specific date range and data type. The Data team will provide a formal export within 2 business days.,1,0.91,satisfied,False,False,False,general
DAT-G-0178,Need historical data for audit,Quick question — our auditors need transaction data from 3 years ago. How do I access archived data?,Data & Reports,Low,Finance,information,Historical data older than 2 years is in the archive database. Submit a data retrieval request through the IT portal with specific date range and data type. The Data team will provide a formal export within 2 business days.,1,0.96,not_helpful,False,False,False,general
DAT-G-0179,Need historical data for audit,"Hi, Our auditors need transaction data from 3 years ago. How do I access archived data?",Data & Reports,Medium,Marketing,information,Historical data older than 2 years is in the archive database. Submit a data retrieval request through the IT portal with specific date range and data type. The Data team will provide a formal export within 2 business days.,1,0.96,not_helpful,False,False,False,general
DAT-G-0180,Database query taking too long,Quick question — a query I run every day is suddenly taking 45 minutes instead of 2 minutes. Nothing has changed in my query.,Data & Reports,High,Marketing,step_by_step,Step 1: Check if database server is under unusual load. Step 2: Run EXPLAIN on your query to check for missing indexes. Step 3: Check if a large data import happened recently. Step 4: Contact the database admin team to review and optimise.,4,0.42,escalated,True,False,True,general
DAT-G-0181,Need historical data for audit,"Hi team, our auditors need transaction data from 3 years ago. How do I access archived data?",Data & Reports,Medium,HR,information,Historical data older than 2 years is in the archive database. Submit a data retrieval request through the IT portal with specific date range and data type. The Data team will provide a formal export within 2 business days.,1,0.87,not_helpful,False,False,False,general
DAT-G-0182,Excel file too large to open,I have been dealing with this for days. A shared Excel file has grown to over 200MB and now takes forever to open or crashes. Multiple people edit it daily.,Data & Reports,Medium,Finance,step_by_step,Step 1: Remove unused worksheets and named ranges. Step 2: Convert formulas to values where possible. Step 3: Split into smaller period-specific files. Step 4: Consider migrating to a database or BI tool.,4,0.83,satisfied,False,False,False,general
DAT-G-0183,Database query taking too long,"Hello, A query I run every day is suddenly taking 45 minutes instead of 2 minutes. Nothing has changed in my query. Please help.",Data & Reports,High,Finance,step_by_step,Step 1: Check if database server is under unusual load. Step 2: Run EXPLAIN on your query to check for missing indexes. Step 3: Check if a large data import happened recently. Step 4: Contact the database admin team to review and optimise.,4,0.47,escalated,True,False,True,general
DAT-G-0184,How do I access the data warehouse,Following up on this issue — i have been asked to pull historical sales data from last year. How do I access the data warehouse?,Data & Reports,Medium,IT,information,Data warehouse access is available through the Business Intelligence portal. Request access through your manager first. Once approved you will receive credentials and a link to the BI training guide.,1,0.72,not_helpful,False,False,False,general
DAT-G-0185,Report showing incorrect figures,"Hi team, the weekly stock report is showing figures that do not match what our team manually counted. The discrepancy is significant.",Data & Reports,High,Operations,step_by_step,Step 1: Check date range and filters applied to the report. Step 2: Identify specific items with discrepancies. Step 3: Compare report data with source transaction records. Step 4: Escalate to the data team with specific examples.,4,0.9,not_helpful,False,True,False,general
DAT-G-0186,Report showing incorrect figures,"Hello, The weekly stock report is showing figures that do not match what our team manually counted. The discrepancy is significant. Please help.",Data & Reports,High,Sales,step_by_step,Step 1: Check date range and filters applied to the report. Step 2: Identify specific items with discrepancies. Step 3: Compare report data with source transaction records. Step 4: Escalate to the data team with specific examples.,4,0.95,satisfied,False,True,False,general
DAT-G-0187,Cannot export data to CSV,Not sure if this is the right place but when I try to export data from our reporting system to CSV it downloads an empty file. The data is there on screen.,Data & Reports,Medium,IT,step_by_step,Step 1: Try exporting a smaller dataset. Step 2: Try a different browser. Step 3: Clear browser cache and retry. Step 4: Check if a pop-up blocker is preventing the download.,4,0.82,satisfied,False,True,False,general
DAT-G-0188,Need historical data for audit,"Hi, Our auditors need transaction data from 3 years ago. How do I access archived data?",Data & Reports,Medium,Operations,information,Historical data older than 2 years is in the archive database. Submit a data retrieval request through the IT portal with specific date range and data type. The Data team will provide a formal export within 2 business days.,1,0.78,satisfied,False,False,False,general
DAT-G-0189,Cannot export data to CSV,When I try to export data from our reporting system to CSV it downloads an empty file. The data is there on screen.,Data & Reports,Medium,Marketing,step_by_step,Step 1: Try exporting a smaller dataset. Step 2: Try a different browser. Step 3: Clear browser cache and retry. Step 4: Check if a pop-up blocker is preventing the download.,4,0.98,satisfied,False,True,False,general
DAT-G-0190,Monthly sales report not generating,"Hi team, the automated monthly sales report that usually arrives on the first of the month has not been received. Finance is waiting.",Data & Reports,Critical,Operations,step_by_step,Step 1: Check the report scheduler to see if the job ran. Step 2: Check email delivery logs for failures. Step 3: Manually trigger the report run. Step 4: Investigate why the scheduled run failed and fix the schedule.,4,0.8,escalated,True,True,False,general
DAT-G-0191,Monthly sales report not generating,"Hello, The automated monthly sales report that usually arrives on the first of the month has not been received. Finance is waiting. Please help.",Data & Reports,High,Finance,step_by_step,Step 1: Check the report scheduler to see if the job ran. Step 2: Check email delivery logs for failures. Step 3: Manually trigger the report run. Step 4: Investigate why the scheduled run failed and fix the schedule.,4,0.86,satisfied,False,True,False,general
DAT-G-0192,Monthly sales report not generating,"Hi, The automated monthly sales report that usually arrives on the first of the month has not been received. Finance is waiting.",Data & Reports,Medium,Operations,step_by_step,Step 1: Check the report scheduler to see if the job ran. Step 2: Check email delivery logs for failures. Step 3: Manually trigger the report run. Step 4: Investigate why the scheduled run failed and fix the schedule.,4,0.82,not_helpful,False,True,False,general
DAT-G-0193,Report showing incorrect figures,Quick question — the weekly stock report is showing figures that do not match what our team manually counted. The discrepancy is significant.,Data & Reports,Medium,Finance,step_by_step,Step 1: Check date range and filters applied to the report. Step 2: Identify specific items with discrepancies. Step 3: Compare report data with source transaction records. Step 4: Escalate to the data team with specific examples.,4,0.97,satisfied,False,True,False,general
DAT-G-0194,Database query taking too long,Urgent - A query I run every day is suddenly taking 45 minutes instead of 2 minutes. Nothing has changed in my query.,Data & Reports,High,HR,step_by_step,Step 1: Check if database server is under unusual load. Step 2: Run EXPLAIN on your query to check for missing indexes. Step 3: Check if a large data import happened recently. Step 4: Contact the database admin team to review and optimise.,4,0.6,satisfied,False,False,True,general
DAT-G-0195,Report showing incorrect figures,"Hi team, the weekly stock report is showing figures that do not match what our team manually counted. The discrepancy is significant.",Data & Reports,High,Marketing,step_by_step,Step 1: Check date range and filters applied to the report. Step 2: Identify specific items with discrepancies. Step 3: Compare report data with source transaction records. Step 4: Escalate to the data team with specific examples.,4,0.85,satisfied,False,True,False,general
DAT-G-0196,Database query taking too long,Not sure if this is the right place but a query I run every day is suddenly taking 45 minutes instead of 2 minutes. Nothing has changed in my query.,Data & Reports,Critical,Marketing,step_by_step,Step 1: Check if database server is under unusual load. Step 2: Run EXPLAIN on your query to check for missing indexes. Step 3: Check if a large data import happened recently. Step 4: Contact the database admin team to review and optimise.,4,0.45,escalated,True,False,True,general
DAT-G-0197,Report showing incorrect figures,"Hi team, the weekly stock report is showing figures that do not match what our team manually counted. The discrepancy is significant.",Data & Reports,High,Sales,step_by_step,Step 1: Check date range and filters applied to the report. Step 2: Identify specific items with discrepancies. Step 3: Compare report data with source transaction records. Step 4: Escalate to the data team with specific examples.,4,0.86,satisfied,False,True,False,general
DAT-G-0198,Need historical data for audit,"Hello, Our auditors need transaction data from 3 years ago. How do I access archived data? Please help.",Data & Reports,Low,Sales,information,Historical data older than 2 years is in the archive database. Submit a data retrieval request through the IT portal with specific date range and data type. The Data team will provide a formal export within 2 business days.,1,0.81,not_helpful,False,False,False,general
DAT-G-0199,Excel file too large to open,Quick question — a shared Excel file has grown to over 200MB and now takes forever to open or crashes. Multiple people edit it daily.,Data & Reports,Medium,IT,step_by_step,Step 1: Remove unused worksheets and named ranges. Step 2: Convert formulas to values where possible. Step 3: Split into smaller period-specific files. Step 4: Consider migrating to a database or BI tool.,4,0.84,not_helpful,False,False,False,general
DAT-G-0200,Excel file too large to open,Not sure if this is the right place but a shared Excel file has grown to over 200MB and now takes forever to open or crashes. Multiple people edit it daily.,Data & Reports,Medium,Finance,step_by_step,Step 1: Remove unused worksheets and named ranges. Step 2: Convert formulas to values where possible. Step 3: Split into smaller period-specific files. Step 4: Consider migrating to a database or BI tool.,4,0.75,satisfied,False,False,False,general
DAT-E-0001,Custom ERPNext dashboard not updating,"Hi team, our management dashboard in ERPNext has been showing yesterday data since this morning. It should refresh every hour.",Data & Reports,Medium,HR,step_by_step,Step 1: Check if background workers are running with bench doctor. Step 2: Manually refresh the dashboard from dashboard settings. Step 3: Check cache duration set on each dashboard chart. Step 4: Restart workers if stuck.,4,0.96,satisfied,False,True,False,erp
DAT-E-0002,ERPNext balance sheet showing wrong figures,Following up on this issue — the Balance Sheet in ERPNext is showing figures that do not match our manually maintained records. End of quarter is approaching.,Data & Reports,Critical,HR,step_by_step,Step 1: Run the General Ledger report for the same period to identify discrepancies. Step 2: Check for unposted journal entries affecting balances. Step 3: Verify opening balances were correctly entered. Step 4: Run the Recalculate Balance utility if available.,4,0.61,escalated,True,False,False,erp
DAT-E-0003,ERPNext inventory valuation report incorrect,Not sure if this is the right place but the stock valuation report shows a value significantly different from last month with no major purchases.,Data & Reports,Medium,Sales,step_by_step,Step 1: Check for backdated stock entries in the current period. Step 2: Run Stock Ledger for affected items to trace valuation changes. Step 3: Verify valuation method is consistent (FIFO/Moving Average). Step 4: Contact ERPNext admin to review recent system changes.,4,0.78,not_helpful,False,False,False,erp
DAT-E-0004,ERPNext balance sheet showing wrong figures,Quick question — the Balance Sheet in ERPNext is showing figures that do not match our manually maintained records. End of quarter is approaching.,Data & Reports,Critical,HR,step_by_step,Step 1: Run the General Ledger report for the same period to identify discrepancies. Step 2: Check for unposted journal entries affecting balances. Step 3: Verify opening balances were correctly entered. Step 4: Run the Recalculate Balance utility if available.,4,0.66,escalated,True,False,False,erp
DAT-E-0005,Custom ERPNext dashboard not updating,Not sure if this is the right place but our management dashboard in ERPNext has been showing yesterday data since this morning. It should refresh every hour.,Data & Reports,High,Marketing,step_by_step,Step 1: Check if background workers are running with bench doctor. Step 2: Manually refresh the dashboard from dashboard settings. Step 3: Check cache duration set on each dashboard chart. Step 4: Restart workers if stuck.,4,0.94,satisfied,False,True,False,erp
DAT-E-0006,ERPNext balance sheet showing wrong figures,Following up on this issue — the Balance Sheet in ERPNext is showing figures that do not match our manually maintained records. End of quarter is approaching.,Data & Reports,Critical,HR,step_by_step,Step 1: Run the General Ledger report for the same period to identify discrepancies. Step 2: Check for unposted journal entries affecting balances. Step 3: Verify opening balances were correctly entered. Step 4: Run the Recalculate Balance utility if available.,4,0.42,escalated,True,False,False,erp
DAT-E-0007,Custom ERPNext dashboard not updating,"Hello, Our management dashboard in ERPNext has been showing yesterday data since this morning. It should refresh every hour. Please help.",Data & Reports,Medium,IT,step_by_step,Step 1: Check if background workers are running with bench doctor. Step 2: Manually refresh the dashboard from dashboard settings. Step 3: Check cache duration set on each dashboard chart. Step 4: Restart workers if stuck.,4,0.98,satisfied,False,True,False,erp
DAT-E-0008,ERPNext balance sheet showing wrong figures,"Hi team, the Balance Sheet in ERPNext is showing figures that do not match our manually maintained records. End of quarter is approaching.",Data & Reports,Critical,Sales,step_by_step,Step 1: Run the General Ledger report for the same period to identify discrepancies. Step 2: Check for unposted journal entries affecting balances. Step 3: Verify opening balances were correctly entered. Step 4: Run the Recalculate Balance utility if available.,4,0.67,escalated,True,False,False,erp
DAT-E-0009,Custom ERPNext dashboard not updating,"Hello, Our management dashboard in ERPNext has been showing yesterday data since this morning. It should refresh every hour. Please help.",Data & Reports,High,Marketing,step_by_step,Step 1: Check if background workers are running with bench doctor. Step 2: Manually refresh the dashboard from dashboard settings. Step 3: Check cache duration set on each dashboard chart. Step 4: Restart workers if stuck.,4,0.86,satisfied,False,True,False,erp
DAT-E-0010,ERPNext balance sheet showing wrong figures,Not sure if this is the right place but the Balance Sheet in ERPNext is showing figures that do not match our manually maintained records. End of quarter is approaching.,Data & Reports,Critical,Marketing,step_by_step,Step 1: Run the General Ledger report for the same period to identify discrepancies. Step 2: Check for unposted journal entries affecting balances. Step 3: Verify opening balances were correctly entered. Step 4: Run the Recalculate Balance utility if available.,4,0.43,escalated,True,False,False,erp
DAT-E-0011,ERPNext balance sheet showing wrong figures,"Hi team, the Balance Sheet in ERPNext is showing figures that do not match our manually maintained records. End of quarter is approaching.",Data & Reports,Critical,Marketing,step_by_step,Step 1: Run the General Ledger report for the same period to identify discrepancies. Step 2: Check for unposted journal entries affecting balances. Step 3: Verify opening balances were correctly entered. Step 4: Run the Recalculate Balance utility if available.,4,0.52,escalated,True,False,False,erp
DAT-E-0012,Custom ERPNext dashboard not updating,"Hi, Our management dashboard in ERPNext has been showing yesterday data since this morning. It should refresh every hour.",Data & Reports,Medium,Finance,step_by_step,Step 1: Check if background workers are running with bench doctor. Step 2: Manually refresh the dashboard from dashboard settings. Step 3: Check cache duration set on each dashboard chart. Step 4: Restart workers if stuck.,4,0.82,satisfied,False,True,False,erp
DAT-E-0013,ERPNext balance sheet showing wrong figures,Quick question — the Balance Sheet in ERPNext is showing figures that do not match our manually maintained records. End of quarter is approaching.,Data & Reports,Critical,Finance,step_by_step,Step 1: Run the General Ledger report for the same period to identify discrepancies. Step 2: Check for unposted journal entries affecting balances. Step 3: Verify opening balances were correctly entered. Step 4: Run the Recalculate Balance utility if available.,4,0.61,escalated,True,False,False,erp
DAT-E-0014,ERPNext inventory valuation report incorrect,Following up on this issue — the stock valuation report shows a value significantly different from last month with no major purchases.,Data & Reports,High,Operations,step_by_step,Step 1: Check for backdated stock entries in the current period. Step 2: Run Stock Ledger for affected items to trace valuation changes. Step 3: Verify valuation method is consistent (FIFO/Moving Average). Step 4: Contact ERPNext admin to review recent system changes.,4,0.81,satisfied,False,False,False,erp
DAT-E-0015,ERPNext inventory valuation report incorrect,This is really frustrating. The stock valuation report shows a value significantly different from last month with no major purchases.,Data & Reports,Critical,HR,step_by_step,Step 1: Check for backdated stock entries in the current period. Step 2: Run Stock Ledger for affected items to trace valuation changes. Step 3: Verify valuation method is consistent (FIFO/Moving Average). Step 4: Contact ERPNext admin to review recent system changes.,4,0.65,escalated,True,False,False,erp
DAT-E-0016,ERPNext inventory valuation report incorrect,I have been dealing with this for days. The stock valuation report shows a value significantly different from last month with no major purchases.,Data & Reports,High,IT,step_by_step,Step 1: Check for backdated stock entries in the current period. Step 2: Run Stock Ledger for affected items to trace valuation changes. Step 3: Verify valuation method is consistent (FIFO/Moving Average). Step 4: Contact ERPNext admin to review recent system changes.,4,0.66,satisfied,False,False,False,erp
DAT-E-0017,Custom ERPNext dashboard not updating,"Hi, Our management dashboard in ERPNext has been showing yesterday data since this morning. It should refresh every hour.",Data & Reports,High,HR,step_by_step,Step 1: Check if background workers are running with bench doctor. Step 2: Manually refresh the dashboard from dashboard settings. Step 3: Check cache duration set on each dashboard chart. Step 4: Restart workers if stuck.,4,0.9,satisfied,False,True,False,erp
DAT-E-0018,ERPNext balance sheet showing wrong figures,The Balance Sheet in ERPNext is showing figures that do not match our manually maintained records. End of quarter is approaching.,Data & Reports,Critical,IT,step_by_step,Step 1: Run the General Ledger report for the same period to identify discrepancies. Step 2: Check for unposted journal entries affecting balances. Step 3: Verify opening balances were correctly entered. Step 4: Run the Recalculate Balance utility if available.,4,0.55,escalated,True,False,False,erp
DAT-E-0019,Custom ERPNext dashboard not updating,Urgent - Our management dashboard in ERPNext has been showing yesterday data since this morning. It should refresh every hour.,Data & Reports,Low,Marketing,step_by_step,Step 1: Check if background workers are running with bench doctor. Step 2: Manually refresh the dashboard from dashboard settings. Step 3: Check cache duration set on each dashboard chart. Step 4: Restart workers if stuck.,4,0.93,satisfied,False,True,False,erp
DAT-E-0020,ERPNext balance sheet showing wrong figures,"Hi team, the Balance Sheet in ERPNext is showing figures that do not match our manually maintained records. End of quarter is approaching.",Data & Reports,Critical,IT,step_by_step,Step 1: Run the General Ledger report for the same period to identify discrepancies. Step 2: Check for unposted journal entries affecting balances. Step 3: Verify opening balances were correctly entered. Step 4: Run the Recalculate Balance utility if available.,4,0.63,escalated,True,False,False,erp
DAT-E-0021,Custom ERPNext dashboard not updating,"Hi team, our management dashboard in ERPNext has been showing yesterday data since this morning. It should refresh every hour.",Data & Reports,Medium,HR,step_by_step,Step 1: Check if background workers are running with bench doctor. Step 2: Manually refresh the dashboard from dashboard settings. Step 3: Check cache duration set on each dashboard chart. Step 4: Restart workers if stuck.,4,0.91,satisfied,False,True,False,erp
DAT-E-0022,ERPNext inventory valuation report incorrect,"Hi, The stock valuation report shows a value significantly different from last month with no major purchases.",Data & Reports,High,IT,step_by_step,Step 1: Check for backdated stock entries in the current period. Step 2: Run Stock Ledger for affected items to trace valuation changes. Step 3: Verify valuation method is consistent (FIFO/Moving Average). Step 4: Contact ERPNext admin to review recent system changes.,4,0.77,satisfied,False,False,False,erp
DAT-E-0023,ERPNext inventory valuation report incorrect,Not sure if this is the right place but the stock valuation report shows a value significantly different from last month with no major purchases.,Data & Reports,Critical,Sales,step_by_step,Step 1: Check for backdated stock entries in the current period. Step 2: Run Stock Ledger for affected items to trace valuation changes. Step 3: Verify valuation method is consistent (FIFO/Moving Average). Step 4: Contact ERPNext admin to review recent system changes.,4,0.85,escalated,True,False,False,erp
DAT-E-0024,ERPNext balance sheet showing wrong figures,Urgent - The Balance Sheet in ERPNext is showing figures that do not match our manually maintained records. End of quarter is approaching.,Data & Reports,Critical,Sales,step_by_step,Step 1: Run the General Ledger report for the same period to identify discrepancies. Step 2: Check for unposted journal entries affecting balances. Step 3: Verify opening balances were correctly entered. Step 4: Run the Recalculate Balance utility if available.,4,0.57,escalated,True,False,False,erp
DAT-E-0025,ERPNext balance sheet showing wrong figures,This is really frustrating. The Balance Sheet in ERPNext is showing figures that do not match our manually maintained records. End of quarter is approaching.,Data & Reports,Critical,HR,step_by_step,Step 1: Run the General Ledger report for the same period to identify discrepancies. Step 2: Check for unposted journal entries affecting balances. Step 3: Verify opening balances were correctly entered. Step 4: Run the Recalculate Balance utility if available.,4,0.57,escalated,True,False,False,erp
DAT-E-0026,ERPNext balance sheet showing wrong figures,Urgent - The Balance Sheet in ERPNext is showing figures that do not match our manually maintained records. End of quarter is approaching.,Data & Reports,Critical,Marketing,step_by_step,Step 1: Run the General Ledger report for the same period to identify discrepancies. Step 2: Check for unposted journal entries affecting balances. Step 3: Verify opening balances were correctly entered. Step 4: Run the Recalculate Balance utility if available.,4,0.62,escalated,True,False,False,erp
DAT-E-0027,ERPNext inventory valuation report incorrect,The stock valuation report shows a value significantly different from last month with no major purchases.,Data & Reports,High,Finance,step_by_step,Step 1: Check for backdated stock entries in the current period. Step 2: Run Stock Ledger for affected items to trace valuation changes. Step 3: Verify valuation method is consistent (FIFO/Moving Average). Step 4: Contact ERPNext admin to review recent system changes.,4,0.74,not_helpful,False,False,False,erp
DAT-E-0028,ERPNext balance sheet showing wrong figures,Not sure if this is the right place but the Balance Sheet in ERPNext is showing figures that do not match our manually maintained records. End of quarter is approaching.,Data & Reports,Critical,Finance,step_by_step,Step 1: Run the General Ledger report for the same period to identify discrepancies. Step 2: Check for unposted journal entries affecting balances. Step 3: Verify opening balances were correctly entered. Step 4: Run the Recalculate Balance utility if available.,4,0.58,escalated,True,False,False,erp
DAT-E-0029,ERPNext balance sheet showing wrong figures,The Balance Sheet in ERPNext is showing figures that do not match our manually maintained records. End of quarter is approaching.,Data & Reports,Critical,Finance,step_by_step,Step 1: Run the General Ledger report for the same period to identify discrepancies. Step 2: Check for unposted journal entries affecting balances. Step 3: Verify opening balances were correctly entered. Step 4: Run the Recalculate Balance utility if available.,4,0.44,escalated,True,False,False,erp
DAT-E-0030,ERPNext balance sheet showing wrong figures,"Hello, The Balance Sheet in ERPNext is showing figures that do not match our manually maintained records. End of quarter is approaching. Please help.",Data & Reports,Critical,IT,step_by_step,Step 1: Run the General Ledger report for the same period to identify discrepancies. Step 2: Check for unposted journal entries affecting balances. Step 3: Verify opening balances were correctly entered. Step 4: Run the Recalculate Balance utility if available.,4,0.57,escalated,True,False,False,erp
DAT-E-0031,Custom ERPNext dashboard not updating,"Hi, Our management dashboard in ERPNext has been showing yesterday data since this morning. It should refresh every hour.",Data & Reports,High,Finance,step_by_step,Step 1: Check if background workers are running with bench doctor. Step 2: Manually refresh the dashboard from dashboard settings. Step 3: Check cache duration set on each dashboard chart. Step 4: Restart workers if stuck.,4,0.94,satisfied,False,True,False,erp
DAT-E-0032,Custom ERPNext dashboard not updating,Urgent - Our management dashboard in ERPNext has been showing yesterday data since this morning. It should refresh every hour.,Data & Reports,Medium,Operations,step_by_step,Step 1: Check if background workers are running with bench doctor. Step 2: Manually refresh the dashboard from dashboard settings. Step 3: Check cache duration set on each dashboard chart. Step 4: Restart workers if stuck.,4,0.88,satisfied,False,True,False,erp
DAT-E-0033,Custom ERPNext dashboard not updating,"Hi team, our management dashboard in ERPNext has been showing yesterday data since this morning. It should refresh every hour.",Data & Reports,Low,Marketing,step_by_step,Step 1: Check if background workers are running with bench doctor. Step 2: Manually refresh the dashboard from dashboard settings. Step 3: Check cache duration set on each dashboard chart. Step 4: Restart workers if stuck.,4,0.83,satisfied,False,True,False,erp
DAT-E-0034,ERPNext inventory valuation report incorrect,"Hi team, the stock valuation report shows a value significantly different from last month with no major purchases.",Data & Reports,High,Operations,step_by_step,Step 1: Check for backdated stock entries in the current period. Step 2: Run Stock Ledger for affected items to trace valuation changes. Step 3: Verify valuation method is consistent (FIFO/Moving Average). Step 4: Contact ERPNext admin to review recent system changes.,4,0.65,satisfied,False,False,False,erp
DAT-E-0035,ERPNext balance sheet showing wrong figures,I have been dealing with this for days. The Balance Sheet in ERPNext is showing figures that do not match our manually maintained records. End of quarter is approaching.,Data & Reports,Critical,Operations,step_by_step,Step 1: Run the General Ledger report for the same period to identify discrepancies. Step 2: Check for unposted journal entries affecting balances. Step 3: Verify opening balances were correctly entered. Step 4: Run the Recalculate Balance utility if available.,4,0.64,escalated,True,False,False,erp
DAT-E-0036,ERPNext balance sheet showing wrong figures,"Hi, The Balance Sheet in ERPNext is showing figures that do not match our manually maintained records. End of quarter is approaching.",Data & Reports,Critical,Sales,step_by_step,Step 1: Run the General Ledger report for the same period to identify discrepancies. Step 2: Check for unposted journal entries affecting balances. Step 3: Verify opening balances were correctly entered. Step 4: Run the Recalculate Balance utility if available.,4,0.58,escalated,True,False,False,erp
DAT-E-0037,ERPNext balance sheet showing wrong figures,Following up on this issue — the Balance Sheet in ERPNext is showing figures that do not match our manually maintained records. End of quarter is approaching.,Data & Reports,Critical,IT,step_by_step,Step 1: Run the General Ledger report for the same period to identify discrepancies. Step 2: Check for unposted journal entries affecting balances. Step 3: Verify opening balances were correctly entered. Step 4: Run the Recalculate Balance utility if available.,4,0.63,escalated,True,False,False,erp
DAT-E-0038,ERPNext balance sheet showing wrong figures,The Balance Sheet in ERPNext is showing figures that do not match our manually maintained records. End of quarter is approaching.,Data & Reports,Critical,Marketing,step_by_step,Step 1: Run the General Ledger report for the same period to identify discrepancies. Step 2: Check for unposted journal entries affecting balances. Step 3: Verify opening balances were correctly entered. Step 4: Run the Recalculate Balance utility if available.,4,0.66,escalated,True,False,False,erp
DAT-E-0039,ERPNext inventory valuation report incorrect,Following up on this issue — the stock valuation report shows a value significantly different from last month with no major purchases.,Data & Reports,High,HR,step_by_step,Step 1: Check for backdated stock entries in the current period. Step 2: Run Stock Ledger for affected items to trace valuation changes. Step 3: Verify valuation method is consistent (FIFO/Moving Average). Step 4: Contact ERPNext admin to review recent system changes.,4,0.74,satisfied,False,False,False,erp
DAT-E-0040,ERPNext balance sheet showing wrong figures,Urgent - The Balance Sheet in ERPNext is showing figures that do not match our manually maintained records. End of quarter is approaching.,Data & Reports,Critical,Finance,step_by_step,Step 1: Run the General Ledger report for the same period to identify discrepancies. Step 2: Check for unposted journal entries affecting balances. Step 3: Verify opening balances were correctly entered. Step 4: Run the Recalculate Balance utility if available.,4,0.66,escalated,True,False,False,erp
DAT-E-0041,ERPNext balance sheet showing wrong figures,"Hi, The Balance Sheet in ERPNext is showing figures that do not match our manually maintained records. End of quarter is approaching.",Data & Reports,Critical,Marketing,step_by_step,Step 1: Run the General Ledger report for the same period to identify discrepancies. Step 2: Check for unposted journal entries affecting balances. Step 3: Verify opening balances were correctly entered. Step 4: Run the Recalculate Balance utility if available.,4,0.45,escalated,True,False,False,erp
DAT-E-0042,ERPNext inventory valuation report incorrect,This is really frustrating. The stock valuation report shows a value significantly different from last month with no major purchases.,Data & Reports,High,Finance,step_by_step,Step 1: Check for backdated stock entries in the current period. Step 2: Run Stock Ledger for affected items to trace valuation changes. Step 3: Verify valuation method is consistent (FIFO/Moving Average). Step 4: Contact ERPNext admin to review recent system changes.,4,0.72,satisfied,False,False,False,erp
DAT-E-0043,ERPNext balance sheet showing wrong figures,Not sure if this is the right place but the Balance Sheet in ERPNext is showing figures that do not match our manually maintained records. End of quarter is approaching.,Data & Reports,Critical,Finance,step_by_step,Step 1: Run the General Ledger report for the same period to identify discrepancies. Step 2: Check for unposted journal entries affecting balances. Step 3: Verify opening balances were correctly entered. Step 4: Run the Recalculate Balance utility if available.,4,0.45,escalated,True,False,False,erp
DAT-E-0044,ERPNext inventory valuation report incorrect,Quick question — the stock valuation report shows a value significantly different from last month with no major purchases.,Data & Reports,Critical,IT,step_by_step,Step 1: Check for backdated stock entries in the current period. Step 2: Run Stock Ledger for affected items to trace valuation changes. Step 3: Verify valuation method is consistent (FIFO/Moving Average). Step 4: Contact ERPNext admin to review recent system changes.,4,0.66,escalated,True,False,False,erp
DAT-E-0045,ERPNext balance sheet showing wrong figures,Quick question — the Balance Sheet in ERPNext is showing figures that do not match our manually maintained records. End of quarter is approaching.,Data & Reports,Critical,IT,step_by_step,Step 1: Run the General Ledger report for the same period to identify discrepancies. Step 2: Check for unposted journal entries affecting balances. Step 3: Verify opening balances were correctly entered. Step 4: Run the Recalculate Balance utility if available.,4,0.46,escalated,True,False,False,erp
DAT-E-0046,ERPNext balance sheet showing wrong figures,"Hi, The Balance Sheet in ERPNext is showing figures that do not match our manually maintained records. End of quarter is approaching.",Data & Reports,Critical,Marketing,step_by_step,Step 1: Run the General Ledger report for the same period to identify discrepancies. Step 2: Check for unposted journal entries affecting balances. Step 3: Verify opening balances were correctly entered. Step 4: Run the Recalculate Balance utility if available.,4,0.46,escalated,True,False,False,erp
DAT-E-0047,ERPNext inventory valuation report incorrect,Urgent - The stock valuation report shows a value significantly different from last month with no major purchases.,Data & Reports,Critical,HR,step_by_step,Step 1: Check for backdated stock entries in the current period. Step 2: Run Stock Ledger for affected items to trace valuation changes. Step 3: Verify valuation method is consistent (FIFO/Moving Average). Step 4: Contact ERPNext admin to review recent system changes.,4,0.69,escalated,True,False,False,erp
DAT-E-0048,Custom ERPNext dashboard not updating,Following up on this issue — our management dashboard in ERPNext has been showing yesterday data since this morning. It should refresh every hour.,Data & Reports,Medium,IT,step_by_step,Step 1: Check if background workers are running with bench doctor. Step 2: Manually refresh the dashboard from dashboard settings. Step 3: Check cache duration set on each dashboard chart. Step 4: Restart workers if stuck.,4,0.85,satisfied,False,True,False,erp
DAT-E-0049,ERPNext inventory valuation report incorrect,Quick question — the stock valuation report shows a value significantly different from last month with no major purchases.,Data & Reports,High,Finance,step_by_step,Step 1: Check for backdated stock entries in the current period. Step 2: Run Stock Ledger for affected items to trace valuation changes. Step 3: Verify valuation method is consistent (FIFO/Moving Average). Step 4: Contact ERPNext admin to review recent system changes.,4,0.72,not_helpful,False,False,False,erp
DAT-E-0050,Custom ERPNext dashboard not updating,Quick question — our management dashboard in ERPNext has been showing yesterday data since this morning. It should refresh every hour.,Data & Reports,Critical,Operations,step_by_step,Step 1: Check if background workers are running with bench doctor. Step 2: Manually refresh the dashboard from dashboard settings. Step 3: Check cache duration set on each dashboard chart. Step 4: Restart workers if stuck.,4,0.96,escalated,True,True,False,erp
DAT-E-0051,ERPNext balance sheet showing wrong figures,Following up on this issue — the Balance Sheet in ERPNext is showing figures that do not match our manually maintained records. End of quarter is approaching.,Data & Reports,Critical,Finance,step_by_step,Step 1: Run the General Ledger report for the same period to identify discrepancies. Step 2: Check for unposted journal entries affecting balances. Step 3: Verify opening balances were correctly entered. Step 4: Run the Recalculate Balance utility if available.,4,0.64,escalated,True,False,False,erp
DAT-E-0052,Custom ERPNext dashboard not updating,Not sure if this is the right place but our management dashboard in ERPNext has been showing yesterday data since this morning. It should refresh every hour.,Data & Reports,Medium,Marketing,step_by_step,Step 1: Check if background workers are running with bench doctor. Step 2: Manually refresh the dashboard from dashboard settings. Step 3: Check cache duration set on each dashboard chart. Step 4: Restart workers if stuck.,4,0.88,satisfied,False,True,False,erp
DAT-E-0053,ERPNext balance sheet showing wrong figures,"Hi, The Balance Sheet in ERPNext is showing figures that do not match our manually maintained records. End of quarter is approaching.",Data & Reports,Critical,Operations,step_by_step,Step 1: Run the General Ledger report for the same period to identify discrepancies. Step 2: Check for unposted journal entries affecting balances. Step 3: Verify opening balances were correctly entered. Step 4: Run the Recalculate Balance utility if available.,4,0.53,escalated,True,False,False,erp
DAT-E-0054,ERPNext balance sheet showing wrong figures,Not sure if this is the right place but the Balance Sheet in ERPNext is showing figures that do not match our manually maintained records. End of quarter is approaching.,Data & Reports,Critical,HR,step_by_step,Step 1: Run the General Ledger report for the same period to identify discrepancies. Step 2: Check for unposted journal entries affecting balances. Step 3: Verify opening balances were correctly entered. Step 4: Run the Recalculate Balance utility if available.,4,0.65,escalated,True,False,False,erp
DAT-E-0055,ERPNext balance sheet showing wrong figures,I have been dealing with this for days. The Balance Sheet in ERPNext is showing figures that do not match our manually maintained records. End of quarter is approaching.,Data & Reports,Critical,HR,step_by_step,Step 1: Run the General Ledger report for the same period to identify discrepancies. Step 2: Check for unposted journal entries affecting balances. Step 3: Verify opening balances were correctly entered. Step 4: Run the Recalculate Balance utility if available.,4,0.61,escalated,True,False,False,erp
DAT-E-0056,ERPNext inventory valuation report incorrect,"Hi team, the stock valuation report shows a value significantly different from last month with no major purchases.",Data & Reports,High,IT,step_by_step,Step 1: Check for backdated stock entries in the current period. Step 2: Run Stock Ledger for affected items to trace valuation changes. Step 3: Verify valuation method is consistent (FIFO/Moving Average). Step 4: Contact ERPNext admin to review recent system changes.,4,0.75,not_helpful,False,False,False,erp
DAT-E-0057,ERPNext inventory valuation report incorrect,Not sure if this is the right place but the stock valuation report shows a value significantly different from last month with no major purchases.,Data & Reports,High,Finance,step_by_step,Step 1: Check for backdated stock entries in the current period. Step 2: Run Stock Ledger for affected items to trace valuation changes. Step 3: Verify valuation method is consistent (FIFO/Moving Average). Step 4: Contact ERPNext admin to review recent system changes.,4,0.76,satisfied,False,False,False,erp
DAT-E-0058,ERPNext balance sheet showing wrong figures,"Hi team, the Balance Sheet in ERPNext is showing figures that do not match our manually maintained records. End of quarter is approaching.",Data & Reports,Critical,HR,step_by_step,Step 1: Run the General Ledger report for the same period to identify discrepancies. Step 2: Check for unposted journal entries affecting balances. Step 3: Verify opening balances were correctly entered. Step 4: Run the Recalculate Balance utility if available.,4,0.48,escalated,True,False,False,erp
DAT-E-0059,ERPNext inventory valuation report incorrect,Quick question — the stock valuation report shows a value significantly different from last month with no major purchases.,Data & Reports,High,Marketing,step_by_step,Step 1: Check for backdated stock entries in the current period. Step 2: Run Stock Ledger for affected items to trace valuation changes. Step 3: Verify valuation method is consistent (FIFO/Moving Average). Step 4: Contact ERPNext admin to review recent system changes.,4,0.68,satisfied,False,False,False,erp
DAT-E-0060,Custom ERPNext dashboard not updating,Not sure if this is the right place but our management dashboard in ERPNext has been showing yesterday data since this morning. It should refresh every hour.,Data & Reports,Low,Finance,step_by_step,Step 1: Check if background workers are running with bench doctor. Step 2: Manually refresh the dashboard from dashboard settings. Step 3: Check cache duration set on each dashboard chart. Step 4: Restart workers if stuck.,4,0.88,satisfied,False,True,False,erp
DAT-E-0061,ERPNext inventory valuation report incorrect,"Hi team, the stock valuation report shows a value significantly different from last month with no major purchases.",Data & Reports,High,IT,step_by_step,Step 1: Check for backdated stock entries in the current period. Step 2: Run Stock Ledger for affected items to trace valuation changes. Step 3: Verify valuation method is consistent (FIFO/Moving Average). Step 4: Contact ERPNext admin to review recent system changes.,4,0.79,satisfied,False,False,False,erp
DAT-E-0062,Custom ERPNext dashboard not updating,"Hello, Our management dashboard in ERPNext has been showing yesterday data since this morning. It should refresh every hour. Please help.",Data & Reports,Medium,Marketing,step_by_step,Step 1: Check if background workers are running with bench doctor. Step 2: Manually refresh the dashboard from dashboard settings. Step 3: Check cache duration set on each dashboard chart. Step 4: Restart workers if stuck.,4,0.81,satisfied,False,True,False,erp
DAT-E-0063,Custom ERPNext dashboard not updating,"Hi team, our management dashboard in ERPNext has been showing yesterday data since this morning. It should refresh every hour.",Data & Reports,Medium,Operations,step_by_step,Step 1: Check if background workers are running with bench doctor. Step 2: Manually refresh the dashboard from dashboard settings. Step 3: Check cache duration set on each dashboard chart. Step 4: Restart workers if stuck.,4,0.94,satisfied,False,True,False,erp
DAT-E-0064,ERPNext inventory valuation report incorrect,This is really frustrating. The stock valuation report shows a value significantly different from last month with no major purchases.,Data & Reports,High,HR,step_by_step,Step 1: Check for backdated stock entries in the current period. Step 2: Run Stock Ledger for affected items to trace valuation changes. Step 3: Verify valuation method is consistent (FIFO/Moving Average). Step 4: Contact ERPNext admin to review recent system changes.,4,0.66,not_helpful,False,False,False,erp
DAT-E-0065,ERPNext balance sheet showing wrong figures,The Balance Sheet in ERPNext is showing figures that do not match our manually maintained records. End of quarter is approaching.,Data & Reports,Critical,Sales,step_by_step,Step 1: Run the General Ledger report for the same period to identify discrepancies. Step 2: Check for unposted journal entries affecting balances. Step 3: Verify opening balances were correctly entered. Step 4: Run the Recalculate Balance utility if available.,4,0.54,escalated,True,False,False,erp
DAT-E-0066,ERPNext inventory valuation report incorrect,"Hi, The stock valuation report shows a value significantly different from last month with no major purchases.",Data & Reports,High,Finance,step_by_step,Step 1: Check for backdated stock entries in the current period. Step 2: Run Stock Ledger for affected items to trace valuation changes. Step 3: Verify valuation method is consistent (FIFO/Moving Average). Step 4: Contact ERPNext admin to review recent system changes.,4,0.76,satisfied,False,False,False,erp
DAT-E-0067,ERPNext inventory valuation report incorrect,Quick question — the stock valuation report shows a value significantly different from last month with no major purchases.,Data & Reports,High,Marketing,step_by_step,Step 1: Check for backdated stock entries in the current period. Step 2: Run Stock Ledger for affected items to trace valuation changes. Step 3: Verify valuation method is consistent (FIFO/Moving Average). Step 4: Contact ERPNext admin to review recent system changes.,4,0.67,satisfied,False,False,False,erp
DAT-E-0068,ERPNext balance sheet showing wrong figures,This is really frustrating. The Balance Sheet in ERPNext is showing figures that do not match our manually maintained records. End of quarter is approaching.,Data & Reports,Critical,Sales,step_by_step,Step 1: Run the General Ledger report for the same period to identify discrepancies. Step 2: Check for unposted journal entries affecting balances. Step 3: Verify opening balances were correctly entered. Step 4: Run the Recalculate Balance utility if available.,4,0.62,escalated,True,False,False,erp
DAT-E-0069,ERPNext inventory valuation report incorrect,This is really frustrating. The stock valuation report shows a value significantly different from last month with no major purchases.,Data & Reports,High,Sales,step_by_step,Step 1: Check for backdated stock entries in the current period. Step 2: Run Stock Ledger for affected items to trace valuation changes. Step 3: Verify valuation method is consistent (FIFO/Moving Average). Step 4: Contact ERPNext admin to review recent system changes.,4,0.73,satisfied,False,False,False,erp
DAT-E-0070,ERPNext inventory valuation report incorrect,I have been dealing with this for days. The stock valuation report shows a value significantly different from last month with no major purchases.,Data & Reports,High,Marketing,step_by_step,Step 1: Check for backdated stock entries in the current period. Step 2: Run Stock Ledger for affected items to trace valuation changes. Step 3: Verify valuation method is consistent (FIFO/Moving Average). Step 4: Contact ERPNext admin to review recent system changes.,4,0.76,satisfied,False,False,False,erp
DAT-E-0071,Custom ERPNext dashboard not updating,"Hi team, our management dashboard in ERPNext has been showing yesterday data since this morning. It should refresh every hour.",Data & Reports,High,Finance,step_by_step,Step 1: Check if background workers are running with bench doctor. Step 2: Manually refresh the dashboard from dashboard settings. Step 3: Check cache duration set on each dashboard chart. Step 4: Restart workers if stuck.,4,0.88,satisfied,False,True,False,erp
DAT-E-0072,ERPNext inventory valuation report incorrect,"Hi team, the stock valuation report shows a value significantly different from last month with no major purchases.",Data & Reports,Medium,HR,step_by_step,Step 1: Check for backdated stock entries in the current period. Step 2: Run Stock Ledger for affected items to trace valuation changes. Step 3: Verify valuation method is consistent (FIFO/Moving Average). Step 4: Contact ERPNext admin to review recent system changes.,4,0.73,satisfied,False,False,False,erp
DAT-E-0073,ERPNext balance sheet showing wrong figures,Following up on this issue — the Balance Sheet in ERPNext is showing figures that do not match our manually maintained records. End of quarter is approaching.,Data & Reports,Critical,Finance,step_by_step,Step 1: Run the General Ledger report for the same period to identify discrepancies. Step 2: Check for unposted journal entries affecting balances. Step 3: Verify opening balances were correctly entered. Step 4: Run the Recalculate Balance utility if available.,4,0.6,escalated,True,False,False,erp
DAT-E-0074,ERPNext balance sheet showing wrong figures,"Hello, The Balance Sheet in ERPNext is showing figures that do not match our manually maintained records. End of quarter is approaching. Please help.",Data & Reports,Critical,IT,step_by_step,Step 1: Run the General Ledger report for the same period to identify discrepancies. Step 2: Check for unposted journal entries affecting balances. Step 3: Verify opening balances were correctly entered. Step 4: Run the Recalculate Balance utility if available.,4,0.58,escalated,True,False,False,erp
DAT-E-0075,Custom ERPNext dashboard not updating,Following up on this issue — our management dashboard in ERPNext has been showing yesterday data since this morning. It should refresh every hour.,Data & Reports,Medium,Marketing,step_by_step,Step 1: Check if background workers are running with bench doctor. Step 2: Manually refresh the dashboard from dashboard settings. Step 3: Check cache duration set on each dashboard chart. Step 4: Restart workers if stuck.,4,0.82,satisfied,False,True,False,erp
DAT-E-0076,Custom ERPNext dashboard not updating,"Hi, Our management dashboard in ERPNext has been showing yesterday data since this morning. It should refresh every hour.",Data & Reports,Low,Operations,step_by_step,Step 1: Check if background workers are running with bench doctor. Step 2: Manually refresh the dashboard from dashboard settings. Step 3: Check cache duration set on each dashboard chart. Step 4: Restart workers if stuck.,4,0.83,satisfied,False,True,False,erp
DAT-E-0077,Custom ERPNext dashboard not updating,This is really frustrating. Our management dashboard in ERPNext has been showing yesterday data since this morning. It should refresh every hour.,Data & Reports,Medium,IT,step_by_step,Step 1: Check if background workers are running with bench doctor. Step 2: Manually refresh the dashboard from dashboard settings. Step 3: Check cache duration set on each dashboard chart. Step 4: Restart workers if stuck.,4,0.9,satisfied,False,True,False,erp
DAT-E-0078,Custom ERPNext dashboard not updating,Following up on this issue — our management dashboard in ERPNext has been showing yesterday data since this morning. It should refresh every hour.,Data & Reports,Medium,Sales,step_by_step,Step 1: Check if background workers are running with bench doctor. Step 2: Manually refresh the dashboard from dashboard settings. Step 3: Check cache duration set on each dashboard chart. Step 4: Restart workers if stuck.,4,0.9,satisfied,False,True,False,erp
DAT-E-0079,Custom ERPNext dashboard not updating,"Hello, Our management dashboard in ERPNext has been showing yesterday data since this morning. It should refresh every hour. Please help.",Data & Reports,Medium,Finance,step_by_step,Step 1: Check if background workers are running with bench doctor. Step 2: Manually refresh the dashboard from dashboard settings. Step 3: Check cache duration set on each dashboard chart. Step 4: Restart workers if stuck.,4,0.94,satisfied,False,True,False,erp
DAT-E-0080,ERPNext inventory valuation report incorrect,Urgent - The stock valuation report shows a value significantly different from last month with no major purchases.,Data & Reports,High,Sales,step_by_step,Step 1: Check for backdated stock entries in the current period. Step 2: Run Stock Ledger for affected items to trace valuation changes. Step 3: Verify valuation method is consistent (FIFO/Moving Average). Step 4: Contact ERPNext admin to review recent system changes.,4,0.71,not_helpful,False,False,False,erp
DAT-E-0081,ERPNext inventory valuation report incorrect,I have been dealing with this for days. The stock valuation report shows a value significantly different from last month with no major purchases.,Data & Reports,High,Sales,step_by_step,Step 1: Check for backdated stock entries in the current period. Step 2: Run Stock Ledger for affected items to trace valuation changes. Step 3: Verify valuation method is consistent (FIFO/Moving Average). Step 4: Contact ERPNext admin to review recent system changes.,4,0.68,not_helpful,False,False,False,erp
DAT-E-0082,ERPNext balance sheet showing wrong figures,Urgent - The Balance Sheet in ERPNext is showing figures that do not match our manually maintained records. End of quarter is approaching.,Data & Reports,Critical,Finance,step_by_step,Step 1: Run the General Ledger report for the same period to identify discrepancies. Step 2: Check for unposted journal entries affecting balances. Step 3: Verify opening balances were correctly entered. Step 4: Run the Recalculate Balance utility if available.,4,0.64,escalated,True,False,False,erp
DAT-E-0083,ERPNext balance sheet showing wrong figures,Quick question — the Balance Sheet in ERPNext is showing figures that do not match our manually maintained records. End of quarter is approaching.,Data & Reports,Critical,Finance,step_by_step,Step 1: Run the General Ledger report for the same period to identify discrepancies. Step 2: Check for unposted journal entries affecting balances. Step 3: Verify opening balances were correctly entered. Step 4: Run the Recalculate Balance utility if available.,4,0.68,escalated,True,False,False,erp
DAT-E-0084,ERPNext inventory valuation report incorrect,The stock valuation report shows a value significantly different from last month with no major purchases.,Data & Reports,High,Marketing,step_by_step,Step 1: Check for backdated stock entries in the current period. Step 2: Run Stock Ledger for affected items to trace valuation changes. Step 3: Verify valuation method is consistent (FIFO/Moving Average). Step 4: Contact ERPNext admin to review recent system changes.,4,0.69,satisfied,False,False,False,erp
DAT-E-0085,ERPNext inventory valuation report incorrect,Following up on this issue — the stock valuation report shows a value significantly different from last month with no major purchases.,Data & Reports,Critical,Operations,step_by_step,Step 1: Check for backdated stock entries in the current period. Step 2: Run Stock Ledger for affected items to trace valuation changes. Step 3: Verify valuation method is consistent (FIFO/Moving Average). Step 4: Contact ERPNext admin to review recent system changes.,4,0.68,escalated,True,False,False,erp
DAT-E-0086,ERPNext balance sheet showing wrong figures,The Balance Sheet in ERPNext is showing figures that do not match our manually maintained records. End of quarter is approaching.,Data & Reports,Critical,IT,step_by_step,Step 1: Run the General Ledger report for the same period to identify discrepancies. Step 2: Check for unposted journal entries affecting balances. Step 3: Verify opening balances were correctly entered. Step 4: Run the Recalculate Balance utility if available.,4,0.45,escalated,True,False,False,erp
DAT-E-0087,ERPNext inventory valuation report incorrect,Urgent - The stock valuation report shows a value significantly different from last month with no major purchases.,Data & Reports,High,HR,step_by_step,Step 1: Check for backdated stock entries in the current period. Step 2: Run Stock Ledger for affected items to trace valuation changes. Step 3: Verify valuation method is consistent (FIFO/Moving Average). Step 4: Contact ERPNext admin to review recent system changes.,4,0.84,not_helpful,False,False,False,erp
DAT-E-0088,Custom ERPNext dashboard not updating,"Hello, Our management dashboard in ERPNext has been showing yesterday data since this morning. It should refresh every hour. Please help.",Data & Reports,Medium,IT,step_by_step,Step 1: Check if background workers are running with bench doctor. Step 2: Manually refresh the dashboard from dashboard settings. Step 3: Check cache duration set on each dashboard chart. Step 4: Restart workers if stuck.,4,0.89,satisfied,False,True,False,erp
DAT-E-0089,ERPNext inventory valuation report incorrect,Quick question — the stock valuation report shows a value significantly different from last month with no major purchases.,Data & Reports,Critical,Marketing,step_by_step,Step 1: Check for backdated stock entries in the current period. Step 2: Run Stock Ledger for affected items to trace valuation changes. Step 3: Verify valuation method is consistent (FIFO/Moving Average). Step 4: Contact ERPNext admin to review recent system changes.,4,0.8,escalated,True,False,False,erp
DAT-E-0090,ERPNext balance sheet showing wrong figures,Following up on this issue — the Balance Sheet in ERPNext is showing figures that do not match our manually maintained records. End of quarter is approaching.,Data & Reports,Critical,Sales,step_by_step,Step 1: Run the General Ledger report for the same period to identify discrepancies. Step 2: Check for unposted journal entries affecting balances. Step 3: Verify opening balances were correctly entered. Step 4: Run the Recalculate Balance utility if available.,4,0.61,escalated,True,False,False,erp
DAT-E-0091,Custom ERPNext dashboard not updating,I have been dealing with this for days. Our management dashboard in ERPNext has been showing yesterday data since this morning. It should refresh every hour.,Data & Reports,Medium,HR,step_by_step,Step 1: Check if background workers are running with bench doctor. Step 2: Manually refresh the dashboard from dashboard settings. Step 3: Check cache duration set on each dashboard chart. Step 4: Restart workers if stuck.,4,0.89,satisfied,False,True,False,erp
DAT-E-0092,ERPNext inventory valuation report incorrect,This is really frustrating. The stock valuation report shows a value significantly different from last month with no major purchases.,Data & Reports,Medium,HR,step_by_step,Step 1: Check for backdated stock entries in the current period. Step 2: Run Stock Ledger for affected items to trace valuation changes. Step 3: Verify valuation method is consistent (FIFO/Moving Average). Step 4: Contact ERPNext admin to review recent system changes.,4,0.77,satisfied,False,False,False,erp
DAT-E-0093,ERPNext inventory valuation report incorrect,"Hi, The stock valuation report shows a value significantly different from last month with no major purchases.",Data & Reports,Medium,Sales,step_by_step,Step 1: Check for backdated stock entries in the current period. Step 2: Run Stock Ledger for affected items to trace valuation changes. Step 3: Verify valuation method is consistent (FIFO/Moving Average). Step 4: Contact ERPNext admin to review recent system changes.,4,0.78,satisfied,False,False,False,erp
DAT-E-0094,ERPNext balance sheet showing wrong figures,Following up on this issue — the Balance Sheet in ERPNext is showing figures that do not match our manually maintained records. End of quarter is approaching.,Data & Reports,Critical,Marketing,step_by_step,Step 1: Run the General Ledger report for the same period to identify discrepancies. Step 2: Check for unposted journal entries affecting balances. Step 3: Verify opening balances were correctly entered. Step 4: Run the Recalculate Balance utility if available.,4,0.56,escalated,True,False,False,erp
DAT-E-0095,Custom ERPNext dashboard not updating,Not sure if this is the right place but our management dashboard in ERPNext has been showing yesterday data since this morning. It should refresh every hour.,Data & Reports,Critical,Finance,step_by_step,Step 1: Check if background workers are running with bench doctor. Step 2: Manually refresh the dashboard from dashboard settings. Step 3: Check cache duration set on each dashboard chart. Step 4: Restart workers if stuck.,4,0.98,escalated,True,True,False,erp
DAT-E-0096,ERPNext inventory valuation report incorrect,This is really frustrating. The stock valuation report shows a value significantly different from last month with no major purchases.,Data & Reports,High,IT,step_by_step,Step 1: Check for backdated stock entries in the current period. Step 2: Run Stock Ledger for affected items to trace valuation changes. Step 3: Verify valuation method is consistent (FIFO/Moving Average). Step 4: Contact ERPNext admin to review recent system changes.,4,0.77,not_helpful,False,False,False,erp
DAT-E-0097,ERPNext balance sheet showing wrong figures,Not sure if this is the right place but the Balance Sheet in ERPNext is showing figures that do not match our manually maintained records. End of quarter is approaching.,Data & Reports,Critical,Sales,step_by_step,Step 1: Run the General Ledger report for the same period to identify discrepancies. Step 2: Check for unposted journal entries affecting balances. Step 3: Verify opening balances were correctly entered. Step 4: Run the Recalculate Balance utility if available.,4,0.53,escalated,True,False,False,erp
DAT-E-0098,ERPNext balance sheet showing wrong figures,Following up on this issue — the Balance Sheet in ERPNext is showing figures that do not match our manually maintained records. End of quarter is approaching.,Data & Reports,Critical,Operations,step_by_step,Step 1: Run the General Ledger report for the same period to identify discrepancies. Step 2: Check for unposted journal entries affecting balances. Step 3: Verify opening balances were correctly entered. Step 4: Run the Recalculate Balance utility if available.,4,0.51,escalated,True,False,False,erp
DAT-E-0099,ERPNext balance sheet showing wrong figures,Not sure if this is the right place but the Balance Sheet in ERPNext is showing figures that do not match our manually maintained records. End of quarter is approaching.,Data & Reports,Critical,IT,step_by_step,Step 1: Run the General Ledger report for the same period to identify discrepancies. Step 2: Check for unposted journal entries affecting balances. Step 3: Verify opening balances were correctly entered. Step 4: Run the Recalculate Balance utility if available.,4,0.65,escalated,True,False,False,erp
DAT-E-0100,ERPNext inventory valuation report incorrect,Not sure if this is the right place but the stock valuation report shows a value significantly different from last month with no major purchases.,Data & Reports,High,Finance,step_by_step,Step 1: Check for backdated stock entries in the current period. Step 2: Run Stock Ledger for affected items to trace valuation changes. Step 3: Verify valuation method is consistent (FIFO/Moving Average). Step 4: Contact ERPNext admin to review recent system changes.,4,0.8,not_helpful,False,False,False,erp
NET-G-0001,Remote desktop connection failing,Following up on this issue — i am trying to remote desktop into my office machine from home but it keeps saying connection refused.,Network & Connectivity,Medium,Operations,step_by_step,Step 1: Ensure you are connected to company VPN first. Step 2: Verify Remote Desktop is enabled on the office machine. Step 3: Confirm the office machine is not in sleep mode. Step 4: Check firewall rules are not blocking port 3389.,4,0.82,satisfied,False,True,False,general
NET-G-0002,Internet connection very slow,"Hi team, the internet has been extremely slow at my workstation since this morning. Websites take forever to load.",Network & Connectivity,Low,HR,step_by_step,Step 1: Restart your computer. Step 2: Try ethernet instead of WiFi. Step 3: Check if a large download or backup is running in background. Step 4: Contact IT to check your network port.,4,0.97,satisfied,False,True,False,general
NET-G-0003,Network printer not accessible,Following up on this issue — i cannot print to the floor printer. It was working yesterday. My colleagues on the same floor can still print.,Network & Connectivity,Medium,Marketing,step_by_step,Step 1: Remove and re-add the printer on your computer. Step 2: Restart the print spooler service. Step 3: Check if your computer is on the correct network segment. Step 4: Restart your network adapter.,4,0.45,not_helpful,False,True,True,general
NET-G-0004,File server not accessible from my machine,Not sure if this is the right place but i cannot access the shared file server drive. It shows a network path not found error. It worked yesterday.,Network & Connectivity,High,Sales,step_by_step,Step 1: Check you are connected to office network or VPN. Step 2: Try accessing the server by IP address instead of hostname. Step 3: Run net use * /delete and remap the drive. Step 4: Contact IT if others can access it but you cannot.,4,0.75,satisfied,False,False,False,general
NET-G-0005,File server not accessible from my machine,Quick question — i cannot access the shared file server drive. It shows a network path not found error. It worked yesterday.,Network & Connectivity,Medium,Sales,step_by_step,Step 1: Check you are connected to office network or VPN. Step 2: Try accessing the server by IP address instead of hostname. Step 3: Run net use * /delete and remap the drive. Step 4: Contact IT if others can access it but you cannot.,4,0.92,satisfied,False,False,False,general
NET-G-0006,Network printer not accessible,I cannot print to the floor printer. It was working yesterday. My colleagues on the same floor can still print.,Network & Connectivity,Medium,Finance,step_by_step,Step 1: Remove and re-add the printer on your computer. Step 2: Restart the print spooler service. Step 3: Check if your computer is on the correct network segment. Step 4: Restart your network adapter.,4,0.49,not_helpful,False,True,True,general
NET-G-0007,Internet connection very slow,"Hi team, the internet has been extremely slow at my workstation since this morning. Websites take forever to load.",Network & Connectivity,Medium,Marketing,step_by_step,Step 1: Restart your computer. Step 2: Try ethernet instead of WiFi. Step 3: Check if a large download or backup is running in background. Step 4: Contact IT to check your network port.,4,0.92,satisfied,False,True,False,general
NET-G-0008,What is the guest WiFi password,"Hi, I have a client visiting tomorrow and need the guest WiFi password for our meeting rooms.",Network & Connectivity,Medium,HR,information,Guest WiFi credentials are posted inside each meeting room near the door. If not found reception can provide the current password. Guest WiFi credentials rotate monthly for security.,1,0.88,satisfied,False,True,False,general
NET-G-0009,Cannot connect to office WiFi,Quick question — my laptop is not connecting to the office WiFi. It shows the network but says unable to connect. My phone connects fine.,Network & Connectivity,High,Marketing,step_by_step,Step 1: Forget the WiFi network and reconnect with credentials. Step 2: Restart the network adapter from Device Manager. Step 3: Flush DNS by running ipconfig /flushdns. Step 4: Contact IT to check if device MAC address needs to be registered.,4,0.89,not_helpful,False,True,False,general
NET-G-0010,Internet connection very slow,Following up on this issue — the internet has been extremely slow at my workstation since this morning. Websites take forever to load.,Network & Connectivity,Medium,Marketing,step_by_step,Step 1: Restart your computer. Step 2: Try ethernet instead of WiFi. Step 3: Check if a large download or backup is running in background. Step 4: Contact IT to check your network port.,4,0.9,satisfied,False,True,False,general
NET-G-0011,Remote desktop connection failing,"Hello, I am trying to remote desktop into my office machine from home but it keeps saying connection refused. Please help.",Network & Connectivity,Medium,Finance,step_by_step,Step 1: Ensure you are connected to company VPN first. Step 2: Verify Remote Desktop is enabled on the office machine. Step 3: Confirm the office machine is not in sleep mode. Step 4: Check firewall rules are not blocking port 3389.,4,0.89,satisfied,False,True,False,general
NET-G-0012,File server not accessible from my machine,Urgent - I cannot access the shared file server drive. It shows a network path not found error. It worked yesterday.,Network & Connectivity,Low,Sales,step_by_step,Step 1: Check you are connected to office network or VPN. Step 2: Try accessing the server by IP address instead of hostname. Step 3: Run net use * /delete and remap the drive. Step 4: Contact IT if others can access it but you cannot.,4,0.8,not_helpful,False,False,False,general
NET-G-0013,VPN not connecting from home,This is really frustrating. I am working from home and the company VPN keeps disconnecting every few minutes.,Network & Connectivity,Medium,HR,step_by_step,Step 1: Check home internet stability with a speed test. Step 2: Try connecting to a different VPN server if available. Step 3: Uninstall and reinstall the VPN client. Step 4: Switch from WiFi to wired ethernet at home.,4,0.87,satisfied,False,True,False,general
NET-G-0014,Internet connection very slow,"Hi, The internet has been extremely slow at my workstation since this morning. Websites take forever to load.",Network & Connectivity,Medium,Marketing,step_by_step,Step 1: Restart your computer. Step 2: Try ethernet instead of WiFi. Step 3: Check if a large download or backup is running in background. Step 4: Contact IT to check your network port.,4,0.92,satisfied,False,True,False,general
NET-G-0015,VPN not connecting from home,This is really frustrating. I am working from home and the company VPN keeps disconnecting every few minutes.,Network & Connectivity,High,Sales,step_by_step,Step 1: Check home internet stability with a speed test. Step 2: Try connecting to a different VPN server if available. Step 3: Uninstall and reinstall the VPN client. Step 4: Switch from WiFi to wired ethernet at home.,4,0.91,satisfied,False,True,False,general
NET-G-0016,Remote desktop connection failing,This is really frustrating. I am trying to remote desktop into my office machine from home but it keeps saying connection refused.,Network & Connectivity,High,HR,step_by_step,Step 1: Ensure you are connected to company VPN first. Step 2: Verify Remote Desktop is enabled on the office machine. Step 3: Confirm the office machine is not in sleep mode. Step 4: Check firewall rules are not blocking port 3389.,4,0.94,satisfied,False,True,False,general
NET-G-0017,File server not accessible from my machine,I have been dealing with this for days. I cannot access the shared file server drive. It shows a network path not found error. It worked yesterday.,Network & Connectivity,Medium,Sales,step_by_step,Step 1: Check you are connected to office network or VPN. Step 2: Try accessing the server by IP address instead of hostname. Step 3: Run net use * /delete and remap the drive. Step 4: Contact IT if others can access it but you cannot.,4,0.92,satisfied,False,False,False,general
NET-G-0018,Internet connection very slow,Urgent - The internet has been extremely slow at my workstation since this morning. Websites take forever to load.,Network & Connectivity,High,HR,step_by_step,Step 1: Restart your computer. Step 2: Try ethernet instead of WiFi. Step 3: Check if a large download or backup is running in background. Step 4: Contact IT to check your network port.,4,0.87,not_helpful,False,True,False,general
NET-G-0019,VPN not connecting from home,I have been dealing with this for days. I am working from home and the company VPN keeps disconnecting every few minutes.,Network & Connectivity,High,Operations,step_by_step,Step 1: Check home internet stability with a speed test. Step 2: Try connecting to a different VPN server if available. Step 3: Uninstall and reinstall the VPN client. Step 4: Switch from WiFi to wired ethernet at home.,4,0.84,satisfied,False,True,False,general
NET-G-0020,What is the guest WiFi password,I have been dealing with this for days. I have a client visiting tomorrow and need the guest WiFi password for our meeting rooms.,Network & Connectivity,Medium,Marketing,information,Guest WiFi credentials are posted inside each meeting room near the door. If not found reception can provide the current password. Guest WiFi credentials rotate monthly for security.,1,0.89,satisfied,False,True,False,general
NET-G-0021,Remote desktop connection failing,"Hi team, i am trying to remote desktop into my office machine from home but it keeps saying connection refused.",Network & Connectivity,High,Finance,step_by_step,Step 1: Ensure you are connected to company VPN first. Step 2: Verify Remote Desktop is enabled on the office machine. Step 3: Confirm the office machine is not in sleep mode. Step 4: Check firewall rules are not blocking port 3389.,4,0.88,not_helpful,False,True,False,general
NET-G-0022,Cannot connect to office WiFi,Following up on this issue — my laptop is not connecting to the office WiFi. It shows the network but says unable to connect. My phone connects fine.,Network & Connectivity,Medium,Operations,step_by_step,Step 1: Forget the WiFi network and reconnect with credentials. Step 2: Restart the network adapter from Device Manager. Step 3: Flush DNS by running ipconfig /flushdns. Step 4: Contact IT to check if device MAC address needs to be registered.,4,0.86,satisfied,False,True,False,general
NET-G-0023,File server not accessible from my machine,I cannot access the shared file server drive. It shows a network path not found error. It worked yesterday.,Network & Connectivity,High,Marketing,step_by_step,Step 1: Check you are connected to office network or VPN. Step 2: Try accessing the server by IP address instead of hostname. Step 3: Run net use * /delete and remap the drive. Step 4: Contact IT if others can access it but you cannot.,4,0.8,satisfied,False,False,False,general
NET-G-0024,Remote desktop connection failing,"Hi, I am trying to remote desktop into my office machine from home but it keeps saying connection refused.",Network & Connectivity,Medium,Sales,step_by_step,Step 1: Ensure you are connected to company VPN first. Step 2: Verify Remote Desktop is enabled on the office machine. Step 3: Confirm the office machine is not in sleep mode. Step 4: Check firewall rules are not blocking port 3389.,4,0.82,satisfied,False,True,False,general
NET-G-0025,VPN not connecting from home,"Hi team, i am working from home and the company VPN keeps disconnecting every few minutes.",Network & Connectivity,High,HR,step_by_step,Step 1: Check home internet stability with a speed test. Step 2: Try connecting to a different VPN server if available. Step 3: Uninstall and reinstall the VPN client. Step 4: Switch from WiFi to wired ethernet at home.,4,0.98,satisfied,False,True,False,general
NET-G-0026,Cannot connect to office WiFi,"Hi team, my laptop is not connecting to the office WiFi. It shows the network but says unable to connect. My phone connects fine.",Network & Connectivity,High,HR,step_by_step,Step 1: Forget the WiFi network and reconnect with credentials. Step 2: Restart the network adapter from Device Manager. Step 3: Flush DNS by running ipconfig /flushdns. Step 4: Contact IT to check if device MAC address needs to be registered.,4,0.94,satisfied,False,True,False,general
NET-G-0027,Remote desktop connection failing,"Hello, I am trying to remote desktop into my office machine from home but it keeps saying connection refused. Please help.",Network & Connectivity,Medium,HR,step_by_step,Step 1: Ensure you are connected to company VPN first. Step 2: Verify Remote Desktop is enabled on the office machine. Step 3: Confirm the office machine is not in sleep mode. Step 4: Check firewall rules are not blocking port 3389.,4,0.91,satisfied,False,True,False,general
NET-G-0028,Cannot connect to office WiFi,"Hi team, my laptop is not connecting to the office WiFi. It shows the network but says unable to connect. My phone connects fine.",Network & Connectivity,Medium,Operations,step_by_step,Step 1: Forget the WiFi network and reconnect with credentials. Step 2: Restart the network adapter from Device Manager. Step 3: Flush DNS by running ipconfig /flushdns. Step 4: Contact IT to check if device MAC address needs to be registered.,4,0.8,satisfied,False,True,False,general
NET-G-0029,VPN not connecting from home,I am working from home and the company VPN keeps disconnecting every few minutes.,Network & Connectivity,High,HR,step_by_step,Step 1: Check home internet stability with a speed test. Step 2: Try connecting to a different VPN server if available. Step 3: Uninstall and reinstall the VPN client. Step 4: Switch from WiFi to wired ethernet at home.,4,0.84,satisfied,False,True,False,general
NET-G-0030,VPN not connecting from home,Quick question — i am working from home and the company VPN keeps disconnecting every few minutes.,Network & Connectivity,Critical,Sales,step_by_step,Step 1: Check home internet stability with a speed test. Step 2: Try connecting to a different VPN server if available. Step 3: Uninstall and reinstall the VPN client. Step 4: Switch from WiFi to wired ethernet at home.,4,0.97,escalated,True,True,False,general
NET-G-0031,Internet connection very slow,"Hi, The internet has been extremely slow at my workstation since this morning. Websites take forever to load.",Network & Connectivity,Medium,Operations,step_by_step,Step 1: Restart your computer. Step 2: Try ethernet instead of WiFi. Step 3: Check if a large download or backup is running in background. Step 4: Contact IT to check your network port.,4,0.89,satisfied,False,True,False,general
NET-G-0032,File server not accessible from my machine,I have been dealing with this for days. I cannot access the shared file server drive. It shows a network path not found error. It worked yesterday.,Network & Connectivity,Low,Finance,step_by_step,Step 1: Check you are connected to office network or VPN. Step 2: Try accessing the server by IP address instead of hostname. Step 3: Run net use * /delete and remap the drive. Step 4: Contact IT if others can access it but you cannot.,4,0.92,not_helpful,False,False,False,general
NET-G-0033,What is the guest WiFi password,I have been dealing with this for days. I have a client visiting tomorrow and need the guest WiFi password for our meeting rooms.,Network & Connectivity,Low,HR,information,Guest WiFi credentials are posted inside each meeting room near the door. If not found reception can provide the current password. Guest WiFi credentials rotate monthly for security.,1,0.85,not_helpful,False,True,False,general
NET-G-0034,What is the guest WiFi password,Following up on this issue — i have a client visiting tomorrow and need the guest WiFi password for our meeting rooms.,Network & Connectivity,Low,Sales,information,Guest WiFi credentials are posted inside each meeting room near the door. If not found reception can provide the current password. Guest WiFi credentials rotate monthly for security.,1,0.84,satisfied,False,True,False,general
NET-G-0035,What is the guest WiFi password,Urgent - I have a client visiting tomorrow and need the guest WiFi password for our meeting rooms.,Network & Connectivity,Low,Sales,information,Guest WiFi credentials are posted inside each meeting room near the door. If not found reception can provide the current password. Guest WiFi credentials rotate monthly for security.,1,0.88,not_helpful,False,True,False,general
NET-G-0036,Network printer not accessible,This is really frustrating. I cannot print to the floor printer. It was working yesterday. My colleagues on the same floor can still print.,Network & Connectivity,Medium,HR,step_by_step,Step 1: Remove and re-add the printer on your computer. Step 2: Restart the print spooler service. Step 3: Check if your computer is on the correct network segment. Step 4: Restart your network adapter.,4,0.5,not_helpful,False,True,True,general
NET-G-0037,Network printer not accessible,This is really frustrating. I cannot print to the floor printer. It was working yesterday. My colleagues on the same floor can still print.,Network & Connectivity,Medium,Marketing,step_by_step,Step 1: Remove and re-add the printer on your computer. Step 2: Restart the print spooler service. Step 3: Check if your computer is on the correct network segment. Step 4: Restart your network adapter.,4,0.41,escalated,True,True,True,general
NET-G-0038,Internet connection very slow,"Hi team, the internet has been extremely slow at my workstation since this morning. Websites take forever to load.",Network & Connectivity,Medium,IT,step_by_step,Step 1: Restart your computer. Step 2: Try ethernet instead of WiFi. Step 3: Check if a large download or backup is running in background. Step 4: Contact IT to check your network port.,4,0.81,satisfied,False,True,False,general
NET-G-0039,Internet connection very slow,Following up on this issue — the internet has been extremely slow at my workstation since this morning. Websites take forever to load.,Network & Connectivity,Medium,Finance,step_by_step,Step 1: Restart your computer. Step 2: Try ethernet instead of WiFi. Step 3: Check if a large download or backup is running in background. Step 4: Contact IT to check your network port.,4,0.93,satisfied,False,True,False,general
NET-G-0040,File server not accessible from my machine,"Hi team, i cannot access the shared file server drive. It shows a network path not found error. It worked yesterday.",Network & Connectivity,Medium,IT,step_by_step,Step 1: Check you are connected to office network or VPN. Step 2: Try accessing the server by IP address instead of hostname. Step 3: Run net use * /delete and remap the drive. Step 4: Contact IT if others can access it but you cannot.,4,0.96,satisfied,False,False,False,general
NET-G-0041,What is the guest WiFi password,"Hi team, i have a client visiting tomorrow and need the guest WiFi password for our meeting rooms.",Network & Connectivity,Low,IT,information,Guest WiFi credentials are posted inside each meeting room near the door. If not found reception can provide the current password. Guest WiFi credentials rotate monthly for security.,1,0.8,satisfied,False,True,False,general
NET-G-0042,Network printer not accessible,Not sure if this is the right place but i cannot print to the floor printer. It was working yesterday. My colleagues on the same floor can still print.,Network & Connectivity,Medium,IT,step_by_step,Step 1: Remove and re-add the printer on your computer. Step 2: Restart the print spooler service. Step 3: Check if your computer is on the correct network segment. Step 4: Restart your network adapter.,4,0.54,not_helpful,False,True,True,general
NET-G-0043,What is the guest WiFi password,Urgent - I have a client visiting tomorrow and need the guest WiFi password for our meeting rooms.,Network & Connectivity,Low,HR,information,Guest WiFi credentials are posted inside each meeting room near the door. If not found reception can provide the current password. Guest WiFi credentials rotate monthly for security.,1,0.82,not_helpful,False,True,False,general
NET-G-0044,Internet connection very slow,Quick question — the internet has been extremely slow at my workstation since this morning. Websites take forever to load.,Network & Connectivity,Critical,IT,step_by_step,Step 1: Restart your computer. Step 2: Try ethernet instead of WiFi. Step 3: Check if a large download or backup is running in background. Step 4: Contact IT to check your network port.,4,0.86,escalated,True,True,False,general
NET-G-0045,Cannot connect to office WiFi,Quick question — my laptop is not connecting to the office WiFi. It shows the network but says unable to connect. My phone connects fine.,Network & Connectivity,Medium,Operations,step_by_step,Step 1: Forget the WiFi network and reconnect with credentials. Step 2: Restart the network adapter from Device Manager. Step 3: Flush DNS by running ipconfig /flushdns. Step 4: Contact IT to check if device MAC address needs to be registered.,4,0.88,satisfied,False,True,False,general
NET-G-0046,Internet connection very slow,This is really frustrating. The internet has been extremely slow at my workstation since this morning. Websites take forever to load.,Network & Connectivity,High,IT,step_by_step,Step 1: Restart your computer. Step 2: Try ethernet instead of WiFi. Step 3: Check if a large download or backup is running in background. Step 4: Contact IT to check your network port.,4,0.94,not_helpful,False,True,False,general
NET-G-0047,What is the guest WiFi password,"Hello, I have a client visiting tomorrow and need the guest WiFi password for our meeting rooms. Please help.",Network & Connectivity,Low,Finance,information,Guest WiFi credentials are posted inside each meeting room near the door. If not found reception can provide the current password. Guest WiFi credentials rotate monthly for security.,1,0.87,satisfied,False,True,False,general
NET-G-0048,Remote desktop connection failing,"Hi, I am trying to remote desktop into my office machine from home but it keeps saying connection refused.",Network & Connectivity,Medium,Marketing,step_by_step,Step 1: Ensure you are connected to company VPN first. Step 2: Verify Remote Desktop is enabled on the office machine. Step 3: Confirm the office machine is not in sleep mode. Step 4: Check firewall rules are not blocking port 3389.,4,0.82,satisfied,False,True,False,general
NET-G-0049,VPN not connecting from home,Following up on this issue — i am working from home and the company VPN keeps disconnecting every few minutes.,Network & Connectivity,Medium,Marketing,step_by_step,Step 1: Check home internet stability with a speed test. Step 2: Try connecting to a different VPN server if available. Step 3: Uninstall and reinstall the VPN client. Step 4: Switch from WiFi to wired ethernet at home.,4,0.93,satisfied,False,True,False,general
NET-G-0050,Cannot connect to office WiFi,This is really frustrating. My laptop is not connecting to the office WiFi. It shows the network but says unable to connect. My phone connects fine.,Network & Connectivity,Critical,Finance,step_by_step,Step 1: Forget the WiFi network and reconnect with credentials. Step 2: Restart the network adapter from Device Manager. Step 3: Flush DNS by running ipconfig /flushdns. Step 4: Contact IT to check if device MAC address needs to be registered.,4,0.87,escalated,True,True,False,general
NET-G-0051,Internet connection very slow,I have been dealing with this for days. The internet has been extremely slow at my workstation since this morning. Websites take forever to load.,Network & Connectivity,Medium,IT,step_by_step,Step 1: Restart your computer. Step 2: Try ethernet instead of WiFi. Step 3: Check if a large download or backup is running in background. Step 4: Contact IT to check your network port.,4,0.82,satisfied,False,True,False,general
NET-G-0052,Remote desktop connection failing,I have been dealing with this for days. I am trying to remote desktop into my office machine from home but it keeps saying connection refused.,Network & Connectivity,Medium,Sales,step_by_step,Step 1: Ensure you are connected to company VPN first. Step 2: Verify Remote Desktop is enabled on the office machine. Step 3: Confirm the office machine is not in sleep mode. Step 4: Check firewall rules are not blocking port 3389.,4,0.85,satisfied,False,True,False,general
NET-G-0053,File server not accessible from my machine,I cannot access the shared file server drive. It shows a network path not found error. It worked yesterday.,Network & Connectivity,Medium,IT,step_by_step,Step 1: Check you are connected to office network or VPN. Step 2: Try accessing the server by IP address instead of hostname. Step 3: Run net use * /delete and remap the drive. Step 4: Contact IT if others can access it but you cannot.,4,0.93,satisfied,False,False,False,general
NET-G-0054,Cannot connect to office WiFi,Following up on this issue — my laptop is not connecting to the office WiFi. It shows the network but says unable to connect. My phone connects fine.,Network & Connectivity,Medium,HR,step_by_step,Step 1: Forget the WiFi network and reconnect with credentials. Step 2: Restart the network adapter from Device Manager. Step 3: Flush DNS by running ipconfig /flushdns. Step 4: Contact IT to check if device MAC address needs to be registered.,4,0.86,satisfied,False,True,False,general
NET-G-0055,Cannot connect to office WiFi,Urgent - My laptop is not connecting to the office WiFi. It shows the network but says unable to connect. My phone connects fine.,Network & Connectivity,Medium,IT,step_by_step,Step 1: Forget the WiFi network and reconnect with credentials. Step 2: Restart the network adapter from Device Manager. Step 3: Flush DNS by running ipconfig /flushdns. Step 4: Contact IT to check if device MAC address needs to be registered.,4,0.92,satisfied,False,True,False,general
NET-G-0056,Network printer not accessible,"Hi team, i cannot print to the floor printer. It was working yesterday. My colleagues on the same floor can still print.",Network & Connectivity,Medium,Operations,step_by_step,Step 1: Remove and re-add the printer on your computer. Step 2: Restart the print spooler service. Step 3: Check if your computer is on the correct network segment. Step 4: Restart your network adapter.,4,0.55,satisfied,False,True,True,general
NET-G-0057,What is the guest WiFi password,Following up on this issue — i have a client visiting tomorrow and need the guest WiFi password for our meeting rooms.,Network & Connectivity,Low,IT,information,Guest WiFi credentials are posted inside each meeting room near the door. If not found reception can provide the current password. Guest WiFi credentials rotate monthly for security.,1,0.9,satisfied,False,True,False,general
NET-G-0058,File server not accessible from my machine,Following up on this issue — i cannot access the shared file server drive. It shows a network path not found error. It worked yesterday.,Network & Connectivity,High,Operations,step_by_step,Step 1: Check you are connected to office network or VPN. Step 2: Try accessing the server by IP address instead of hostname. Step 3: Run net use * /delete and remap the drive. Step 4: Contact IT if others can access it but you cannot.,4,0.84,satisfied,False,False,False,general
NET-G-0059,Network printer not accessible,This is really frustrating. I cannot print to the floor printer. It was working yesterday. My colleagues on the same floor can still print.,Network & Connectivity,Medium,HR,step_by_step,Step 1: Remove and re-add the printer on your computer. Step 2: Restart the print spooler service. Step 3: Check if your computer is on the correct network segment. Step 4: Restart your network adapter.,4,0.46,escalated,False,True,True,general
NET-G-0060,Cannot connect to office WiFi,Quick question — my laptop is not connecting to the office WiFi. It shows the network but says unable to connect. My phone connects fine.,Network & Connectivity,Medium,HR,step_by_step,Step 1: Forget the WiFi network and reconnect with credentials. Step 2: Restart the network adapter from Device Manager. Step 3: Flush DNS by running ipconfig /flushdns. Step 4: Contact IT to check if device MAC address needs to be registered.,4,0.82,satisfied,False,True,False,general
NET-G-0061,Remote desktop connection failing,This is really frustrating. I am trying to remote desktop into my office machine from home but it keeps saying connection refused.,Network & Connectivity,High,Sales,step_by_step,Step 1: Ensure you are connected to company VPN first. Step 2: Verify Remote Desktop is enabled on the office machine. Step 3: Confirm the office machine is not in sleep mode. Step 4: Check firewall rules are not blocking port 3389.,4,0.86,satisfied,False,True,False,general
NET-G-0062,Network printer not accessible,"Hello, I cannot print to the floor printer. It was working yesterday. My colleagues on the same floor can still print. Please help.",Network & Connectivity,Medium,Operations,step_by_step,Step 1: Remove and re-add the printer on your computer. Step 2: Restart the print spooler service. Step 3: Check if your computer is on the correct network segment. Step 4: Restart your network adapter.,4,0.54,not_helpful,False,True,True,general
NET-G-0063,Cannot connect to office WiFi,This is really frustrating. My laptop is not connecting to the office WiFi. It shows the network but says unable to connect. My phone connects fine.,Network & Connectivity,High,Finance,step_by_step,Step 1: Forget the WiFi network and reconnect with credentials. Step 2: Restart the network adapter from Device Manager. Step 3: Flush DNS by running ipconfig /flushdns. Step 4: Contact IT to check if device MAC address needs to be registered.,4,0.81,satisfied,False,True,False,general
NET-G-0064,Cannot connect to office WiFi,Not sure if this is the right place but my laptop is not connecting to the office WiFi. It shows the network but says unable to connect. My phone connects fine.,Network & Connectivity,Medium,Operations,step_by_step,Step 1: Forget the WiFi network and reconnect with credentials. Step 2: Restart the network adapter from Device Manager. Step 3: Flush DNS by running ipconfig /flushdns. Step 4: Contact IT to check if device MAC address needs to be registered.,4,0.81,satisfied,False,True,False,general
NET-G-0065,File server not accessible from my machine,Quick question — i cannot access the shared file server drive. It shows a network path not found error. It worked yesterday.,Network & Connectivity,High,HR,step_by_step,Step 1: Check you are connected to office network or VPN. Step 2: Try accessing the server by IP address instead of hostname. Step 3: Run net use * /delete and remap the drive. Step 4: Contact IT if others can access it but you cannot.,4,0.78,satisfied,False,False,False,general
NET-G-0066,Internet connection very slow,Following up on this issue — the internet has been extremely slow at my workstation since this morning. Websites take forever to load.,Network & Connectivity,Medium,HR,step_by_step,Step 1: Restart your computer. Step 2: Try ethernet instead of WiFi. Step 3: Check if a large download or backup is running in background. Step 4: Contact IT to check your network port.,4,0.87,satisfied,False,True,False,general
NET-G-0067,What is the guest WiFi password,This is really frustrating. I have a client visiting tomorrow and need the guest WiFi password for our meeting rooms.,Network & Connectivity,Low,Finance,information,Guest WiFi credentials are posted inside each meeting room near the door. If not found reception can provide the current password. Guest WiFi credentials rotate monthly for security.,1,0.86,satisfied,False,True,False,general
NET-G-0068,File server not accessible from my machine,"Hi team, i cannot access the shared file server drive. It shows a network path not found error. It worked yesterday.",Network & Connectivity,Medium,Operations,step_by_step,Step 1: Check you are connected to office network or VPN. Step 2: Try accessing the server by IP address instead of hostname. Step 3: Run net use * /delete and remap the drive. Step 4: Contact IT if others can access it but you cannot.,4,0.95,satisfied,False,False,False,general
NET-G-0069,VPN not connecting from home,Not sure if this is the right place but i am working from home and the company VPN keeps disconnecting every few minutes.,Network & Connectivity,High,Finance,step_by_step,Step 1: Check home internet stability with a speed test. Step 2: Try connecting to a different VPN server if available. Step 3: Uninstall and reinstall the VPN client. Step 4: Switch from WiFi to wired ethernet at home.,4,0.81,not_helpful,False,True,False,general
NET-G-0070,File server not accessible from my machine,"Hi team, i cannot access the shared file server drive. It shows a network path not found error. It worked yesterday.",Network & Connectivity,High,Operations,step_by_step,Step 1: Check you are connected to office network or VPN. Step 2: Try accessing the server by IP address instead of hostname. Step 3: Run net use * /delete and remap the drive. Step 4: Contact IT if others can access it but you cannot.,4,0.74,not_helpful,False,False,False,general
NET-G-0071,Internet connection very slow,Not sure if this is the right place but the internet has been extremely slow at my workstation since this morning. Websites take forever to load.,Network & Connectivity,Medium,Finance,step_by_step,Step 1: Restart your computer. Step 2: Try ethernet instead of WiFi. Step 3: Check if a large download or backup is running in background. Step 4: Contact IT to check your network port.,4,0.9,satisfied,False,True,False,general
NET-G-0072,Internet connection very slow,"Hello, The internet has been extremely slow at my workstation since this morning. Websites take forever to load. Please help.",Network & Connectivity,High,IT,step_by_step,Step 1: Restart your computer. Step 2: Try ethernet instead of WiFi. Step 3: Check if a large download or backup is running in background. Step 4: Contact IT to check your network port.,4,0.92,satisfied,False,True,False,general
NET-G-0073,What is the guest WiFi password,Quick question — i have a client visiting tomorrow and need the guest WiFi password for our meeting rooms.,Network & Connectivity,Low,Operations,information,Guest WiFi credentials are posted inside each meeting room near the door. If not found reception can provide the current password. Guest WiFi credentials rotate monthly for security.,1,0.84,satisfied,False,True,False,general
NET-G-0074,Network printer not accessible,I have been dealing with this for days. I cannot print to the floor printer. It was working yesterday. My colleagues on the same floor can still print.,Network & Connectivity,Medium,Finance,step_by_step,Step 1: Remove and re-add the printer on your computer. Step 2: Restart the print spooler service. Step 3: Check if your computer is on the correct network segment. Step 4: Restart your network adapter.,4,0.51,escalated,False,True,True,general
NET-G-0075,File server not accessible from my machine,Following up on this issue — i cannot access the shared file server drive. It shows a network path not found error. It worked yesterday.,Network & Connectivity,Medium,Sales,step_by_step,Step 1: Check you are connected to office network or VPN. Step 2: Try accessing the server by IP address instead of hostname. Step 3: Run net use * /delete and remap the drive. Step 4: Contact IT if others can access it but you cannot.,4,0.88,not_helpful,False,False,False,general
NET-G-0076,What is the guest WiFi password,Not sure if this is the right place but i have a client visiting tomorrow and need the guest WiFi password for our meeting rooms.,Network & Connectivity,Low,Operations,information,Guest WiFi credentials are posted inside each meeting room near the door. If not found reception can provide the current password. Guest WiFi credentials rotate monthly for security.,1,0.91,satisfied,False,True,False,general
NET-G-0077,What is the guest WiFi password,Urgent - I have a client visiting tomorrow and need the guest WiFi password for our meeting rooms.,Network & Connectivity,Low,Finance,information,Guest WiFi credentials are posted inside each meeting room near the door. If not found reception can provide the current password. Guest WiFi credentials rotate monthly for security.,1,0.89,satisfied,False,True,False,general
NET-G-0078,VPN not connecting from home,Not sure if this is the right place but i am working from home and the company VPN keeps disconnecting every few minutes.,Network & Connectivity,High,Sales,step_by_step,Step 1: Check home internet stability with a speed test. Step 2: Try connecting to a different VPN server if available. Step 3: Uninstall and reinstall the VPN client. Step 4: Switch from WiFi to wired ethernet at home.,4,0.94,satisfied,False,True,False,general
NET-G-0079,Remote desktop connection failing,Not sure if this is the right place but i am trying to remote desktop into my office machine from home but it keeps saying connection refused.,Network & Connectivity,High,Sales,step_by_step,Step 1: Ensure you are connected to company VPN first. Step 2: Verify Remote Desktop is enabled on the office machine. Step 3: Confirm the office machine is not in sleep mode. Step 4: Check firewall rules are not blocking port 3389.,4,0.81,satisfied,False,True,False,general
NET-G-0080,Remote desktop connection failing,"Hi, I am trying to remote desktop into my office machine from home but it keeps saying connection refused.",Network & Connectivity,Medium,IT,step_by_step,Step 1: Ensure you are connected to company VPN first. Step 2: Verify Remote Desktop is enabled on the office machine. Step 3: Confirm the office machine is not in sleep mode. Step 4: Check firewall rules are not blocking port 3389.,4,0.83,satisfied,False,True,False,general
NET-G-0081,VPN not connecting from home,"Hello, I am working from home and the company VPN keeps disconnecting every few minutes. Please help.",Network & Connectivity,Medium,IT,step_by_step,Step 1: Check home internet stability with a speed test. Step 2: Try connecting to a different VPN server if available. Step 3: Uninstall and reinstall the VPN client. Step 4: Switch from WiFi to wired ethernet at home.,4,0.83,satisfied,False,True,False,general
NET-G-0082,Network printer not accessible,I cannot print to the floor printer. It was working yesterday. My colleagues on the same floor can still print.,Network & Connectivity,Medium,Finance,step_by_step,Step 1: Remove and re-add the printer on your computer. Step 2: Restart the print spooler service. Step 3: Check if your computer is on the correct network segment. Step 4: Restart your network adapter.,4,0.48,not_helpful,False,True,True,general
NET-G-0083,VPN not connecting from home,"Hello, I am working from home and the company VPN keeps disconnecting every few minutes. Please help.",Network & Connectivity,High,Marketing,step_by_step,Step 1: Check home internet stability with a speed test. Step 2: Try connecting to a different VPN server if available. Step 3: Uninstall and reinstall the VPN client. Step 4: Switch from WiFi to wired ethernet at home.,4,0.81,satisfied,False,True,False,general
NET-G-0084,File server not accessible from my machine,Following up on this issue — i cannot access the shared file server drive. It shows a network path not found error. It worked yesterday.,Network & Connectivity,Medium,HR,step_by_step,Step 1: Check you are connected to office network or VPN. Step 2: Try accessing the server by IP address instead of hostname. Step 3: Run net use * /delete and remap the drive. Step 4: Contact IT if others can access it but you cannot.,4,0.92,not_helpful,False,False,False,general
NET-G-0085,Cannot connect to office WiFi,"Hi team, my laptop is not connecting to the office WiFi. It shows the network but says unable to connect. My phone connects fine.",Network & Connectivity,High,IT,step_by_step,Step 1: Forget the WiFi network and reconnect with credentials. Step 2: Restart the network adapter from Device Manager. Step 3: Flush DNS by running ipconfig /flushdns. Step 4: Contact IT to check if device MAC address needs to be registered.,4,0.82,satisfied,False,True,False,general
NET-G-0086,Internet connection very slow,Urgent - The internet has been extremely slow at my workstation since this morning. Websites take forever to load.,Network & Connectivity,Medium,Finance,step_by_step,Step 1: Restart your computer. Step 2: Try ethernet instead of WiFi. Step 3: Check if a large download or backup is running in background. Step 4: Contact IT to check your network port.,4,0.96,satisfied,False,True,False,general
NET-G-0087,Cannot connect to office WiFi,Quick question — my laptop is not connecting to the office WiFi. It shows the network but says unable to connect. My phone connects fine.,Network & Connectivity,Medium,Operations,step_by_step,Step 1: Forget the WiFi network and reconnect with credentials. Step 2: Restart the network adapter from Device Manager. Step 3: Flush DNS by running ipconfig /flushdns. Step 4: Contact IT to check if device MAC address needs to be registered.,4,0.89,satisfied,False,True,False,general
NET-G-0088,Internet connection very slow,This is really frustrating. The internet has been extremely slow at my workstation since this morning. Websites take forever to load.,Network & Connectivity,Medium,Sales,step_by_step,Step 1: Restart your computer. Step 2: Try ethernet instead of WiFi. Step 3: Check if a large download or backup is running in background. Step 4: Contact IT to check your network port.,4,0.82,satisfied,False,True,False,general
NET-G-0089,Remote desktop connection failing,"Hi, I am trying to remote desktop into my office machine from home but it keeps saying connection refused.",Network & Connectivity,Medium,IT,step_by_step,Step 1: Ensure you are connected to company VPN first. Step 2: Verify Remote Desktop is enabled on the office machine. Step 3: Confirm the office machine is not in sleep mode. Step 4: Check firewall rules are not blocking port 3389.,4,0.87,satisfied,False,True,False,general
NET-G-0090,VPN not connecting from home,Following up on this issue — i am working from home and the company VPN keeps disconnecting every few minutes.,Network & Connectivity,Medium,IT,step_by_step,Step 1: Check home internet stability with a speed test. Step 2: Try connecting to a different VPN server if available. Step 3: Uninstall and reinstall the VPN client. Step 4: Switch from WiFi to wired ethernet at home.,4,0.83,not_helpful,False,True,False,general
NET-G-0091,Internet connection very slow,"Hi team, the internet has been extremely slow at my workstation since this morning. Websites take forever to load.",Network & Connectivity,High,Sales,step_by_step,Step 1: Restart your computer. Step 2: Try ethernet instead of WiFi. Step 3: Check if a large download or backup is running in background. Step 4: Contact IT to check your network port.,4,0.81,satisfied,False,True,False,general
NET-G-0092,File server not accessible from my machine,Urgent - I cannot access the shared file server drive. It shows a network path not found error. It worked yesterday.,Network & Connectivity,Medium,Sales,step_by_step,Step 1: Check you are connected to office network or VPN. Step 2: Try accessing the server by IP address instead of hostname. Step 3: Run net use * /delete and remap the drive. Step 4: Contact IT if others can access it but you cannot.,4,0.88,not_helpful,False,False,False,general
NET-G-0093,Network printer not accessible,I cannot print to the floor printer. It was working yesterday. My colleagues on the same floor can still print.,Network & Connectivity,High,Marketing,step_by_step,Step 1: Remove and re-add the printer on your computer. Step 2: Restart the print spooler service. Step 3: Check if your computer is on the correct network segment. Step 4: Restart your network adapter.,4,0.58,escalated,True,True,True,general
NET-G-0094,File server not accessible from my machine,I cannot access the shared file server drive. It shows a network path not found error. It worked yesterday.,Network & Connectivity,Low,Marketing,step_by_step,Step 1: Check you are connected to office network or VPN. Step 2: Try accessing the server by IP address instead of hostname. Step 3: Run net use * /delete and remap the drive. Step 4: Contact IT if others can access it but you cannot.,4,0.9,not_helpful,False,False,False,general
NET-G-0095,Remote desktop connection failing,This is really frustrating. I am trying to remote desktop into my office machine from home but it keeps saying connection refused.,Network & Connectivity,Medium,Marketing,step_by_step,Step 1: Ensure you are connected to company VPN first. Step 2: Verify Remote Desktop is enabled on the office machine. Step 3: Confirm the office machine is not in sleep mode. Step 4: Check firewall rules are not blocking port 3389.,4,0.85,satisfied,False,True,False,general
NET-G-0096,Cannot connect to office WiFi,My laptop is not connecting to the office WiFi. It shows the network but says unable to connect. My phone connects fine.,Network & Connectivity,Medium,IT,step_by_step,Step 1: Forget the WiFi network and reconnect with credentials. Step 2: Restart the network adapter from Device Manager. Step 3: Flush DNS by running ipconfig /flushdns. Step 4: Contact IT to check if device MAC address needs to be registered.,4,0.84,satisfied,False,True,False,general
NET-G-0097,Internet connection very slow,"Hello, The internet has been extremely slow at my workstation since this morning. Websites take forever to load. Please help.",Network & Connectivity,Medium,Finance,step_by_step,Step 1: Restart your computer. Step 2: Try ethernet instead of WiFi. Step 3: Check if a large download or backup is running in background. Step 4: Contact IT to check your network port.,4,0.97,satisfied,False,True,False,general
NET-G-0098,Remote desktop connection failing,Not sure if this is the right place but i am trying to remote desktop into my office machine from home but it keeps saying connection refused.,Network & Connectivity,High,HR,step_by_step,Step 1: Ensure you are connected to company VPN first. Step 2: Verify Remote Desktop is enabled on the office machine. Step 3: Confirm the office machine is not in sleep mode. Step 4: Check firewall rules are not blocking port 3389.,4,0.96,satisfied,False,True,False,general
NET-G-0099,Internet connection very slow,Following up on this issue — the internet has been extremely slow at my workstation since this morning. Websites take forever to load.,Network & Connectivity,High,Marketing,step_by_step,Step 1: Restart your computer. Step 2: Try ethernet instead of WiFi. Step 3: Check if a large download or backup is running in background. Step 4: Contact IT to check your network port.,4,0.95,not_helpful,False,True,False,general
NET-G-0100,Network printer not accessible,Not sure if this is the right place but i cannot print to the floor printer. It was working yesterday. My colleagues on the same floor can still print.,Network & Connectivity,High,HR,step_by_step,Step 1: Remove and re-add the printer on your computer. Step 2: Restart the print spooler service. Step 3: Check if your computer is on the correct network segment. Step 4: Restart your network adapter.,4,0.46,escalated,True,True,True,general
NET-G-0101,Remote desktop connection failing,Not sure if this is the right place but i am trying to remote desktop into my office machine from home but it keeps saying connection refused.,Network & Connectivity,Medium,Operations,step_by_step,Step 1: Ensure you are connected to company VPN first. Step 2: Verify Remote Desktop is enabled on the office machine. Step 3: Confirm the office machine is not in sleep mode. Step 4: Check firewall rules are not blocking port 3389.,4,0.85,satisfied,False,True,False,general
NET-G-0102,What is the guest WiFi password,I have a client visiting tomorrow and need the guest WiFi password for our meeting rooms.,Network & Connectivity,Medium,HR,information,Guest WiFi credentials are posted inside each meeting room near the door. If not found reception can provide the current password. Guest WiFi credentials rotate monthly for security.,1,0.93,satisfied,False,True,False,general
NET-G-0103,What is the guest WiFi password,Urgent - I have a client visiting tomorrow and need the guest WiFi password for our meeting rooms.,Network & Connectivity,Low,HR,information,Guest WiFi credentials are posted inside each meeting room near the door. If not found reception can provide the current password. Guest WiFi credentials rotate monthly for security.,1,0.91,satisfied,False,True,False,general
NET-G-0104,Network printer not accessible,"Hi team, i cannot print to the floor printer. It was working yesterday. My colleagues on the same floor can still print.",Network & Connectivity,Medium,Finance,step_by_step,Step 1: Remove and re-add the printer on your computer. Step 2: Restart the print spooler service. Step 3: Check if your computer is on the correct network segment. Step 4: Restart your network adapter.,4,0.45,not_helpful,False,True,True,general
NET-G-0105,VPN not connecting from home,Urgent - I am working from home and the company VPN keeps disconnecting every few minutes.,Network & Connectivity,High,Operations,step_by_step,Step 1: Check home internet stability with a speed test. Step 2: Try connecting to a different VPN server if available. Step 3: Uninstall and reinstall the VPN client. Step 4: Switch from WiFi to wired ethernet at home.,4,0.97,satisfied,False,True,False,general
NET-G-0106,What is the guest WiFi password,Urgent - I have a client visiting tomorrow and need the guest WiFi password for our meeting rooms.,Network & Connectivity,Low,Sales,information,Guest WiFi credentials are posted inside each meeting room near the door. If not found reception can provide the current password. Guest WiFi credentials rotate monthly for security.,1,0.97,satisfied,False,True,False,general
NET-G-0107,VPN not connecting from home,"Hi, I am working from home and the company VPN keeps disconnecting every few minutes.",Network & Connectivity,High,HR,step_by_step,Step 1: Check home internet stability with a speed test. Step 2: Try connecting to a different VPN server if available. Step 3: Uninstall and reinstall the VPN client. Step 4: Switch from WiFi to wired ethernet at home.,4,0.95,satisfied,False,True,False,general
NET-G-0108,Network printer not accessible,Quick question — i cannot print to the floor printer. It was working yesterday. My colleagues on the same floor can still print.,Network & Connectivity,Medium,Finance,step_by_step,Step 1: Remove and re-add the printer on your computer. Step 2: Restart the print spooler service. Step 3: Check if your computer is on the correct network segment. Step 4: Restart your network adapter.,4,0.47,not_helpful,False,True,True,general
NET-G-0109,Cannot connect to office WiFi,"Hi, My laptop is not connecting to the office WiFi. It shows the network but says unable to connect. My phone connects fine.",Network & Connectivity,High,HR,step_by_step,Step 1: Forget the WiFi network and reconnect with credentials. Step 2: Restart the network adapter from Device Manager. Step 3: Flush DNS by running ipconfig /flushdns. Step 4: Contact IT to check if device MAC address needs to be registered.,4,0.97,satisfied,False,True,False,general
NET-G-0110,Network printer not accessible,Not sure if this is the right place but i cannot print to the floor printer. It was working yesterday. My colleagues on the same floor can still print.,Network & Connectivity,Medium,Operations,step_by_step,Step 1: Remove and re-add the printer on your computer. Step 2: Restart the print spooler service. Step 3: Check if your computer is on the correct network segment. Step 4: Restart your network adapter.,4,0.55,satisfied,False,True,True,general
NET-G-0111,Network printer not accessible,This is really frustrating. I cannot print to the floor printer. It was working yesterday. My colleagues on the same floor can still print.,Network & Connectivity,Medium,Finance,step_by_step,Step 1: Remove and re-add the printer on your computer. Step 2: Restart the print spooler service. Step 3: Check if your computer is on the correct network segment. Step 4: Restart your network adapter.,4,0.42,escalated,True,True,True,general
NET-G-0112,File server not accessible from my machine,Following up on this issue — i cannot access the shared file server drive. It shows a network path not found error. It worked yesterday.,Network & Connectivity,Medium,Marketing,step_by_step,Step 1: Check you are connected to office network or VPN. Step 2: Try accessing the server by IP address instead of hostname. Step 3: Run net use * /delete and remap the drive. Step 4: Contact IT if others can access it but you cannot.,4,0.89,satisfied,False,False,False,general
NET-G-0113,Network printer not accessible,"Hello, I cannot print to the floor printer. It was working yesterday. My colleagues on the same floor can still print. Please help.",Network & Connectivity,Medium,Sales,step_by_step,Step 1: Remove and re-add the printer on your computer. Step 2: Restart the print spooler service. Step 3: Check if your computer is on the correct network segment. Step 4: Restart your network adapter.,4,0.55,satisfied,False,True,True,general
NET-G-0114,What is the guest WiFi password,Quick question — i have a client visiting tomorrow and need the guest WiFi password for our meeting rooms.,Network & Connectivity,Low,Finance,information,Guest WiFi credentials are posted inside each meeting room near the door. If not found reception can provide the current password. Guest WiFi credentials rotate monthly for security.,1,0.82,satisfied,False,True,False,general
NET-G-0115,Remote desktop connection failing,Not sure if this is the right place but i am trying to remote desktop into my office machine from home but it keeps saying connection refused.,Network & Connectivity,Medium,Finance,step_by_step,Step 1: Ensure you are connected to company VPN first. Step 2: Verify Remote Desktop is enabled on the office machine. Step 3: Confirm the office machine is not in sleep mode. Step 4: Check firewall rules are not blocking port 3389.,4,0.92,satisfied,False,True,False,general
NET-G-0116,Cannot connect to office WiFi,"Hi, My laptop is not connecting to the office WiFi. It shows the network but says unable to connect. My phone connects fine.",Network & Connectivity,Medium,Sales,step_by_step,Step 1: Forget the WiFi network and reconnect with credentials. Step 2: Restart the network adapter from Device Manager. Step 3: Flush DNS by running ipconfig /flushdns. Step 4: Contact IT to check if device MAC address needs to be registered.,4,0.85,satisfied,False,True,False,general
NET-G-0117,File server not accessible from my machine,Urgent - I cannot access the shared file server drive. It shows a network path not found error. It worked yesterday.,Network & Connectivity,Medium,Sales,step_by_step,Step 1: Check you are connected to office network or VPN. Step 2: Try accessing the server by IP address instead of hostname. Step 3: Run net use * /delete and remap the drive. Step 4: Contact IT if others can access it but you cannot.,4,0.83,satisfied,False,False,False,general
NET-G-0118,What is the guest WiFi password,Not sure if this is the right place but i have a client visiting tomorrow and need the guest WiFi password for our meeting rooms.,Network & Connectivity,Low,Marketing,information,Guest WiFi credentials are posted inside each meeting room near the door. If not found reception can provide the current password. Guest WiFi credentials rotate monthly for security.,1,0.84,satisfied,False,True,False,general
NET-G-0119,File server not accessible from my machine,This is really frustrating. I cannot access the shared file server drive. It shows a network path not found error. It worked yesterday.,Network & Connectivity,Medium,Finance,step_by_step,Step 1: Check you are connected to office network or VPN. Step 2: Try accessing the server by IP address instead of hostname. Step 3: Run net use * /delete and remap the drive. Step 4: Contact IT if others can access it but you cannot.,4,0.74,satisfied,False,False,False,general
NET-G-0120,Network printer not accessible,Quick question — i cannot print to the floor printer. It was working yesterday. My colleagues on the same floor can still print.,Network & Connectivity,High,Marketing,step_by_step,Step 1: Remove and re-add the printer on your computer. Step 2: Restart the print spooler service. Step 3: Check if your computer is on the correct network segment. Step 4: Restart your network adapter.,4,0.62,not_helpful,False,True,True,general
NET-G-0121,What is the guest WiFi password,Not sure if this is the right place but i have a client visiting tomorrow and need the guest WiFi password for our meeting rooms.,Network & Connectivity,Medium,Sales,information,Guest WiFi credentials are posted inside each meeting room near the door. If not found reception can provide the current password. Guest WiFi credentials rotate monthly for security.,1,0.8,satisfied,False,True,False,general
NET-G-0122,Network printer not accessible,I have been dealing with this for days. I cannot print to the floor printer. It was working yesterday. My colleagues on the same floor can still print.,Network & Connectivity,Medium,HR,step_by_step,Step 1: Remove and re-add the printer on your computer. Step 2: Restart the print spooler service. Step 3: Check if your computer is on the correct network segment. Step 4: Restart your network adapter.,4,0.41,escalated,True,True,True,general
NET-G-0123,File server not accessible from my machine,This is really frustrating. I cannot access the shared file server drive. It shows a network path not found error. It worked yesterday.,Network & Connectivity,Medium,IT,step_by_step,Step 1: Check you are connected to office network or VPN. Step 2: Try accessing the server by IP address instead of hostname. Step 3: Run net use * /delete and remap the drive. Step 4: Contact IT if others can access it but you cannot.,4,0.76,satisfied,False,False,False,general
NET-G-0124,VPN not connecting from home,"Hello, I am working from home and the company VPN keeps disconnecting every few minutes. Please help.",Network & Connectivity,Medium,HR,step_by_step,Step 1: Check home internet stability with a speed test. Step 2: Try connecting to a different VPN server if available. Step 3: Uninstall and reinstall the VPN client. Step 4: Switch from WiFi to wired ethernet at home.,4,0.93,satisfied,False,True,False,general
NET-G-0125,Internet connection very slow,"Hello, The internet has been extremely slow at my workstation since this morning. Websites take forever to load. Please help.",Network & Connectivity,Low,Marketing,step_by_step,Step 1: Restart your computer. Step 2: Try ethernet instead of WiFi. Step 3: Check if a large download or backup is running in background. Step 4: Contact IT to check your network port.,4,0.82,satisfied,False,True,False,general
NET-G-0126,Internet connection very slow,Quick question — the internet has been extremely slow at my workstation since this morning. Websites take forever to load.,Network & Connectivity,High,Sales,step_by_step,Step 1: Restart your computer. Step 2: Try ethernet instead of WiFi. Step 3: Check if a large download or backup is running in background. Step 4: Contact IT to check your network port.,4,0.85,satisfied,False,True,False,general
NET-G-0127,File server not accessible from my machine,Following up on this issue — i cannot access the shared file server drive. It shows a network path not found error. It worked yesterday.,Network & Connectivity,Medium,Finance,step_by_step,Step 1: Check you are connected to office network or VPN. Step 2: Try accessing the server by IP address instead of hostname. Step 3: Run net use * /delete and remap the drive. Step 4: Contact IT if others can access it but you cannot.,4,0.93,satisfied,False,False,False,general
NET-G-0128,File server not accessible from my machine,I cannot access the shared file server drive. It shows a network path not found error. It worked yesterday.,Network & Connectivity,High,Finance,step_by_step,Step 1: Check you are connected to office network or VPN. Step 2: Try accessing the server by IP address instead of hostname. Step 3: Run net use * /delete and remap the drive. Step 4: Contact IT if others can access it but you cannot.,4,0.88,not_helpful,False,False,False,general
NET-G-0129,VPN not connecting from home,Urgent - I am working from home and the company VPN keeps disconnecting every few minutes.,Network & Connectivity,Medium,Marketing,step_by_step,Step 1: Check home internet stability with a speed test. Step 2: Try connecting to a different VPN server if available. Step 3: Uninstall and reinstall the VPN client. Step 4: Switch from WiFi to wired ethernet at home.,4,0.83,satisfied,False,True,False,general
NET-G-0130,Network printer not accessible,I cannot print to the floor printer. It was working yesterday. My colleagues on the same floor can still print.,Network & Connectivity,Medium,IT,step_by_step,Step 1: Remove and re-add the printer on your computer. Step 2: Restart the print spooler service. Step 3: Check if your computer is on the correct network segment. Step 4: Restart your network adapter.,4,0.62,not_helpful,False,True,True,general
NET-G-0131,Internet connection very slow,Following up on this issue — the internet has been extremely slow at my workstation since this morning. Websites take forever to load.,Network & Connectivity,Critical,IT,step_by_step,Step 1: Restart your computer. Step 2: Try ethernet instead of WiFi. Step 3: Check if a large download or backup is running in background. Step 4: Contact IT to check your network port.,4,0.9,escalated,True,True,False,general
NET-G-0132,Cannot connect to office WiFi,"Hi team, my laptop is not connecting to the office WiFi. It shows the network but says unable to connect. My phone connects fine.",Network & Connectivity,High,Finance,step_by_step,Step 1: Forget the WiFi network and reconnect with credentials. Step 2: Restart the network adapter from Device Manager. Step 3: Flush DNS by running ipconfig /flushdns. Step 4: Contact IT to check if device MAC address needs to be registered.,4,0.96,satisfied,False,True,False,general
NET-G-0133,Remote desktop connection failing,"Hello, I am trying to remote desktop into my office machine from home but it keeps saying connection refused. Please help.",Network & Connectivity,Medium,Operations,step_by_step,Step 1: Ensure you are connected to company VPN first. Step 2: Verify Remote Desktop is enabled on the office machine. Step 3: Confirm the office machine is not in sleep mode. Step 4: Check firewall rules are not blocking port 3389.,4,0.95,satisfied,False,True,False,general
NET-G-0134,What is the guest WiFi password,I have been dealing with this for days. I have a client visiting tomorrow and need the guest WiFi password for our meeting rooms.,Network & Connectivity,Low,Operations,information,Guest WiFi credentials are posted inside each meeting room near the door. If not found reception can provide the current password. Guest WiFi credentials rotate monthly for security.,1,0.91,not_helpful,False,True,False,general
NET-G-0135,VPN not connecting from home,"Hi team, i am working from home and the company VPN keeps disconnecting every few minutes.",Network & Connectivity,High,Sales,step_by_step,Step 1: Check home internet stability with a speed test. Step 2: Try connecting to a different VPN server if available. Step 3: Uninstall and reinstall the VPN client. Step 4: Switch from WiFi to wired ethernet at home.,4,0.81,satisfied,False,True,False,general
NET-G-0136,Cannot connect to office WiFi,This is really frustrating. My laptop is not connecting to the office WiFi. It shows the network but says unable to connect. My phone connects fine.,Network & Connectivity,Medium,Operations,step_by_step,Step 1: Forget the WiFi network and reconnect with credentials. Step 2: Restart the network adapter from Device Manager. Step 3: Flush DNS by running ipconfig /flushdns. Step 4: Contact IT to check if device MAC address needs to be registered.,4,0.98,satisfied,False,True,False,general
NET-G-0137,Cannot connect to office WiFi,Following up on this issue — my laptop is not connecting to the office WiFi. It shows the network but says unable to connect. My phone connects fine.,Network & Connectivity,High,IT,step_by_step,Step 1: Forget the WiFi network and reconnect with credentials. Step 2: Restart the network adapter from Device Manager. Step 3: Flush DNS by running ipconfig /flushdns. Step 4: Contact IT to check if device MAC address needs to be registered.,4,0.83,satisfied,False,True,False,general
NET-G-0138,What is the guest WiFi password,I have a client visiting tomorrow and need the guest WiFi password for our meeting rooms.,Network & Connectivity,High,Marketing,information,Guest WiFi credentials are posted inside each meeting room near the door. If not found reception can provide the current password. Guest WiFi credentials rotate monthly for security.,1,0.91,satisfied,False,True,False,general
NET-G-0139,File server not accessible from my machine,Quick question — i cannot access the shared file server drive. It shows a network path not found error. It worked yesterday.,Network & Connectivity,Critical,Finance,step_by_step,Step 1: Check you are connected to office network or VPN. Step 2: Try accessing the server by IP address instead of hostname. Step 3: Run net use * /delete and remap the drive. Step 4: Contact IT if others can access it but you cannot.,4,0.8,escalated,True,False,False,general
NET-G-0140,VPN not connecting from home,"Hello, I am working from home and the company VPN keeps disconnecting every few minutes. Please help.",Network & Connectivity,Critical,Sales,step_by_step,Step 1: Check home internet stability with a speed test. Step 2: Try connecting to a different VPN server if available. Step 3: Uninstall and reinstall the VPN client. Step 4: Switch from WiFi to wired ethernet at home.,4,0.94,escalated,True,True,False,general
NET-G-0141,Remote desktop connection failing,Not sure if this is the right place but i am trying to remote desktop into my office machine from home but it keeps saying connection refused.,Network & Connectivity,Low,HR,step_by_step,Step 1: Ensure you are connected to company VPN first. Step 2: Verify Remote Desktop is enabled on the office machine. Step 3: Confirm the office machine is not in sleep mode. Step 4: Check firewall rules are not blocking port 3389.,4,0.81,not_helpful,False,True,False,general
NET-G-0142,Network printer not accessible,Not sure if this is the right place but i cannot print to the floor printer. It was working yesterday. My colleagues on the same floor can still print.,Network & Connectivity,Medium,HR,step_by_step,Step 1: Remove and re-add the printer on your computer. Step 2: Restart the print spooler service. Step 3: Check if your computer is on the correct network segment. Step 4: Restart your network adapter.,4,0.44,escalated,True,True,True,general
NET-G-0143,Cannot connect to office WiFi,"Hello, My laptop is not connecting to the office WiFi. It shows the network but says unable to connect. My phone connects fine. Please help.",Network & Connectivity,High,Marketing,step_by_step,Step 1: Forget the WiFi network and reconnect with credentials. Step 2: Restart the network adapter from Device Manager. Step 3: Flush DNS by running ipconfig /flushdns. Step 4: Contact IT to check if device MAC address needs to be registered.,4,0.83,satisfied,False,True,False,general
NET-G-0144,Remote desktop connection failing,"Hello, I am trying to remote desktop into my office machine from home but it keeps saying connection refused. Please help.",Network & Connectivity,Critical,IT,step_by_step,Step 1: Ensure you are connected to company VPN first. Step 2: Verify Remote Desktop is enabled on the office machine. Step 3: Confirm the office machine is not in sleep mode. Step 4: Check firewall rules are not blocking port 3389.,4,0.83,escalated,True,True,False,general
NET-G-0145,Remote desktop connection failing,Quick question — i am trying to remote desktop into my office machine from home but it keeps saying connection refused.,Network & Connectivity,Medium,Finance,step_by_step,Step 1: Ensure you are connected to company VPN first. Step 2: Verify Remote Desktop is enabled on the office machine. Step 3: Confirm the office machine is not in sleep mode. Step 4: Check firewall rules are not blocking port 3389.,4,0.95,satisfied,False,True,False,general
NET-G-0146,Internet connection very slow,Following up on this issue — the internet has been extremely slow at my workstation since this morning. Websites take forever to load.,Network & Connectivity,Medium,IT,step_by_step,Step 1: Restart your computer. Step 2: Try ethernet instead of WiFi. Step 3: Check if a large download or backup is running in background. Step 4: Contact IT to check your network port.,4,0.95,satisfied,False,True,False,general
NET-G-0147,Network printer not accessible,Not sure if this is the right place but i cannot print to the floor printer. It was working yesterday. My colleagues on the same floor can still print.,Network & Connectivity,Medium,Sales,step_by_step,Step 1: Remove and re-add the printer on your computer. Step 2: Restart the print spooler service. Step 3: Check if your computer is on the correct network segment. Step 4: Restart your network adapter.,4,0.52,not_helpful,False,True,True,general
NET-G-0148,File server not accessible from my machine,I have been dealing with this for days. I cannot access the shared file server drive. It shows a network path not found error. It worked yesterday.,Network & Connectivity,Medium,Sales,step_by_step,Step 1: Check you are connected to office network or VPN. Step 2: Try accessing the server by IP address instead of hostname. Step 3: Run net use * /delete and remap the drive. Step 4: Contact IT if others can access it but you cannot.,4,0.87,satisfied,False,False,False,general
NET-G-0149,Network printer not accessible,Following up on this issue — i cannot print to the floor printer. It was working yesterday. My colleagues on the same floor can still print.,Network & Connectivity,Medium,Operations,step_by_step,Step 1: Remove and re-add the printer on your computer. Step 2: Restart the print spooler service. Step 3: Check if your computer is on the correct network segment. Step 4: Restart your network adapter.,4,0.54,escalated,False,True,True,general
NET-G-0150,What is the guest WiFi password,"Hi team, i have a client visiting tomorrow and need the guest WiFi password for our meeting rooms.",Network & Connectivity,Low,IT,information,Guest WiFi credentials are posted inside each meeting room near the door. If not found reception can provide the current password. Guest WiFi credentials rotate monthly for security.,1,0.82,satisfied,False,True,False,general
NET-G-0151,Internet connection very slow,"Hi, The internet has been extremely slow at my workstation since this morning. Websites take forever to load.",Network & Connectivity,Medium,Operations,step_by_step,Step 1: Restart your computer. Step 2: Try ethernet instead of WiFi. Step 3: Check if a large download or backup is running in background. Step 4: Contact IT to check your network port.,4,0.82,not_helpful,False,True,False,general
NET-G-0152,Network printer not accessible,"Hi team, i cannot print to the floor printer. It was working yesterday. My colleagues on the same floor can still print.",Network & Connectivity,Medium,HR,step_by_step,Step 1: Remove and re-add the printer on your computer. Step 2: Restart the print spooler service. Step 3: Check if your computer is on the correct network segment. Step 4: Restart your network adapter.,4,0.39,escalated,True,True,True,general
NET-G-0153,File server not accessible from my machine,Quick question — i cannot access the shared file server drive. It shows a network path not found error. It worked yesterday.,Network & Connectivity,Medium,Sales,step_by_step,Step 1: Check you are connected to office network or VPN. Step 2: Try accessing the server by IP address instead of hostname. Step 3: Run net use * /delete and remap the drive. Step 4: Contact IT if others can access it but you cannot.,4,0.82,satisfied,False,False,False,general
NET-G-0154,Internet connection very slow,"Hi team, the internet has been extremely slow at my workstation since this morning. Websites take forever to load.",Network & Connectivity,Medium,Marketing,step_by_step,Step 1: Restart your computer. Step 2: Try ethernet instead of WiFi. Step 3: Check if a large download or backup is running in background. Step 4: Contact IT to check your network port.,4,0.81,satisfied,False,True,False,general
NET-G-0155,What is the guest WiFi password,I have a client visiting tomorrow and need the guest WiFi password for our meeting rooms.,Network & Connectivity,Low,HR,information,Guest WiFi credentials are posted inside each meeting room near the door. If not found reception can provide the current password. Guest WiFi credentials rotate monthly for security.,1,0.94,satisfied,False,True,False,general
NET-G-0156,Network printer not accessible,Quick question — i cannot print to the floor printer. It was working yesterday. My colleagues on the same floor can still print.,Network & Connectivity,High,Marketing,step_by_step,Step 1: Remove and re-add the printer on your computer. Step 2: Restart the print spooler service. Step 3: Check if your computer is on the correct network segment. Step 4: Restart your network adapter.,4,0.45,escalated,True,True,True,general
NET-G-0157,Network printer not accessible,"Hello, I cannot print to the floor printer. It was working yesterday. My colleagues on the same floor can still print. Please help.",Network & Connectivity,High,Sales,step_by_step,Step 1: Remove and re-add the printer on your computer. Step 2: Restart the print spooler service. Step 3: Check if your computer is on the correct network segment. Step 4: Restart your network adapter.,4,0.49,escalated,True,True,True,general
NET-G-0158,Remote desktop connection failing,Quick question — i am trying to remote desktop into my office machine from home but it keeps saying connection refused.,Network & Connectivity,High,Sales,step_by_step,Step 1: Ensure you are connected to company VPN first. Step 2: Verify Remote Desktop is enabled on the office machine. Step 3: Confirm the office machine is not in sleep mode. Step 4: Check firewall rules are not blocking port 3389.,4,0.84,satisfied,False,True,False,general
NET-G-0159,Remote desktop connection failing,Not sure if this is the right place but i am trying to remote desktop into my office machine from home but it keeps saying connection refused.,Network & Connectivity,Medium,HR,step_by_step,Step 1: Ensure you are connected to company VPN first. Step 2: Verify Remote Desktop is enabled on the office machine. Step 3: Confirm the office machine is not in sleep mode. Step 4: Check firewall rules are not blocking port 3389.,4,0.88,satisfied,False,True,False,general
NET-G-0160,Cannot connect to office WiFi,Quick question — my laptop is not connecting to the office WiFi. It shows the network but says unable to connect. My phone connects fine.,Network & Connectivity,Medium,Marketing,step_by_step,Step 1: Forget the WiFi network and reconnect with credentials. Step 2: Restart the network adapter from Device Manager. Step 3: Flush DNS by running ipconfig /flushdns. Step 4: Contact IT to check if device MAC address needs to be registered.,4,0.89,satisfied,False,True,False,general
NET-G-0161,Network printer not accessible,Not sure if this is the right place but i cannot print to the floor printer. It was working yesterday. My colleagues on the same floor can still print.,Network & Connectivity,Medium,Sales,step_by_step,Step 1: Remove and re-add the printer on your computer. Step 2: Restart the print spooler service. Step 3: Check if your computer is on the correct network segment. Step 4: Restart your network adapter.,4,0.58,satisfied,False,True,True,general
NET-G-0162,Cannot connect to office WiFi,My laptop is not connecting to the office WiFi. It shows the network but says unable to connect. My phone connects fine.,Network & Connectivity,Medium,Marketing,step_by_step,Step 1: Forget the WiFi network and reconnect with credentials. Step 2: Restart the network adapter from Device Manager. Step 3: Flush DNS by running ipconfig /flushdns. Step 4: Contact IT to check if device MAC address needs to be registered.,4,0.8,satisfied,False,True,False,general
NET-G-0163,VPN not connecting from home,Urgent - I am working from home and the company VPN keeps disconnecting every few minutes.,Network & Connectivity,Critical,Marketing,step_by_step,Step 1: Check home internet stability with a speed test. Step 2: Try connecting to a different VPN server if available. Step 3: Uninstall and reinstall the VPN client. Step 4: Switch from WiFi to wired ethernet at home.,4,0.84,escalated,True,True,False,general
NET-G-0164,VPN not connecting from home,"Hi, I am working from home and the company VPN keeps disconnecting every few minutes.",Network & Connectivity,High,HR,step_by_step,Step 1: Check home internet stability with a speed test. Step 2: Try connecting to a different VPN server if available. Step 3: Uninstall and reinstall the VPN client. Step 4: Switch from WiFi to wired ethernet at home.,4,0.91,satisfied,False,True,False,general
NET-G-0165,Internet connection very slow,"Hi team, the internet has been extremely slow at my workstation since this morning. Websites take forever to load.",Network & Connectivity,High,Finance,step_by_step,Step 1: Restart your computer. Step 2: Try ethernet instead of WiFi. Step 3: Check if a large download or backup is running in background. Step 4: Contact IT to check your network port.,4,0.83,satisfied,False,True,False,general
NET-G-0166,VPN not connecting from home,I am working from home and the company VPN keeps disconnecting every few minutes.,Network & Connectivity,High,IT,step_by_step,Step 1: Check home internet stability with a speed test. Step 2: Try connecting to a different VPN server if available. Step 3: Uninstall and reinstall the VPN client. Step 4: Switch from WiFi to wired ethernet at home.,4,0.88,satisfied,False,True,False,general
NET-G-0167,File server not accessible from my machine,Not sure if this is the right place but i cannot access the shared file server drive. It shows a network path not found error. It worked yesterday.,Network & Connectivity,Medium,HR,step_by_step,Step 1: Check you are connected to office network or VPN. Step 2: Try accessing the server by IP address instead of hostname. Step 3: Run net use * /delete and remap the drive. Step 4: Contact IT if others can access it but you cannot.,4,0.79,not_helpful,False,False,False,general
NET-G-0168,Internet connection very slow,Not sure if this is the right place but the internet has been extremely slow at my workstation since this morning. Websites take forever to load.,Network & Connectivity,Low,IT,step_by_step,Step 1: Restart your computer. Step 2: Try ethernet instead of WiFi. Step 3: Check if a large download or backup is running in background. Step 4: Contact IT to check your network port.,4,0.91,satisfied,False,True,False,general
NET-G-0169,What is the guest WiFi password,I have a client visiting tomorrow and need the guest WiFi password for our meeting rooms.,Network & Connectivity,Low,IT,information,Guest WiFi credentials are posted inside each meeting room near the door. If not found reception can provide the current password. Guest WiFi credentials rotate monthly for security.,1,0.93,not_helpful,False,True,False,general
NET-G-0170,Network printer not accessible,Following up on this issue — i cannot print to the floor printer. It was working yesterday. My colleagues on the same floor can still print.,Network & Connectivity,Medium,Finance,step_by_step,Step 1: Remove and re-add the printer on your computer. Step 2: Restart the print spooler service. Step 3: Check if your computer is on the correct network segment. Step 4: Restart your network adapter.,4,0.52,not_helpful,False,True,True,general
NET-G-0171,What is the guest WiFi password,I have been dealing with this for days. I have a client visiting tomorrow and need the guest WiFi password for our meeting rooms.,Network & Connectivity,Low,HR,information,Guest WiFi credentials are posted inside each meeting room near the door. If not found reception can provide the current password. Guest WiFi credentials rotate monthly for security.,1,0.8,satisfied,False,True,False,general
NET-G-0172,Internet connection very slow,Following up on this issue — the internet has been extremely slow at my workstation since this morning. Websites take forever to load.,Network & Connectivity,High,Operations,step_by_step,Step 1: Restart your computer. Step 2: Try ethernet instead of WiFi. Step 3: Check if a large download or backup is running in background. Step 4: Contact IT to check your network port.,4,0.88,satisfied,False,True,False,general
NET-G-0173,What is the guest WiFi password,"Hello, I have a client visiting tomorrow and need the guest WiFi password for our meeting rooms. Please help.",Network & Connectivity,Low,Marketing,information,Guest WiFi credentials are posted inside each meeting room near the door. If not found reception can provide the current password. Guest WiFi credentials rotate monthly for security.,1,0.93,satisfied,False,True,False,general
NET-G-0174,VPN not connecting from home,Quick question — i am working from home and the company VPN keeps disconnecting every few minutes.,Network & Connectivity,High,Marketing,step_by_step,Step 1: Check home internet stability with a speed test. Step 2: Try connecting to a different VPN server if available. Step 3: Uninstall and reinstall the VPN client. Step 4: Switch from WiFi to wired ethernet at home.,4,0.88,satisfied,False,True,False,general
NET-G-0175,Internet connection very slow,Following up on this issue — the internet has been extremely slow at my workstation since this morning. Websites take forever to load.,Network & Connectivity,High,Finance,step_by_step,Step 1: Restart your computer. Step 2: Try ethernet instead of WiFi. Step 3: Check if a large download or backup is running in background. Step 4: Contact IT to check your network port.,4,0.95,satisfied,False,True,False,general
NET-G-0176,Internet connection very slow,This is really frustrating. The internet has been extremely slow at my workstation since this morning. Websites take forever to load.,Network & Connectivity,High,IT,step_by_step,Step 1: Restart your computer. Step 2: Try ethernet instead of WiFi. Step 3: Check if a large download or backup is running in background. Step 4: Contact IT to check your network port.,4,0.87,satisfied,False,True,False,general
NET-G-0177,Remote desktop connection failing,"Hi, I am trying to remote desktop into my office machine from home but it keeps saying connection refused.",Network & Connectivity,Critical,Sales,step_by_step,Step 1: Ensure you are connected to company VPN first. Step 2: Verify Remote Desktop is enabled on the office machine. Step 3: Confirm the office machine is not in sleep mode. Step 4: Check firewall rules are not blocking port 3389.,4,0.83,escalated,True,True,False,general
NET-G-0178,What is the guest WiFi password,"Hi, I have a client visiting tomorrow and need the guest WiFi password for our meeting rooms.",Network & Connectivity,Medium,Finance,information,Guest WiFi credentials are posted inside each meeting room near the door. If not found reception can provide the current password. Guest WiFi credentials rotate monthly for security.,1,0.92,satisfied,False,True,False,general
NET-G-0179,File server not accessible from my machine,Following up on this issue — i cannot access the shared file server drive. It shows a network path not found error. It worked yesterday.,Network & Connectivity,Medium,Sales,step_by_step,Step 1: Check you are connected to office network or VPN. Step 2: Try accessing the server by IP address instead of hostname. Step 3: Run net use * /delete and remap the drive. Step 4: Contact IT if others can access it but you cannot.,4,0.91,not_helpful,False,False,False,general
NET-G-0180,VPN not connecting from home,"Hello, I am working from home and the company VPN keeps disconnecting every few minutes. Please help.",Network & Connectivity,High,Sales,step_by_step,Step 1: Check home internet stability with a speed test. Step 2: Try connecting to a different VPN server if available. Step 3: Uninstall and reinstall the VPN client. Step 4: Switch from WiFi to wired ethernet at home.,4,0.81,satisfied,False,True,False,general
NET-G-0181,What is the guest WiFi password,I have a client visiting tomorrow and need the guest WiFi password for our meeting rooms.,Network & Connectivity,Low,HR,information,Guest WiFi credentials are posted inside each meeting room near the door. If not found reception can provide the current password. Guest WiFi credentials rotate monthly for security.,1,0.95,satisfied,False,True,False,general
NET-G-0182,Internet connection very slow,"Hi, The internet has been extremely slow at my workstation since this morning. Websites take forever to load.",Network & Connectivity,Medium,IT,step_by_step,Step 1: Restart your computer. Step 2: Try ethernet instead of WiFi. Step 3: Check if a large download or backup is running in background. Step 4: Contact IT to check your network port.,4,0.91,satisfied,False,True,False,general
NET-G-0183,Internet connection very slow,The internet has been extremely slow at my workstation since this morning. Websites take forever to load.,Network & Connectivity,Critical,Operations,step_by_step,Step 1: Restart your computer. Step 2: Try ethernet instead of WiFi. Step 3: Check if a large download or backup is running in background. Step 4: Contact IT to check your network port.,4,0.94,escalated,True,True,False,general
NET-G-0184,Internet connection very slow,Quick question — the internet has been extremely slow at my workstation since this morning. Websites take forever to load.,Network & Connectivity,High,Marketing,step_by_step,Step 1: Restart your computer. Step 2: Try ethernet instead of WiFi. Step 3: Check if a large download or backup is running in background. Step 4: Contact IT to check your network port.,4,0.95,satisfied,False,True,False,general
NET-G-0185,Cannot connect to office WiFi,Following up on this issue — my laptop is not connecting to the office WiFi. It shows the network but says unable to connect. My phone connects fine.,Network & Connectivity,High,HR,step_by_step,Step 1: Forget the WiFi network and reconnect with credentials. Step 2: Restart the network adapter from Device Manager. Step 3: Flush DNS by running ipconfig /flushdns. Step 4: Contact IT to check if device MAC address needs to be registered.,4,0.97,satisfied,False,True,False,general
NET-G-0186,Cannot connect to office WiFi,"Hi team, my laptop is not connecting to the office WiFi. It shows the network but says unable to connect. My phone connects fine.",Network & Connectivity,High,Operations,step_by_step,Step 1: Forget the WiFi network and reconnect with credentials. Step 2: Restart the network adapter from Device Manager. Step 3: Flush DNS by running ipconfig /flushdns. Step 4: Contact IT to check if device MAC address needs to be registered.,4,0.91,satisfied,False,True,False,general
NET-G-0187,Cannot connect to office WiFi,"Hi, My laptop is not connecting to the office WiFi. It shows the network but says unable to connect. My phone connects fine.",Network & Connectivity,Medium,Sales,step_by_step,Step 1: Forget the WiFi network and reconnect with credentials. Step 2: Restart the network adapter from Device Manager. Step 3: Flush DNS by running ipconfig /flushdns. Step 4: Contact IT to check if device MAC address needs to be registered.,4,0.83,satisfied,False,True,False,general
NET-G-0188,VPN not connecting from home,Following up on this issue — i am working from home and the company VPN keeps disconnecting every few minutes.,Network & Connectivity,High,Marketing,step_by_step,Step 1: Check home internet stability with a speed test. Step 2: Try connecting to a different VPN server if available. Step 3: Uninstall and reinstall the VPN client. Step 4: Switch from WiFi to wired ethernet at home.,4,0.93,satisfied,False,True,False,general
NET-G-0189,Remote desktop connection failing,Urgent - I am trying to remote desktop into my office machine from home but it keeps saying connection refused.,Network & Connectivity,Low,HR,step_by_step,Step 1: Ensure you are connected to company VPN first. Step 2: Verify Remote Desktop is enabled on the office machine. Step 3: Confirm the office machine is not in sleep mode. Step 4: Check firewall rules are not blocking port 3389.,4,0.92,satisfied,False,True,False,general
NET-G-0190,Remote desktop connection failing,I am trying to remote desktop into my office machine from home but it keeps saying connection refused.,Network & Connectivity,Medium,Finance,step_by_step,Step 1: Ensure you are connected to company VPN first. Step 2: Verify Remote Desktop is enabled on the office machine. Step 3: Confirm the office machine is not in sleep mode. Step 4: Check firewall rules are not blocking port 3389.,4,0.97,satisfied,False,True,False,general
NET-G-0191,Remote desktop connection failing,"Hi team, i am trying to remote desktop into my office machine from home but it keeps saying connection refused.",Network & Connectivity,High,Sales,step_by_step,Step 1: Ensure you are connected to company VPN first. Step 2: Verify Remote Desktop is enabled on the office machine. Step 3: Confirm the office machine is not in sleep mode. Step 4: Check firewall rules are not blocking port 3389.,4,0.86,satisfied,False,True,False,general
NET-G-0192,Internet connection very slow,"Hi, The internet has been extremely slow at my workstation since this morning. Websites take forever to load.",Network & Connectivity,High,Finance,step_by_step,Step 1: Restart your computer. Step 2: Try ethernet instead of WiFi. Step 3: Check if a large download or backup is running in background. Step 4: Contact IT to check your network port.,4,0.87,satisfied,False,True,False,general
NET-G-0193,Remote desktop connection failing,Not sure if this is the right place but i am trying to remote desktop into my office machine from home but it keeps saying connection refused.,Network & Connectivity,High,IT,step_by_step,Step 1: Ensure you are connected to company VPN first. Step 2: Verify Remote Desktop is enabled on the office machine. Step 3: Confirm the office machine is not in sleep mode. Step 4: Check firewall rules are not blocking port 3389.,4,0.88,satisfied,False,True,False,general
NET-G-0194,Network printer not accessible,This is really frustrating. I cannot print to the floor printer. It was working yesterday. My colleagues on the same floor can still print.,Network & Connectivity,High,HR,step_by_step,Step 1: Remove and re-add the printer on your computer. Step 2: Restart the print spooler service. Step 3: Check if your computer is on the correct network segment. Step 4: Restart your network adapter.,4,0.61,satisfied,False,True,True,general
NET-G-0195,Network printer not accessible,I have been dealing with this for days. I cannot print to the floor printer. It was working yesterday. My colleagues on the same floor can still print.,Network & Connectivity,Medium,HR,step_by_step,Step 1: Remove and re-add the printer on your computer. Step 2: Restart the print spooler service. Step 3: Check if your computer is on the correct network segment. Step 4: Restart your network adapter.,4,0.38,escalated,True,True,True,general
NET-G-0196,Cannot connect to office WiFi,Not sure if this is the right place but my laptop is not connecting to the office WiFi. It shows the network but says unable to connect. My phone connects fine.,Network & Connectivity,Medium,HR,step_by_step,Step 1: Forget the WiFi network and reconnect with credentials. Step 2: Restart the network adapter from Device Manager. Step 3: Flush DNS by running ipconfig /flushdns. Step 4: Contact IT to check if device MAC address needs to be registered.,4,0.87,satisfied,False,True,False,general
NET-G-0197,Network printer not accessible,Urgent - I cannot print to the floor printer. It was working yesterday. My colleagues on the same floor can still print.,Network & Connectivity,High,Operations,step_by_step,Step 1: Remove and re-add the printer on your computer. Step 2: Restart the print spooler service. Step 3: Check if your computer is on the correct network segment. Step 4: Restart your network adapter.,4,0.54,escalated,True,True,True,general
NET-G-0198,Cannot connect to office WiFi,I have been dealing with this for days. My laptop is not connecting to the office WiFi. It shows the network but says unable to connect. My phone connects fine.,Network & Connectivity,Critical,Sales,step_by_step,Step 1: Forget the WiFi network and reconnect with credentials. Step 2: Restart the network adapter from Device Manager. Step 3: Flush DNS by running ipconfig /flushdns. Step 4: Contact IT to check if device MAC address needs to be registered.,4,0.98,escalated,True,True,False,general
NET-G-0199,Network printer not accessible,"Hello, I cannot print to the floor printer. It was working yesterday. My colleagues on the same floor can still print. Please help.",Network & Connectivity,Medium,Marketing,step_by_step,Step 1: Remove and re-add the printer on your computer. Step 2: Restart the print spooler service. Step 3: Check if your computer is on the correct network segment. Step 4: Restart your network adapter.,4,0.54,not_helpful,False,True,True,general
NET-G-0200,What is the guest WiFi password,I have been dealing with this for days. I have a client visiting tomorrow and need the guest WiFi password for our meeting rooms.,Network & Connectivity,Low,Operations,information,Guest WiFi credentials are posted inside each meeting room near the door. If not found reception can provide the current password. Guest WiFi credentials rotate monthly for security.,1,0.86,satisfied,False,True,False,general
NET-E-0001,ERPNext not accessible from branch office,I have been dealing with this for days. Our branch office team cannot access ERPNext today. Head office users are fine and branch has internet access.,Network & Connectivity,High,Operations,step_by_step,Step 1: Check if branch can reach the server by pinging its IP. Step 2: Verify VPN or MPLS link between branch and datacenter is active. Step 3: Check firewall rules for the branch IP range. Step 4: Escalate to network team with branch IP details.,4,0.74,satisfied,False,False,False,erp
NET-E-0002,ERPNext sessions timing out too quickly,Not sure if this is the right place but my ERPNext session keeps expiring every 10 minutes forcing me to log in repeatedly.,Network & Connectivity,Low,Finance,quick_fix,Go to ERPNext System Settings and increase the session expiry duration. Your system administrator can adjust this in Setup > System Settings > Session Expiry.,1,0.96,satisfied,False,True,False,erp
NET-E-0003,ERPNext sessions timing out too quickly,Urgent - My ERPNext session keeps expiring every 10 minutes forcing me to log in repeatedly.,Network & Connectivity,Low,Operations,quick_fix,Go to ERPNext System Settings and increase the session expiry duration. Your system administrator can adjust this in Setup > System Settings > Session Expiry.,1,0.9,satisfied,False,True,False,erp
NET-E-0004,ERPNext sessions timing out too quickly,This is really frustrating. My ERPNext session keeps expiring every 10 minutes forcing me to log in repeatedly.,Network & Connectivity,Low,Marketing,quick_fix,Go to ERPNext System Settings and increase the session expiry duration. Your system administrator can adjust this in Setup > System Settings > Session Expiry.,1,0.89,satisfied,False,True,False,erp
NET-E-0005,ERPNext not accessible from branch office,"Hello, Our branch office team cannot access ERPNext today. Head office users are fine and branch has internet access. Please help.",Network & Connectivity,Medium,Finance,step_by_step,Step 1: Check if branch can reach the server by pinging its IP. Step 2: Verify VPN or MPLS link between branch and datacenter is active. Step 3: Check firewall rules for the branch IP range. Step 4: Escalate to network team with branch IP details.,4,0.83,satisfied,False,False,False,erp
NET-E-0006,ERPNext sessions timing out too quickly,My ERPNext session keeps expiring every 10 minutes forcing me to log in repeatedly.,Network & Connectivity,Medium,Sales,quick_fix,Go to ERPNext System Settings and increase the session expiry duration. Your system administrator can adjust this in Setup > System Settings > Session Expiry.,1,0.98,satisfied,False,True,False,erp
NET-E-0007,ERPNext sessions timing out too quickly,"Hi team, my ERPNext session keeps expiring every 10 minutes forcing me to log in repeatedly.",Network & Connectivity,Low,IT,quick_fix,Go to ERPNext System Settings and increase the session expiry duration. Your system administrator can adjust this in Setup > System Settings > Session Expiry.,1,0.86,satisfied,False,True,False,erp
NET-E-0008,ERPNext sessions timing out too quickly,"Hi, My ERPNext session keeps expiring every 10 minutes forcing me to log in repeatedly.",Network & Connectivity,Low,Marketing,quick_fix,Go to ERPNext System Settings and increase the session expiry duration. Your system administrator can adjust this in Setup > System Settings > Session Expiry.,1,0.8,satisfied,False,True,False,erp
NET-E-0009,ERPNext not accessible from branch office,Quick question — our branch office team cannot access ERPNext today. Head office users are fine and branch has internet access.,Network & Connectivity,High,Marketing,step_by_step,Step 1: Check if branch can reach the server by pinging its IP. Step 2: Verify VPN or MPLS link between branch and datacenter is active. Step 3: Check firewall rules for the branch IP range. Step 4: Escalate to network team with branch IP details.,4,0.71,not_helpful,False,False,False,erp
NET-E-0010,ERPNext not accessible from branch office,This is really frustrating. Our branch office team cannot access ERPNext today. Head office users are fine and branch has internet access.,Network & Connectivity,High,Operations,step_by_step,Step 1: Check if branch can reach the server by pinging its IP. Step 2: Verify VPN or MPLS link between branch and datacenter is active. Step 3: Check firewall rules for the branch IP range. Step 4: Escalate to network team with branch IP details.,4,0.75,satisfied,False,False,False,erp
NET-E-0011,ERPNext not accessible from branch office,"Hi team, our branch office team cannot access ERPNext today. Head office users are fine and branch has internet access.",Network & Connectivity,Critical,Finance,step_by_step,Step 1: Check if branch can reach the server by pinging its IP. Step 2: Verify VPN or MPLS link between branch and datacenter is active. Step 3: Check firewall rules for the branch IP range. Step 4: Escalate to network team with branch IP details.,4,0.72,escalated,True,False,False,erp
NET-E-0012,ERPNext sessions timing out too quickly,Urgent - My ERPNext session keeps expiring every 10 minutes forcing me to log in repeatedly.,Network & Connectivity,Medium,IT,quick_fix,Go to ERPNext System Settings and increase the session expiry duration. Your system administrator can adjust this in Setup > System Settings > Session Expiry.,1,0.81,satisfied,False,True,False,erp
NET-E-0013,ERPNext not accessible from branch office,Quick question — our branch office team cannot access ERPNext today. Head office users are fine and branch has internet access.,Network & Connectivity,High,Operations,step_by_step,Step 1: Check if branch can reach the server by pinging its IP. Step 2: Verify VPN or MPLS link between branch and datacenter is active. Step 3: Check firewall rules for the branch IP range. Step 4: Escalate to network team with branch IP details.,4,0.72,satisfied,False,False,False,erp
NET-E-0014,ERPNext sessions timing out too quickly,Following up on this issue — my ERPNext session keeps expiring every 10 minutes forcing me to log in repeatedly.,Network & Connectivity,Medium,Marketing,quick_fix,Go to ERPNext System Settings and increase the session expiry duration. Your system administrator can adjust this in Setup > System Settings > Session Expiry.,1,0.91,satisfied,False,True,False,erp
NET-E-0015,ERPNext sessions timing out too quickly,I have been dealing with this for days. My ERPNext session keeps expiring every 10 minutes forcing me to log in repeatedly.,Network & Connectivity,Medium,Finance,quick_fix,Go to ERPNext System Settings and increase the session expiry duration. Your system administrator can adjust this in Setup > System Settings > Session Expiry.,1,0.88,satisfied,False,True,False,erp
NET-E-0016,ERPNext sessions timing out too quickly,I have been dealing with this for days. My ERPNext session keeps expiring every 10 minutes forcing me to log in repeatedly.,Network & Connectivity,Medium,HR,quick_fix,Go to ERPNext System Settings and increase the session expiry duration. Your system administrator can adjust this in Setup > System Settings > Session Expiry.,1,0.82,satisfied,False,True,False,erp
NET-E-0017,ERPNext not accessible from branch office,I have been dealing with this for days. Our branch office team cannot access ERPNext today. Head office users are fine and branch has internet access.,Network & Connectivity,High,Sales,step_by_step,Step 1: Check if branch can reach the server by pinging its IP. Step 2: Verify VPN or MPLS link between branch and datacenter is active. Step 3: Check firewall rules for the branch IP range. Step 4: Escalate to network team with branch IP details.,4,0.66,satisfied,False,False,False,erp
NET-E-0018,ERPNext not accessible from branch office,Quick question — our branch office team cannot access ERPNext today. Head office users are fine and branch has internet access.,Network & Connectivity,High,Sales,step_by_step,Step 1: Check if branch can reach the server by pinging its IP. Step 2: Verify VPN or MPLS link between branch and datacenter is active. Step 3: Check firewall rules for the branch IP range. Step 4: Escalate to network team with branch IP details.,4,0.73,satisfied,False,False,False,erp
NET-E-0019,ERPNext not accessible from branch office,This is really frustrating. Our branch office team cannot access ERPNext today. Head office users are fine and branch has internet access.,Network & Connectivity,High,Sales,step_by_step,Step 1: Check if branch can reach the server by pinging its IP. Step 2: Verify VPN or MPLS link between branch and datacenter is active. Step 3: Check firewall rules for the branch IP range. Step 4: Escalate to network team with branch IP details.,4,0.67,satisfied,False,False,False,erp
NET-E-0020,ERPNext sessions timing out too quickly,Quick question — my ERPNext session keeps expiring every 10 minutes forcing me to log in repeatedly.,Network & Connectivity,Low,IT,quick_fix,Go to ERPNext System Settings and increase the session expiry duration. Your system administrator can adjust this in Setup > System Settings > Session Expiry.,1,0.94,satisfied,False,True,False,erp
NET-E-0021,ERPNext not accessible from branch office,"Hello, Our branch office team cannot access ERPNext today. Head office users are fine and branch has internet access. Please help.",Network & Connectivity,Critical,Finance,step_by_step,Step 1: Check if branch can reach the server by pinging its IP. Step 2: Verify VPN or MPLS link between branch and datacenter is active. Step 3: Check firewall rules for the branch IP range. Step 4: Escalate to network team with branch IP details.,4,0.71,escalated,True,False,False,erp
NET-E-0022,ERPNext not accessible from branch office,"Hi team, our branch office team cannot access ERPNext today. Head office users are fine and branch has internet access.",Network & Connectivity,Critical,Operations,step_by_step,Step 1: Check if branch can reach the server by pinging its IP. Step 2: Verify VPN or MPLS link between branch and datacenter is active. Step 3: Check firewall rules for the branch IP range. Step 4: Escalate to network team with branch IP details.,4,0.75,escalated,True,False,False,erp
NET-E-0023,ERPNext sessions timing out too quickly,"Hello, My ERPNext session keeps expiring every 10 minutes forcing me to log in repeatedly. Please help.",Network & Connectivity,Low,Operations,quick_fix,Go to ERPNext System Settings and increase the session expiry duration. Your system administrator can adjust this in Setup > System Settings > Session Expiry.,1,0.81,satisfied,False,True,False,erp
NET-E-0024,ERPNext sessions timing out too quickly,Quick question — my ERPNext session keeps expiring every 10 minutes forcing me to log in repeatedly.,Network & Connectivity,Medium,Finance,quick_fix,Go to ERPNext System Settings and increase the session expiry duration. Your system administrator can adjust this in Setup > System Settings > Session Expiry.,1,0.94,satisfied,False,True,False,erp
NET-E-0025,ERPNext not accessible from branch office,Following up on this issue — our branch office team cannot access ERPNext today. Head office users are fine and branch has internet access.,Network & Connectivity,High,Finance,step_by_step,Step 1: Check if branch can reach the server by pinging its IP. Step 2: Verify VPN or MPLS link between branch and datacenter is active. Step 3: Check firewall rules for the branch IP range. Step 4: Escalate to network team with branch IP details.,4,0.74,satisfied,False,False,False,erp
NET-E-0026,ERPNext sessions timing out too quickly,Not sure if this is the right place but my ERPNext session keeps expiring every 10 minutes forcing me to log in repeatedly.,Network & Connectivity,Low,Finance,quick_fix,Go to ERPNext System Settings and increase the session expiry duration. Your system administrator can adjust this in Setup > System Settings > Session Expiry.,1,0.91,satisfied,False,True,False,erp
NET-E-0027,ERPNext sessions timing out too quickly,Following up on this issue — my ERPNext session keeps expiring every 10 minutes forcing me to log in repeatedly.,Network & Connectivity,Low,Marketing,quick_fix,Go to ERPNext System Settings and increase the session expiry duration. Your system administrator can adjust this in Setup > System Settings > Session Expiry.,1,0.81,satisfied,False,True,False,erp
NET-E-0028,ERPNext sessions timing out too quickly,Quick question — my ERPNext session keeps expiring every 10 minutes forcing me to log in repeatedly.,Network & Connectivity,Low,Marketing,quick_fix,Go to ERPNext System Settings and increase the session expiry duration. Your system administrator can adjust this in Setup > System Settings > Session Expiry.,1,0.96,satisfied,False,True,False,erp
NET-E-0029,ERPNext sessions timing out too quickly,"Hi, My ERPNext session keeps expiring every 10 minutes forcing me to log in repeatedly.",Network & Connectivity,Low,Operations,quick_fix,Go to ERPNext System Settings and increase the session expiry duration. Your system administrator can adjust this in Setup > System Settings > Session Expiry.,1,0.82,satisfied,False,True,False,erp
NET-E-0030,ERPNext not accessible from branch office,Following up on this issue — our branch office team cannot access ERPNext today. Head office users are fine and branch has internet access.,Network & Connectivity,Critical,Operations,step_by_step,Step 1: Check if branch can reach the server by pinging its IP. Step 2: Verify VPN or MPLS link between branch and datacenter is active. Step 3: Check firewall rules for the branch IP range. Step 4: Escalate to network team with branch IP details.,4,0.75,escalated,True,False,False,erp
NET-E-0031,ERPNext not accessible from branch office,Our branch office team cannot access ERPNext today. Head office users are fine and branch has internet access.,Network & Connectivity,Medium,Sales,step_by_step,Step 1: Check if branch can reach the server by pinging its IP. Step 2: Verify VPN or MPLS link between branch and datacenter is active. Step 3: Check firewall rules for the branch IP range. Step 4: Escalate to network team with branch IP details.,4,0.84,satisfied,False,False,False,erp
NET-E-0032,ERPNext not accessible from branch office,Following up on this issue — our branch office team cannot access ERPNext today. Head office users are fine and branch has internet access.,Network & Connectivity,High,HR,step_by_step,Step 1: Check if branch can reach the server by pinging its IP. Step 2: Verify VPN or MPLS link between branch and datacenter is active. Step 3: Check firewall rules for the branch IP range. Step 4: Escalate to network team with branch IP details.,4,0.79,not_helpful,False,False,False,erp
NET-E-0033,ERPNext sessions timing out too quickly,My ERPNext session keeps expiring every 10 minutes forcing me to log in repeatedly.,Network & Connectivity,Low,Sales,quick_fix,Go to ERPNext System Settings and increase the session expiry duration. Your system administrator can adjust this in Setup > System Settings > Session Expiry.,1,0.81,satisfied,False,True,False,erp
NET-E-0034,ERPNext sessions timing out too quickly,Not sure if this is the right place but my ERPNext session keeps expiring every 10 minutes forcing me to log in repeatedly.,Network & Connectivity,Low,Sales,quick_fix,Go to ERPNext System Settings and increase the session expiry duration. Your system administrator can adjust this in Setup > System Settings > Session Expiry.,1,0.8,satisfied,False,True,False,erp
NET-E-0035,ERPNext not accessible from branch office,Urgent - Our branch office team cannot access ERPNext today. Head office users are fine and branch has internet access.,Network & Connectivity,Medium,Finance,step_by_step,Step 1: Check if branch can reach the server by pinging its IP. Step 2: Verify VPN or MPLS link between branch and datacenter is active. Step 3: Check firewall rules for the branch IP range. Step 4: Escalate to network team with branch IP details.,4,0.67,satisfied,False,False,False,erp
NET-E-0036,ERPNext sessions timing out too quickly,Urgent - My ERPNext session keeps expiring every 10 minutes forcing me to log in repeatedly.,Network & Connectivity,Medium,HR,quick_fix,Go to ERPNext System Settings and increase the session expiry duration. Your system administrator can adjust this in Setup > System Settings > Session Expiry.,1,0.83,not_helpful,False,True,False,erp
NET-E-0037,ERPNext sessions timing out too quickly,"Hi team, my ERPNext session keeps expiring every 10 minutes forcing me to log in repeatedly.",Network & Connectivity,Low,Sales,quick_fix,Go to ERPNext System Settings and increase the session expiry duration. Your system administrator can adjust this in Setup > System Settings > Session Expiry.,1,0.93,satisfied,False,True,False,erp
NET-E-0038,ERPNext not accessible from branch office,"Hi team, our branch office team cannot access ERPNext today. Head office users are fine and branch has internet access.",Network & Connectivity,High,HR,step_by_step,Step 1: Check if branch can reach the server by pinging its IP. Step 2: Verify VPN or MPLS link between branch and datacenter is active. Step 3: Check firewall rules for the branch IP range. Step 4: Escalate to network team with branch IP details.,4,0.71,satisfied,False,False,False,erp
NET-E-0039,ERPNext not accessible from branch office,I have been dealing with this for days. Our branch office team cannot access ERPNext today. Head office users are fine and branch has internet access.,Network & Connectivity,High,Operations,step_by_step,Step 1: Check if branch can reach the server by pinging its IP. Step 2: Verify VPN or MPLS link between branch and datacenter is active. Step 3: Check firewall rules for the branch IP range. Step 4: Escalate to network team with branch IP details.,4,0.77,satisfied,False,False,False,erp
NET-E-0040,ERPNext sessions timing out too quickly,I have been dealing with this for days. My ERPNext session keeps expiring every 10 minutes forcing me to log in repeatedly.,Network & Connectivity,Medium,IT,quick_fix,Go to ERPNext System Settings and increase the session expiry duration. Your system administrator can adjust this in Setup > System Settings > Session Expiry.,1,0.85,satisfied,False,True,False,erp
NET-E-0041,ERPNext not accessible from branch office,Our branch office team cannot access ERPNext today. Head office users are fine and branch has internet access.,Network & Connectivity,High,Sales,step_by_step,Step 1: Check if branch can reach the server by pinging its IP. Step 2: Verify VPN or MPLS link between branch and datacenter is active. Step 3: Check firewall rules for the branch IP range. Step 4: Escalate to network team with branch IP details.,4,0.73,satisfied,False,False,False,erp
NET-E-0042,ERPNext not accessible from branch office,"Hello, Our branch office team cannot access ERPNext today. Head office users are fine and branch has internet access. Please help.",Network & Connectivity,High,Operations,step_by_step,Step 1: Check if branch can reach the server by pinging its IP. Step 2: Verify VPN or MPLS link between branch and datacenter is active. Step 3: Check firewall rules for the branch IP range. Step 4: Escalate to network team with branch IP details.,4,0.76,not_helpful,False,False,False,erp
NET-E-0043,ERPNext sessions timing out too quickly,Urgent - My ERPNext session keeps expiring every 10 minutes forcing me to log in repeatedly.,Network & Connectivity,Low,Sales,quick_fix,Go to ERPNext System Settings and increase the session expiry duration. Your system administrator can adjust this in Setup > System Settings > Session Expiry.,1,0.95,satisfied,False,True,False,erp
NET-E-0044,ERPNext not accessible from branch office,I have been dealing with this for days. Our branch office team cannot access ERPNext today. Head office users are fine and branch has internet access.,Network & Connectivity,High,IT,step_by_step,Step 1: Check if branch can reach the server by pinging its IP. Step 2: Verify VPN or MPLS link between branch and datacenter is active. Step 3: Check firewall rules for the branch IP range. Step 4: Escalate to network team with branch IP details.,4,0.76,satisfied,False,False,False,erp
NET-E-0045,ERPNext not accessible from branch office,"Hello, Our branch office team cannot access ERPNext today. Head office users are fine and branch has internet access. Please help.",Network & Connectivity,Medium,Marketing,step_by_step,Step 1: Check if branch can reach the server by pinging its IP. Step 2: Verify VPN or MPLS link between branch and datacenter is active. Step 3: Check firewall rules for the branch IP range. Step 4: Escalate to network team with branch IP details.,4,0.74,not_helpful,False,False,False,erp
NET-E-0046,ERPNext not accessible from branch office,Quick question — our branch office team cannot access ERPNext today. Head office users are fine and branch has internet access.,Network & Connectivity,Medium,Sales,step_by_step,Step 1: Check if branch can reach the server by pinging its IP. Step 2: Verify VPN or MPLS link between branch and datacenter is active. Step 3: Check firewall rules for the branch IP range. Step 4: Escalate to network team with branch IP details.,4,0.84,satisfied,False,False,False,erp
NET-E-0047,ERPNext sessions timing out too quickly,I have been dealing with this for days. My ERPNext session keeps expiring every 10 minutes forcing me to log in repeatedly.,Network & Connectivity,High,Sales,quick_fix,Go to ERPNext System Settings and increase the session expiry duration. Your system administrator can adjust this in Setup > System Settings > Session Expiry.,1,0.95,satisfied,False,True,False,erp
NET-E-0048,ERPNext not accessible from branch office,"Hi team, our branch office team cannot access ERPNext today. Head office users are fine and branch has internet access.",Network & Connectivity,High,IT,step_by_step,Step 1: Check if branch can reach the server by pinging its IP. Step 2: Verify VPN or MPLS link between branch and datacenter is active. Step 3: Check firewall rules for the branch IP range. Step 4: Escalate to network team with branch IP details.,4,0.76,satisfied,False,False,False,erp
NET-E-0049,ERPNext not accessible from branch office,"Hello, Our branch office team cannot access ERPNext today. Head office users are fine and branch has internet access. Please help.",Network & Connectivity,Critical,IT,step_by_step,Step 1: Check if branch can reach the server by pinging its IP. Step 2: Verify VPN or MPLS link between branch and datacenter is active. Step 3: Check firewall rules for the branch IP range. Step 4: Escalate to network team with branch IP details.,4,0.8,escalated,True,False,False,erp
NET-E-0050,ERPNext not accessible from branch office,This is really frustrating. Our branch office team cannot access ERPNext today. Head office users are fine and branch has internet access.,Network & Connectivity,High,Marketing,step_by_step,Step 1: Check if branch can reach the server by pinging its IP. Step 2: Verify VPN or MPLS link between branch and datacenter is active. Step 3: Check firewall rules for the branch IP range. Step 4: Escalate to network team with branch IP details.,4,0.84,satisfied,False,False,False,erp
NET-E-0051,ERPNext sessions timing out too quickly,This is really frustrating. My ERPNext session keeps expiring every 10 minutes forcing me to log in repeatedly.,Network & Connectivity,High,Sales,quick_fix,Go to ERPNext System Settings and increase the session expiry duration. Your system administrator can adjust this in Setup > System Settings > Session Expiry.,1,0.93,satisfied,False,True,False,erp
NET-E-0052,ERPNext not accessible from branch office,Urgent - Our branch office team cannot access ERPNext today. Head office users are fine and branch has internet access.,Network & Connectivity,High,Marketing,step_by_step,Step 1: Check if branch can reach the server by pinging its IP. Step 2: Verify VPN or MPLS link between branch and datacenter is active. Step 3: Check firewall rules for the branch IP range. Step 4: Escalate to network team with branch IP details.,4,0.77,satisfied,False,False,False,erp
NET-E-0053,ERPNext not accessible from branch office,Urgent - Our branch office team cannot access ERPNext today. Head office users are fine and branch has internet access.,Network & Connectivity,High,IT,step_by_step,Step 1: Check if branch can reach the server by pinging its IP. Step 2: Verify VPN or MPLS link between branch and datacenter is active. Step 3: Check firewall rules for the branch IP range. Step 4: Escalate to network team with branch IP details.,4,0.65,satisfied,False,False,False,erp
NET-E-0054,ERPNext sessions timing out too quickly,"Hi team, my ERPNext session keeps expiring every 10 minutes forcing me to log in repeatedly.",Network & Connectivity,Medium,Operations,quick_fix,Go to ERPNext System Settings and increase the session expiry duration. Your system administrator can adjust this in Setup > System Settings > Session Expiry.,1,0.9,satisfied,False,True,False,erp
NET-E-0055,ERPNext not accessible from branch office,Following up on this issue — our branch office team cannot access ERPNext today. Head office users are fine and branch has internet access.,Network & Connectivity,Critical,Marketing,step_by_step,Step 1: Check if branch can reach the server by pinging its IP. Step 2: Verify VPN or MPLS link between branch and datacenter is active. Step 3: Check firewall rules for the branch IP range. Step 4: Escalate to network team with branch IP details.,4,0.81,escalated,True,False,False,erp
NET-E-0056,ERPNext not accessible from branch office,This is really frustrating. Our branch office team cannot access ERPNext today. Head office users are fine and branch has internet access.,Network & Connectivity,High,IT,step_by_step,Step 1: Check if branch can reach the server by pinging its IP. Step 2: Verify VPN or MPLS link between branch and datacenter is active. Step 3: Check firewall rules for the branch IP range. Step 4: Escalate to network team with branch IP details.,4,0.81,not_helpful,False,False,False,erp
NET-E-0057,ERPNext not accessible from branch office,Our branch office team cannot access ERPNext today. Head office users are fine and branch has internet access.,Network & Connectivity,Critical,HR,step_by_step,Step 1: Check if branch can reach the server by pinging its IP. Step 2: Verify VPN or MPLS link between branch and datacenter is active. Step 3: Check firewall rules for the branch IP range. Step 4: Escalate to network team with branch IP details.,4,0.81,escalated,True,False,False,erp
NET-E-0058,ERPNext sessions timing out too quickly,My ERPNext session keeps expiring every 10 minutes forcing me to log in repeatedly.,Network & Connectivity,Low,Sales,quick_fix,Go to ERPNext System Settings and increase the session expiry duration. Your system administrator can adjust this in Setup > System Settings > Session Expiry.,1,0.83,satisfied,False,True,False,erp
NET-E-0059,ERPNext sessions timing out too quickly,"Hi, My ERPNext session keeps expiring every 10 minutes forcing me to log in repeatedly.",Network & Connectivity,Low,Finance,quick_fix,Go to ERPNext System Settings and increase the session expiry duration. Your system administrator can adjust this in Setup > System Settings > Session Expiry.,1,0.95,satisfied,False,True,False,erp
NET-E-0060,ERPNext sessions timing out too quickly,Quick question — my ERPNext session keeps expiring every 10 minutes forcing me to log in repeatedly.,Network & Connectivity,High,Finance,quick_fix,Go to ERPNext System Settings and increase the session expiry duration. Your system administrator can adjust this in Setup > System Settings > Session Expiry.,1,0.81,satisfied,False,True,False,erp
NET-E-0061,ERPNext not accessible from branch office,"Hello, Our branch office team cannot access ERPNext today. Head office users are fine and branch has internet access. Please help.",Network & Connectivity,High,Operations,step_by_step,Step 1: Check if branch can reach the server by pinging its IP. Step 2: Verify VPN or MPLS link between branch and datacenter is active. Step 3: Check firewall rules for the branch IP range. Step 4: Escalate to network team with branch IP details.,4,0.81,satisfied,False,False,False,erp
NET-E-0062,ERPNext sessions timing out too quickly,Quick question — my ERPNext session keeps expiring every 10 minutes forcing me to log in repeatedly.,Network & Connectivity,Low,Operations,quick_fix,Go to ERPNext System Settings and increase the session expiry duration. Your system administrator can adjust this in Setup > System Settings > Session Expiry.,1,0.83,satisfied,False,True,False,erp
NET-E-0063,ERPNext not accessible from branch office,"Hello, Our branch office team cannot access ERPNext today. Head office users are fine and branch has internet access. Please help.",Network & Connectivity,Medium,Operations,step_by_step,Step 1: Check if branch can reach the server by pinging its IP. Step 2: Verify VPN or MPLS link between branch and datacenter is active. Step 3: Check firewall rules for the branch IP range. Step 4: Escalate to network team with branch IP details.,4,0.68,satisfied,False,False,False,erp
NET-E-0064,ERPNext not accessible from branch office,"Hello, Our branch office team cannot access ERPNext today. Head office users are fine and branch has internet access. Please help.",Network & Connectivity,Critical,Finance,step_by_step,Step 1: Check if branch can reach the server by pinging its IP. Step 2: Verify VPN or MPLS link between branch and datacenter is active. Step 3: Check firewall rules for the branch IP range. Step 4: Escalate to network team with branch IP details.,4,0.8,escalated,True,False,False,erp
NET-E-0065,ERPNext not accessible from branch office,I have been dealing with this for days. Our branch office team cannot access ERPNext today. Head office users are fine and branch has internet access.,Network & Connectivity,Critical,Operations,step_by_step,Step 1: Check if branch can reach the server by pinging its IP. Step 2: Verify VPN or MPLS link between branch and datacenter is active. Step 3: Check firewall rules for the branch IP range. Step 4: Escalate to network team with branch IP details.,4,0.79,escalated,True,False,False,erp
NET-E-0066,ERPNext sessions timing out too quickly,Not sure if this is the right place but my ERPNext session keeps expiring every 10 minutes forcing me to log in repeatedly.,Network & Connectivity,Low,Marketing,quick_fix,Go to ERPNext System Settings and increase the session expiry duration. Your system administrator can adjust this in Setup > System Settings > Session Expiry.,1,0.96,satisfied,False,True,False,erp
NET-E-0067,ERPNext not accessible from branch office,Not sure if this is the right place but our branch office team cannot access ERPNext today. Head office users are fine and branch has internet access.,Network & Connectivity,Critical,Sales,step_by_step,Step 1: Check if branch can reach the server by pinging its IP. Step 2: Verify VPN or MPLS link between branch and datacenter is active. Step 3: Check firewall rules for the branch IP range. Step 4: Escalate to network team with branch IP details.,4,0.71,escalated,True,False,False,erp
NET-E-0068,ERPNext not accessible from branch office,Our branch office team cannot access ERPNext today. Head office users are fine and branch has internet access.,Network & Connectivity,High,Marketing,step_by_step,Step 1: Check if branch can reach the server by pinging its IP. Step 2: Verify VPN or MPLS link between branch and datacenter is active. Step 3: Check firewall rules for the branch IP range. Step 4: Escalate to network team with branch IP details.,4,0.74,satisfied,False,False,False,erp
NET-E-0069,ERPNext not accessible from branch office,This is really frustrating. Our branch office team cannot access ERPNext today. Head office users are fine and branch has internet access.,Network & Connectivity,Medium,HR,step_by_step,Step 1: Check if branch can reach the server by pinging its IP. Step 2: Verify VPN or MPLS link between branch and datacenter is active. Step 3: Check firewall rules for the branch IP range. Step 4: Escalate to network team with branch IP details.,4,0.83,satisfied,False,False,False,erp
NET-E-0070,ERPNext sessions timing out too quickly,My ERPNext session keeps expiring every 10 minutes forcing me to log in repeatedly.,Network & Connectivity,Low,Marketing,quick_fix,Go to ERPNext System Settings and increase the session expiry duration. Your system administrator can adjust this in Setup > System Settings > Session Expiry.,1,0.81,satisfied,False,True,False,erp
NET-E-0071,ERPNext not accessible from branch office,"Hi team, our branch office team cannot access ERPNext today. Head office users are fine and branch has internet access.",Network & Connectivity,Critical,Finance,step_by_step,Step 1: Check if branch can reach the server by pinging its IP. Step 2: Verify VPN or MPLS link between branch and datacenter is active. Step 3: Check firewall rules for the branch IP range. Step 4: Escalate to network team with branch IP details.,4,0.73,escalated,True,False,False,erp
NET-E-0072,ERPNext not accessible from branch office,"Hi team, our branch office team cannot access ERPNext today. Head office users are fine and branch has internet access.",Network & Connectivity,High,HR,step_by_step,Step 1: Check if branch can reach the server by pinging its IP. Step 2: Verify VPN or MPLS link between branch and datacenter is active. Step 3: Check firewall rules for the branch IP range. Step 4: Escalate to network team with branch IP details.,4,0.71,satisfied,False,False,False,erp
NET-E-0073,ERPNext sessions timing out too quickly,This is really frustrating. My ERPNext session keeps expiring every 10 minutes forcing me to log in repeatedly.,Network & Connectivity,Low,Sales,quick_fix,Go to ERPNext System Settings and increase the session expiry duration. Your system administrator can adjust this in Setup > System Settings > Session Expiry.,1,0.8,not_helpful,False,True,False,erp
NET-E-0074,ERPNext not accessible from branch office,Our branch office team cannot access ERPNext today. Head office users are fine and branch has internet access.,Network & Connectivity,Medium,Sales,step_by_step,Step 1: Check if branch can reach the server by pinging its IP. Step 2: Verify VPN or MPLS link between branch and datacenter is active. Step 3: Check firewall rules for the branch IP range. Step 4: Escalate to network team with branch IP details.,4,0.7,satisfied,False,False,False,erp
NET-E-0075,ERPNext not accessible from branch office,Quick question — our branch office team cannot access ERPNext today. Head office users are fine and branch has internet access.,Network & Connectivity,Critical,IT,step_by_step,Step 1: Check if branch can reach the server by pinging its IP. Step 2: Verify VPN or MPLS link between branch and datacenter is active. Step 3: Check firewall rules for the branch IP range. Step 4: Escalate to network team with branch IP details.,4,0.81,escalated,True,False,False,erp
NET-E-0076,ERPNext not accessible from branch office,Our branch office team cannot access ERPNext today. Head office users are fine and branch has internet access.,Network & Connectivity,High,HR,step_by_step,Step 1: Check if branch can reach the server by pinging its IP. Step 2: Verify VPN or MPLS link between branch and datacenter is active. Step 3: Check firewall rules for the branch IP range. Step 4: Escalate to network team with branch IP details.,4,0.77,satisfied,False,False,False,erp
NET-E-0077,ERPNext sessions timing out too quickly,Urgent - My ERPNext session keeps expiring every 10 minutes forcing me to log in repeatedly.,Network & Connectivity,Low,HR,quick_fix,Go to ERPNext System Settings and increase the session expiry duration. Your system administrator can adjust this in Setup > System Settings > Session Expiry.,1,0.95,satisfied,False,True,False,erp
NET-E-0078,ERPNext sessions timing out too quickly,"Hi team, my ERPNext session keeps expiring every 10 minutes forcing me to log in repeatedly.",Network & Connectivity,Low,Marketing,quick_fix,Go to ERPNext System Settings and increase the session expiry duration. Your system administrator can adjust this in Setup > System Settings > Session Expiry.,1,0.91,satisfied,False,True,False,erp
NET-E-0079,ERPNext not accessible from branch office,"Hi team, our branch office team cannot access ERPNext today. Head office users are fine and branch has internet access.",Network & Connectivity,High,Operations,step_by_step,Step 1: Check if branch can reach the server by pinging its IP. Step 2: Verify VPN or MPLS link between branch and datacenter is active. Step 3: Check firewall rules for the branch IP range. Step 4: Escalate to network team with branch IP details.,4,0.71,satisfied,False,False,False,erp
NET-E-0080,ERPNext sessions timing out too quickly,My ERPNext session keeps expiring every 10 minutes forcing me to log in repeatedly.,Network & Connectivity,Low,IT,quick_fix,Go to ERPNext System Settings and increase the session expiry duration. Your system administrator can adjust this in Setup > System Settings > Session Expiry.,1,0.91,satisfied,False,True,False,erp
NET-E-0081,ERPNext sessions timing out too quickly,"Hi team, my ERPNext session keeps expiring every 10 minutes forcing me to log in repeatedly.",Network & Connectivity,Low,Sales,quick_fix,Go to ERPNext System Settings and increase the session expiry duration. Your system administrator can adjust this in Setup > System Settings > Session Expiry.,1,0.88,satisfied,False,True,False,erp
NET-E-0082,ERPNext not accessible from branch office,"Hi team, our branch office team cannot access ERPNext today. Head office users are fine and branch has internet access.",Network & Connectivity,High,HR,step_by_step,Step 1: Check if branch can reach the server by pinging its IP. Step 2: Verify VPN or MPLS link between branch and datacenter is active. Step 3: Check firewall rules for the branch IP range. Step 4: Escalate to network team with branch IP details.,4,0.72,satisfied,False,False,False,erp
NET-E-0083,ERPNext not accessible from branch office,Urgent - Our branch office team cannot access ERPNext today. Head office users are fine and branch has internet access.,Network & Connectivity,High,Marketing,step_by_step,Step 1: Check if branch can reach the server by pinging its IP. Step 2: Verify VPN or MPLS link between branch and datacenter is active. Step 3: Check firewall rules for the branch IP range. Step 4: Escalate to network team with branch IP details.,4,0.82,not_helpful,False,False,False,erp
NET-E-0084,ERPNext sessions timing out too quickly,Urgent - My ERPNext session keeps expiring every 10 minutes forcing me to log in repeatedly.,Network & Connectivity,Low,Finance,quick_fix,Go to ERPNext System Settings and increase the session expiry duration. Your system administrator can adjust this in Setup > System Settings > Session Expiry.,1,0.89,satisfied,False,True,False,erp
NET-E-0085,ERPNext not accessible from branch office,Not sure if this is the right place but our branch office team cannot access ERPNext today. Head office users are fine and branch has internet access.,Network & Connectivity,High,Operations,step_by_step,Step 1: Check if branch can reach the server by pinging its IP. Step 2: Verify VPN or MPLS link between branch and datacenter is active. Step 3: Check firewall rules for the branch IP range. Step 4: Escalate to network team with branch IP details.,4,0.66,satisfied,False,False,False,erp
NET-E-0086,ERPNext sessions timing out too quickly,Urgent - My ERPNext session keeps expiring every 10 minutes forcing me to log in repeatedly.,Network & Connectivity,Low,IT,quick_fix,Go to ERPNext System Settings and increase the session expiry duration. Your system administrator can adjust this in Setup > System Settings > Session Expiry.,1,0.96,satisfied,False,True,False,erp
NET-E-0087,ERPNext sessions timing out too quickly,I have been dealing with this for days. My ERPNext session keeps expiring every 10 minutes forcing me to log in repeatedly.,Network & Connectivity,Low,Operations,quick_fix,Go to ERPNext System Settings and increase the session expiry duration. Your system administrator can adjust this in Setup > System Settings > Session Expiry.,1,0.85,not_helpful,False,True,False,erp
NET-E-0088,ERPNext not accessible from branch office,Our branch office team cannot access ERPNext today. Head office users are fine and branch has internet access.,Network & Connectivity,Medium,IT,step_by_step,Step 1: Check if branch can reach the server by pinging its IP. Step 2: Verify VPN or MPLS link between branch and datacenter is active. Step 3: Check firewall rules for the branch IP range. Step 4: Escalate to network team with branch IP details.,4,0.75,not_helpful,False,False,False,erp
NET-E-0089,ERPNext sessions timing out too quickly,"Hi team, my ERPNext session keeps expiring every 10 minutes forcing me to log in repeatedly.",Network & Connectivity,Low,Sales,quick_fix,Go to ERPNext System Settings and increase the session expiry duration. Your system administrator can adjust this in Setup > System Settings > Session Expiry.,1,0.84,not_helpful,False,True,False,erp
NET-E-0090,ERPNext not accessible from branch office,Quick question — our branch office team cannot access ERPNext today. Head office users are fine and branch has internet access.,Network & Connectivity,High,Marketing,step_by_step,Step 1: Check if branch can reach the server by pinging its IP. Step 2: Verify VPN or MPLS link between branch and datacenter is active. Step 3: Check firewall rules for the branch IP range. Step 4: Escalate to network team with branch IP details.,4,0.79,not_helpful,False,False,False,erp
NET-E-0091,ERPNext sessions timing out too quickly,"Hello, My ERPNext session keeps expiring every 10 minutes forcing me to log in repeatedly. Please help.",Network & Connectivity,Medium,IT,quick_fix,Go to ERPNext System Settings and increase the session expiry duration. Your system administrator can adjust this in Setup > System Settings > Session Expiry.,1,0.9,satisfied,False,True,False,erp
NET-E-0092,ERPNext sessions timing out too quickly,My ERPNext session keeps expiring every 10 minutes forcing me to log in repeatedly.,Network & Connectivity,Low,IT,quick_fix,Go to ERPNext System Settings and increase the session expiry duration. Your system administrator can adjust this in Setup > System Settings > Session Expiry.,1,0.88,satisfied,False,True,False,erp
NET-E-0093,ERPNext not accessible from branch office,"Hi, Our branch office team cannot access ERPNext today. Head office users are fine and branch has internet access.",Network & Connectivity,Critical,IT,step_by_step,Step 1: Check if branch can reach the server by pinging its IP. Step 2: Verify VPN or MPLS link between branch and datacenter is active. Step 3: Check firewall rules for the branch IP range. Step 4: Escalate to network team with branch IP details.,4,0.78,escalated,True,False,False,erp
NET-E-0094,ERPNext not accessible from branch office,This is really frustrating. Our branch office team cannot access ERPNext today. Head office users are fine and branch has internet access.,Network & Connectivity,High,Marketing,step_by_step,Step 1: Check if branch can reach the server by pinging its IP. Step 2: Verify VPN or MPLS link between branch and datacenter is active. Step 3: Check firewall rules for the branch IP range. Step 4: Escalate to network team with branch IP details.,4,0.8,not_helpful,False,False,False,erp
NET-E-0095,ERPNext sessions timing out too quickly,This is really frustrating. My ERPNext session keeps expiring every 10 minutes forcing me to log in repeatedly.,Network & Connectivity,Low,HR,quick_fix,Go to ERPNext System Settings and increase the session expiry duration. Your system administrator can adjust this in Setup > System Settings > Session Expiry.,1,0.83,not_helpful,False,True,False,erp
NET-E-0096,ERPNext not accessible from branch office,Following up on this issue — our branch office team cannot access ERPNext today. Head office users are fine and branch has internet access.,Network & Connectivity,High,Finance,step_by_step,Step 1: Check if branch can reach the server by pinging its IP. Step 2: Verify VPN or MPLS link between branch and datacenter is active. Step 3: Check firewall rules for the branch IP range. Step 4: Escalate to network team with branch IP details.,4,0.76,satisfied,False,False,False,erp
NET-E-0097,ERPNext sessions timing out too quickly,Urgent - My ERPNext session keeps expiring every 10 minutes forcing me to log in repeatedly.,Network & Connectivity,Low,Finance,quick_fix,Go to ERPNext System Settings and increase the session expiry duration. Your system administrator can adjust this in Setup > System Settings > Session Expiry.,1,0.81,satisfied,False,True,False,erp
NET-E-0098,ERPNext sessions timing out too quickly,Urgent - My ERPNext session keeps expiring every 10 minutes forcing me to log in repeatedly.,Network & Connectivity,Medium,Finance,quick_fix,Go to ERPNext System Settings and increase the session expiry duration. Your system administrator can adjust this in Setup > System Settings > Session Expiry.,1,0.86,satisfied,False,True,False,erp
NET-E-0099,ERPNext not accessible from branch office,Urgent - Our branch office team cannot access ERPNext today. Head office users are fine and branch has internet access.,Network & Connectivity,High,IT,step_by_step,Step 1: Check if branch can reach the server by pinging its IP. Step 2: Verify VPN or MPLS link between branch and datacenter is active. Step 3: Check firewall rules for the branch IP range. Step 4: Escalate to network team with branch IP details.,4,0.7,satisfied,False,False,False,erp
NET-E-0100,ERPNext not accessible from branch office,This is really frustrating. Our branch office team cannot access ERPNext today. Head office users are fine and branch has internet access.,Network & Connectivity,High,Sales,step_by_step,Step 1: Check if branch can reach the server by pinging its IP. Step 2: Verify VPN or MPLS link between branch and datacenter is active. Step 3: Check firewall rules for the branch IP range. Step 4: Escalate to network team with branch IP details.,4,0.69,satisfied,False,False,False,erp
ACC-G-0001,Need access to Finance shared drive,Not sure if this is the right place but i have joined the Finance team and need access to the Finance shared network drive. My manager has approved this.,Account & Access,High,Marketing,step_by_step,Step 1: Your manager raises an access request through the IT portal. Step 2: IT verifies approval and grants access within 4 business hours. Step 3: You will receive a confirmation email once provisioned.,3,0.98,not_helpful,False,True,False,general
ACC-G-0002,Account locked after failed login attempts,"Hi, I have been locked out of my account after entering the wrong password too many times. I need access urgently.",Account & Access,Medium,Finance,quick_fix,Account will automatically unlock after 30 minutes. For immediate access call IT helpdesk on extension 100. Have your employee ID ready for verification.,1,0.96,satisfied,False,True,False,general
ACC-G-0003,What permissions does the IT Admin role have,"Hi, I am a new IT team member and want to understand what access the IT Admin role provides.",Account & Access,Low,HR,information,IT Admin role permissions are documented in the IT Access Control document on the intranet under IT Governance. For system-specific permissions refer to the Access Matrix spreadsheet. Your team lead can walk you through during onboarding.,1,0.8,satisfied,False,False,False,general
ACC-G-0004,New employee laptop and account setup,"Hi, We have a new team member joining on Monday. They need a laptop, company email, and access to our project management tool.",Account & Access,High,HR,step_by_step,Step 1: Submit a new employee onboarding request through HR portal at least 3 days before joining. Step 2: IT will create the email account and configure the laptop. Step 3: Line manager must approve specific system access. Step 4: New employee receives credentials on first day.,4,0.85,satisfied,False,True,False,general
ACC-G-0005,Email account not working after name change,Following up on this issue — i recently got married and my name was updated in HR. My old email address is not working and I have not received a new one.,Account & Access,High,Finance,step_by_step,Step 1: Contact HR to confirm name change is processed. Step 2: IT will create the new email address and set up forwarding from old address. Step 3: New credentials will be provided within one business day of HR confirmation.,3,0.92,not_helpful,False,False,False,general
ACC-G-0006,Account locked after failed login attempts,Urgent - I have been locked out of my account after entering the wrong password too many times. I need access urgently.,Account & Access,High,Operations,quick_fix,Account will automatically unlock after 30 minutes. For immediate access call IT helpdesk on extension 100. Have your employee ID ready for verification.,1,0.94,satisfied,False,True,False,general
ACC-G-0007,What permissions does the IT Admin role have,Following up on this issue — i am a new IT team member and want to understand what access the IT Admin role provides.,Account & Access,Medium,Operations,information,IT Admin role permissions are documented in the IT Access Control document on the intranet under IT Governance. For system-specific permissions refer to the Access Matrix spreadsheet. Your team lead can walk you through during onboarding.,1,0.87,satisfied,False,False,False,general
ACC-G-0008,Two-factor authentication not working on new phone,Following up on this issue — since I got a new phone my authenticator app does not work. I cannot log into any company systems.,Account & Access,High,Marketing,step_by_step,"Step 1: Contact IT helpdesk — they will temporarily disable 2FA on your account. Step 2: Log in, go to security settings, and set up 2FA on new phone. Step 3: Save backup codes in a secure location.",3,0.93,satisfied,False,True,False,general
ACC-G-0009,Two-factor authentication not working on new phone,Quick question — since I got a new phone my authenticator app does not work. I cannot log into any company systems.,Account & Access,High,Marketing,step_by_step,"Step 1: Contact IT helpdesk — they will temporarily disable 2FA on your account. Step 2: Log in, go to security settings, and set up 2FA on new phone. Step 3: Save backup codes in a secure location.",3,0.9,satisfied,False,True,False,general
ACC-G-0010,Password expired and cannot log in,"Hi, My Windows password expired and I cannot log into my computer. I tried changing it but it says the new password does not meet requirements.",Account & Access,High,IT,quick_fix,"Call the IT helpdesk on extension 100 to reset your password. Requirements: minimum 10 characters, uppercase, lowercase, number, and special character, cannot match last 5 passwords.",1,0.96,satisfied,False,True,False,general
ACC-G-0011,New employee laptop and account setup,"This is really frustrating. We have a new team member joining on Monday. They need a laptop, company email, and access to our project management tool.",Account & Access,Medium,Sales,step_by_step,Step 1: Submit a new employee onboarding request through HR portal at least 3 days before joining. Step 2: IT will create the email account and configure the laptop. Step 3: Line manager must approve specific system access. Step 4: New employee receives credentials on first day.,4,0.96,satisfied,False,True,False,general
ACC-G-0012,Account locked after failed login attempts,This is really frustrating. I have been locked out of my account after entering the wrong password too many times. I need access urgently.,Account & Access,Medium,Finance,quick_fix,Account will automatically unlock after 30 minutes. For immediate access call IT helpdesk on extension 100. Have your employee ID ready for verification.,1,0.82,satisfied,False,True,False,general
ACC-G-0013,Password expired and cannot log in,Following up on this issue — my Windows password expired and I cannot log into my computer. I tried changing it but it says the new password does not meet requirements.,Account & Access,High,IT,quick_fix,"Call the IT helpdesk on extension 100 to reset your password. Requirements: minimum 10 characters, uppercase, lowercase, number, and special character, cannot match last 5 passwords.",1,0.91,satisfied,False,True,False,general
ACC-G-0014,What permissions does the IT Admin role have,I am a new IT team member and want to understand what access the IT Admin role provides.,Account & Access,Low,Finance,information,IT Admin role permissions are documented in the IT Access Control document on the intranet under IT Governance. For system-specific permissions refer to the Access Matrix spreadsheet. Your team lead can walk you through during onboarding.,1,0.84,satisfied,False,False,False,general
ACC-G-0015,Two-factor authentication not working on new phone,"Hi team, since I got a new phone my authenticator app does not work. I cannot log into any company systems.",Account & Access,High,Sales,step_by_step,"Step 1: Contact IT helpdesk — they will temporarily disable 2FA on your account. Step 2: Log in, go to security settings, and set up 2FA on new phone. Step 3: Save backup codes in a secure location.",3,0.92,satisfied,False,True,False,general
ACC-G-0016,Account locked after failed login attempts,"Hi team, i have been locked out of my account after entering the wrong password too many times. I need access urgently.",Account & Access,High,Sales,quick_fix,Account will automatically unlock after 30 minutes. For immediate access call IT helpdesk on extension 100. Have your employee ID ready for verification.,1,0.97,satisfied,False,True,False,general
ACC-G-0017,Password expired and cannot log in,"Hello, My Windows password expired and I cannot log into my computer. I tried changing it but it says the new password does not meet requirements. Please help.",Account & Access,High,Sales,quick_fix,"Call the IT helpdesk on extension 100 to reset your password. Requirements: minimum 10 characters, uppercase, lowercase, number, and special character, cannot match last 5 passwords.",1,0.86,satisfied,False,True,False,general
ACC-G-0018,Email account not working after name change,I have been dealing with this for days. I recently got married and my name was updated in HR. My old email address is not working and I have not received a new one.,Account & Access,Medium,Sales,step_by_step,Step 1: Contact HR to confirm name change is processed. Step 2: IT will create the new email address and set up forwarding from old address. Step 3: New credentials will be provided within one business day of HR confirmation.,3,0.86,satisfied,False,False,False,general
ACC-G-0019,Password expired and cannot log in,Not sure if this is the right place but my Windows password expired and I cannot log into my computer. I tried changing it but it says the new password does not meet requirements.,Account & Access,High,IT,quick_fix,"Call the IT helpdesk on extension 100 to reset your password. Requirements: minimum 10 characters, uppercase, lowercase, number, and special character, cannot match last 5 passwords.",1,0.85,satisfied,False,True,False,general
ACC-G-0020,Password expired and cannot log in,Urgent - My Windows password expired and I cannot log into my computer. I tried changing it but it says the new password does not meet requirements.,Account & Access,High,IT,quick_fix,"Call the IT helpdesk on extension 100 to reset your password. Requirements: minimum 10 characters, uppercase, lowercase, number, and special character, cannot match last 5 passwords.",1,0.89,satisfied,False,True,False,general
ACC-G-0021,New employee laptop and account setup,"I have been dealing with this for days. We have a new team member joining on Monday. They need a laptop, company email, and access to our project management tool.",Account & Access,Medium,Operations,step_by_step,Step 1: Submit a new employee onboarding request through HR portal at least 3 days before joining. Step 2: IT will create the email account and configure the laptop. Step 3: Line manager must approve specific system access. Step 4: New employee receives credentials on first day.,4,0.93,satisfied,False,True,False,general
ACC-G-0022,Two-factor authentication not working on new phone,This is really frustrating. Since I got a new phone my authenticator app does not work. I cannot log into any company systems.,Account & Access,High,Finance,step_by_step,"Step 1: Contact IT helpdesk — they will temporarily disable 2FA on your account. Step 2: Log in, go to security settings, and set up 2FA on new phone. Step 3: Save backup codes in a secure location.",3,0.88,satisfied,False,True,False,general
ACC-G-0023,What permissions does the IT Admin role have,Following up on this issue — i am a new IT team member and want to understand what access the IT Admin role provides.,Account & Access,Medium,Operations,information,IT Admin role permissions are documented in the IT Access Control document on the intranet under IT Governance. For system-specific permissions refer to the Access Matrix spreadsheet. Your team lead can walk you through during onboarding.,1,0.89,satisfied,False,False,False,general
ACC-G-0024,Password expired and cannot log in,My Windows password expired and I cannot log into my computer. I tried changing it but it says the new password does not meet requirements.,Account & Access,High,IT,quick_fix,"Call the IT helpdesk on extension 100 to reset your password. Requirements: minimum 10 characters, uppercase, lowercase, number, and special character, cannot match last 5 passwords.",1,0.9,satisfied,False,True,False,general
ACC-G-0025,Cannot access project management tool,Not sure if this is the right place but i cannot log into Jira. It says my account does not exist. I had access last quarter.,Account & Access,Medium,Marketing,step_by_step,Step 1: Check if licence was deactivated due to inactivity. Step 2: Manager raises a licence reactivation request through IT portal. Step 3: IT restores access within 2 business hours.,3,0.88,satisfied,False,True,False,general
ACC-G-0026,Email account not working after name change,Urgent - I recently got married and my name was updated in HR. My old email address is not working and I have not received a new one.,Account & Access,Medium,Finance,step_by_step,Step 1: Contact HR to confirm name change is processed. Step 2: IT will create the new email address and set up forwarding from old address. Step 3: New credentials will be provided within one business day of HR confirmation.,3,0.73,not_helpful,False,False,False,general
ACC-G-0027,Cannot access project management tool,Quick question — i cannot log into Jira. It says my account does not exist. I had access last quarter.,Account & Access,Medium,IT,step_by_step,Step 1: Check if licence was deactivated due to inactivity. Step 2: Manager raises a licence reactivation request through IT portal. Step 3: IT restores access within 2 business hours.,3,0.94,not_helpful,False,True,False,general
ACC-G-0028,What permissions does the IT Admin role have,"Hi, I am a new IT team member and want to understand what access the IT Admin role provides.",Account & Access,Low,IT,information,IT Admin role permissions are documented in the IT Access Control document on the intranet under IT Governance. For system-specific permissions refer to the Access Matrix spreadsheet. Your team lead can walk you through during onboarding.,1,0.81,satisfied,False,False,False,general
ACC-G-0029,Account locked after failed login attempts,"Hello, I have been locked out of my account after entering the wrong password too many times. I need access urgently. Please help.",Account & Access,High,HR,quick_fix,Account will automatically unlock after 30 minutes. For immediate access call IT helpdesk on extension 100. Have your employee ID ready for verification.,1,0.97,satisfied,False,True,False,general
ACC-G-0030,Need access to Finance shared drive,Quick question — i have joined the Finance team and need access to the Finance shared network drive. My manager has approved this.,Account & Access,Medium,IT,step_by_step,Step 1: Your manager raises an access request through the IT portal. Step 2: IT verifies approval and grants access within 4 business hours. Step 3: You will receive a confirmation email once provisioned.,3,0.9,satisfied,False,True,False,general
ACC-G-0031,Password expired and cannot log in,"Hello, My Windows password expired and I cannot log into my computer. I tried changing it but it says the new password does not meet requirements. Please help.",Account & Access,High,Finance,quick_fix,"Call the IT helpdesk on extension 100 to reset your password. Requirements: minimum 10 characters, uppercase, lowercase, number, and special character, cannot match last 5 passwords.",1,0.81,not_helpful,False,True,False,general
ACC-G-0032,New employee laptop and account setup,"This is really frustrating. We have a new team member joining on Monday. They need a laptop, company email, and access to our project management tool.",Account & Access,Medium,Operations,step_by_step,Step 1: Submit a new employee onboarding request through HR portal at least 3 days before joining. Step 2: IT will create the email account and configure the laptop. Step 3: Line manager must approve specific system access. Step 4: New employee receives credentials on first day.,4,0.89,satisfied,False,True,False,general
ACC-G-0033,Password expired and cannot log in,Urgent - My Windows password expired and I cannot log into my computer. I tried changing it but it says the new password does not meet requirements.,Account & Access,High,HR,quick_fix,"Call the IT helpdesk on extension 100 to reset your password. Requirements: minimum 10 characters, uppercase, lowercase, number, and special character, cannot match last 5 passwords.",1,0.95,satisfied,False,True,False,general
ACC-G-0034,Need access to Finance shared drive,"Hi, I have joined the Finance team and need access to the Finance shared network drive. My manager has approved this.",Account & Access,Medium,Finance,step_by_step,Step 1: Your manager raises an access request through the IT portal. Step 2: IT verifies approval and grants access within 4 business hours. Step 3: You will receive a confirmation email once provisioned.,3,0.89,satisfied,False,True,False,general
ACC-G-0035,New employee laptop and account setup,"Urgent - We have a new team member joining on Monday. They need a laptop, company email, and access to our project management tool.",Account & Access,Medium,Operations,step_by_step,Step 1: Submit a new employee onboarding request through HR portal at least 3 days before joining. Step 2: IT will create the email account and configure the laptop. Step 3: Line manager must approve specific system access. Step 4: New employee receives credentials on first day.,4,0.95,satisfied,False,True,False,general
ACC-G-0036,Email account not working after name change,"Hello, I recently got married and my name was updated in HR. My old email address is not working and I have not received a new one. Please help.",Account & Access,Medium,Finance,step_by_step,Step 1: Contact HR to confirm name change is processed. Step 2: IT will create the new email address and set up forwarding from old address. Step 3: New credentials will be provided within one business day of HR confirmation.,3,0.84,satisfied,False,False,False,general
ACC-G-0037,Password expired and cannot log in,Not sure if this is the right place but my Windows password expired and I cannot log into my computer. I tried changing it but it says the new password does not meet requirements.,Account & Access,Critical,Operations,quick_fix,"Call the IT helpdesk on extension 100 to reset your password. Requirements: minimum 10 characters, uppercase, lowercase, number, and special character, cannot match last 5 passwords.",1,0.88,escalated,True,True,False,general
ACC-G-0038,New employee laptop and account setup,"Following up on this issue — we have a new team member joining on Monday. They need a laptop, company email, and access to our project management tool.",Account & Access,Medium,IT,step_by_step,Step 1: Submit a new employee onboarding request through HR portal at least 3 days before joining. Step 2: IT will create the email account and configure the laptop. Step 3: Line manager must approve specific system access. Step 4: New employee receives credentials on first day.,4,0.96,satisfied,False,True,False,general
ACC-G-0039,Password expired and cannot log in,Following up on this issue — my Windows password expired and I cannot log into my computer. I tried changing it but it says the new password does not meet requirements.,Account & Access,High,Sales,quick_fix,"Call the IT helpdesk on extension 100 to reset your password. Requirements: minimum 10 characters, uppercase, lowercase, number, and special character, cannot match last 5 passwords.",1,0.85,satisfied,False,True,False,general
ACC-G-0040,Email account not working after name change,Not sure if this is the right place but i recently got married and my name was updated in HR. My old email address is not working and I have not received a new one.,Account & Access,Medium,Finance,step_by_step,Step 1: Contact HR to confirm name change is processed. Step 2: IT will create the new email address and set up forwarding from old address. Step 3: New credentials will be provided within one business day of HR confirmation.,3,0.92,not_helpful,False,False,False,general
ACC-G-0041,Need access to Finance shared drive,Urgent - I have joined the Finance team and need access to the Finance shared network drive. My manager has approved this.,Account & Access,High,Marketing,step_by_step,Step 1: Your manager raises an access request through the IT portal. Step 2: IT verifies approval and grants access within 4 business hours. Step 3: You will receive a confirmation email once provisioned.,3,0.93,satisfied,False,True,False,general
ACC-G-0042,Account locked after failed login attempts,Urgent - I have been locked out of my account after entering the wrong password too many times. I need access urgently.,Account & Access,High,Sales,quick_fix,Account will automatically unlock after 30 minutes. For immediate access call IT helpdesk on extension 100. Have your employee ID ready for verification.,1,0.97,satisfied,False,True,False,general
ACC-G-0043,Email account not working after name change,"Hi, I recently got married and my name was updated in HR. My old email address is not working and I have not received a new one.",Account & Access,Medium,IT,step_by_step,Step 1: Contact HR to confirm name change is processed. Step 2: IT will create the new email address and set up forwarding from old address. Step 3: New credentials will be provided within one business day of HR confirmation.,3,0.74,satisfied,False,False,False,general
ACC-G-0044,What permissions does the IT Admin role have,"Hi team, i am a new IT team member and want to understand what access the IT Admin role provides.",Account & Access,High,HR,information,IT Admin role permissions are documented in the IT Access Control document on the intranet under IT Governance. For system-specific permissions refer to the Access Matrix spreadsheet. Your team lead can walk you through during onboarding.,1,0.85,not_helpful,False,False,False,general
ACC-G-0045,Cannot access project management tool,I cannot log into Jira. It says my account does not exist. I had access last quarter.,Account & Access,Medium,IT,step_by_step,Step 1: Check if licence was deactivated due to inactivity. Step 2: Manager raises a licence reactivation request through IT portal. Step 3: IT restores access within 2 business hours.,3,0.83,satisfied,False,True,False,general
ACC-G-0046,Password expired and cannot log in,Not sure if this is the right place but my Windows password expired and I cannot log into my computer. I tried changing it but it says the new password does not meet requirements.,Account & Access,Medium,Sales,quick_fix,"Call the IT helpdesk on extension 100 to reset your password. Requirements: minimum 10 characters, uppercase, lowercase, number, and special character, cannot match last 5 passwords.",1,0.93,satisfied,False,True,False,general
ACC-G-0047,What permissions does the IT Admin role have,"Hi team, i am a new IT team member and want to understand what access the IT Admin role provides.",Account & Access,Medium,Marketing,information,IT Admin role permissions are documented in the IT Access Control document on the intranet under IT Governance. For system-specific permissions refer to the Access Matrix spreadsheet. Your team lead can walk you through during onboarding.,1,0.82,satisfied,False,False,False,general
ACC-G-0048,Need access to Finance shared drive,"Hi team, i have joined the Finance team and need access to the Finance shared network drive. My manager has approved this.",Account & Access,Medium,HR,step_by_step,Step 1: Your manager raises an access request through the IT portal. Step 2: IT verifies approval and grants access within 4 business hours. Step 3: You will receive a confirmation email once provisioned.,3,0.93,satisfied,False,True,False,general
ACC-G-0049,New employee laptop and account setup,"Hello, We have a new team member joining on Monday. They need a laptop, company email, and access to our project management tool. Please help.",Account & Access,High,Finance,step_by_step,Step 1: Submit a new employee onboarding request through HR portal at least 3 days before joining. Step 2: IT will create the email account and configure the laptop. Step 3: Line manager must approve specific system access. Step 4: New employee receives credentials on first day.,4,0.88,satisfied,False,True,False,general
ACC-G-0050,Need access to Finance shared drive,"Hi team, i have joined the Finance team and need access to the Finance shared network drive. My manager has approved this.",Account & Access,High,Operations,step_by_step,Step 1: Your manager raises an access request through the IT portal. Step 2: IT verifies approval and grants access within 4 business hours. Step 3: You will receive a confirmation email once provisioned.,3,0.91,satisfied,False,True,False,general
ACC-G-0051,What permissions does the IT Admin role have,"Hello, I am a new IT team member and want to understand what access the IT Admin role provides. Please help.",Account & Access,Low,Finance,information,IT Admin role permissions are documented in the IT Access Control document on the intranet under IT Governance. For system-specific permissions refer to the Access Matrix spreadsheet. Your team lead can walk you through during onboarding.,1,0.88,satisfied,False,False,False,general
ACC-G-0052,Two-factor authentication not working on new phone,I have been dealing with this for days. Since I got a new phone my authenticator app does not work. I cannot log into any company systems.,Account & Access,High,Finance,step_by_step,"Step 1: Contact IT helpdesk — they will temporarily disable 2FA on your account. Step 2: Log in, go to security settings, and set up 2FA on new phone. Step 3: Save backup codes in a secure location.",3,0.84,satisfied,False,True,False,general
ACC-G-0053,Two-factor authentication not working on new phone,"Hi team, since I got a new phone my authenticator app does not work. I cannot log into any company systems.",Account & Access,High,IT,step_by_step,"Step 1: Contact IT helpdesk — they will temporarily disable 2FA on your account. Step 2: Log in, go to security settings, and set up 2FA on new phone. Step 3: Save backup codes in a secure location.",3,0.95,satisfied,False,True,False,general
ACC-G-0054,Email account not working after name change,Not sure if this is the right place but i recently got married and my name was updated in HR. My old email address is not working and I have not received a new one.,Account & Access,Medium,Finance,step_by_step,Step 1: Contact HR to confirm name change is processed. Step 2: IT will create the new email address and set up forwarding from old address. Step 3: New credentials will be provided within one business day of HR confirmation.,3,0.86,satisfied,False,False,False,general
ACC-G-0055,New employee laptop and account setup,"Not sure if this is the right place but we have a new team member joining on Monday. They need a laptop, company email, and access to our project management tool.",Account & Access,Medium,HR,step_by_step,Step 1: Submit a new employee onboarding request through HR portal at least 3 days before joining. Step 2: IT will create the email account and configure the laptop. Step 3: Line manager must approve specific system access. Step 4: New employee receives credentials on first day.,4,0.84,satisfied,False,True,False,general
ACC-G-0056,Password expired and cannot log in,"Hi, My Windows password expired and I cannot log into my computer. I tried changing it but it says the new password does not meet requirements.",Account & Access,High,HR,quick_fix,"Call the IT helpdesk on extension 100 to reset your password. Requirements: minimum 10 characters, uppercase, lowercase, number, and special character, cannot match last 5 passwords.",1,0.83,satisfied,False,True,False,general
ACC-G-0057,Need access to Finance shared drive,This is really frustrating. I have joined the Finance team and need access to the Finance shared network drive. My manager has approved this.,Account & Access,High,Sales,step_by_step,Step 1: Your manager raises an access request through the IT portal. Step 2: IT verifies approval and grants access within 4 business hours. Step 3: You will receive a confirmation email once provisioned.,3,0.81,satisfied,False,True,False,general
ACC-G-0058,New employee laptop and account setup,"Not sure if this is the right place but we have a new team member joining on Monday. They need a laptop, company email, and access to our project management tool.",Account & Access,Medium,HR,step_by_step,Step 1: Submit a new employee onboarding request through HR portal at least 3 days before joining. Step 2: IT will create the email account and configure the laptop. Step 3: Line manager must approve specific system access. Step 4: New employee receives credentials on first day.,4,0.97,satisfied,False,True,False,general
ACC-G-0059,New employee laptop and account setup,"Not sure if this is the right place but we have a new team member joining on Monday. They need a laptop, company email, and access to our project management tool.",Account & Access,Medium,Marketing,step_by_step,Step 1: Submit a new employee onboarding request through HR portal at least 3 days before joining. Step 2: IT will create the email account and configure the laptop. Step 3: Line manager must approve specific system access. Step 4: New employee receives credentials on first day.,4,0.86,satisfied,False,True,False,general
ACC-G-0060,Cannot access project management tool,"Hello, I cannot log into Jira. It says my account does not exist. I had access last quarter. Please help.",Account & Access,Low,Marketing,step_by_step,Step 1: Check if licence was deactivated due to inactivity. Step 2: Manager raises a licence reactivation request through IT portal. Step 3: IT restores access within 2 business hours.,3,0.84,satisfied,False,True,False,general
ACC-G-0061,Cannot access project management tool,Quick question — i cannot log into Jira. It says my account does not exist. I had access last quarter.,Account & Access,Low,IT,step_by_step,Step 1: Check if licence was deactivated due to inactivity. Step 2: Manager raises a licence reactivation request through IT portal. Step 3: IT restores access within 2 business hours.,3,0.96,satisfied,False,True,False,general
ACC-G-0062,Account locked after failed login attempts,Quick question — i have been locked out of my account after entering the wrong password too many times. I need access urgently.,Account & Access,High,Finance,quick_fix,Account will automatically unlock after 30 minutes. For immediate access call IT helpdesk on extension 100. Have your employee ID ready for verification.,1,0.94,not_helpful,False,True,False,general
ACC-G-0063,Email account not working after name change,Not sure if this is the right place but i recently got married and my name was updated in HR. My old email address is not working and I have not received a new one.,Account & Access,Critical,Marketing,step_by_step,Step 1: Contact HR to confirm name change is processed. Step 2: IT will create the new email address and set up forwarding from old address. Step 3: New credentials will be provided within one business day of HR confirmation.,3,0.86,escalated,True,False,False,general
ACC-G-0064,Need access to Finance shared drive,This is really frustrating. I have joined the Finance team and need access to the Finance shared network drive. My manager has approved this.,Account & Access,Medium,Marketing,step_by_step,Step 1: Your manager raises an access request through the IT portal. Step 2: IT verifies approval and grants access within 4 business hours. Step 3: You will receive a confirmation email once provisioned.,3,0.91,satisfied,False,True,False,general
ACC-G-0065,Two-factor authentication not working on new phone,Following up on this issue — since I got a new phone my authenticator app does not work. I cannot log into any company systems.,Account & Access,Medium,IT,step_by_step,"Step 1: Contact IT helpdesk — they will temporarily disable 2FA on your account. Step 2: Log in, go to security settings, and set up 2FA on new phone. Step 3: Save backup codes in a secure location.",3,0.8,not_helpful,False,True,False,general
ACC-G-0066,New employee laptop and account setup,"We have a new team member joining on Monday. They need a laptop, company email, and access to our project management tool.",Account & Access,Medium,Operations,step_by_step,Step 1: Submit a new employee onboarding request through HR portal at least 3 days before joining. Step 2: IT will create the email account and configure the laptop. Step 3: Line manager must approve specific system access. Step 4: New employee receives credentials on first day.,4,0.93,satisfied,False,True,False,general
ACC-G-0067,Account locked after failed login attempts,Quick question — i have been locked out of my account after entering the wrong password too many times. I need access urgently.,Account & Access,High,HR,quick_fix,Account will automatically unlock after 30 minutes. For immediate access call IT helpdesk on extension 100. Have your employee ID ready for verification.,1,0.93,satisfied,False,True,False,general
ACC-G-0068,Password expired and cannot log in,Not sure if this is the right place but my Windows password expired and I cannot log into my computer. I tried changing it but it says the new password does not meet requirements.,Account & Access,Medium,Finance,quick_fix,"Call the IT helpdesk on extension 100 to reset your password. Requirements: minimum 10 characters, uppercase, lowercase, number, and special character, cannot match last 5 passwords.",1,0.89,satisfied,False,True,False,general
ACC-G-0069,Password expired and cannot log in,Following up on this issue — my Windows password expired and I cannot log into my computer. I tried changing it but it says the new password does not meet requirements.,Account & Access,High,Marketing,quick_fix,"Call the IT helpdesk on extension 100 to reset your password. Requirements: minimum 10 characters, uppercase, lowercase, number, and special character, cannot match last 5 passwords.",1,0.93,not_helpful,False,True,False,general
ACC-G-0070,Cannot access project management tool,I cannot log into Jira. It says my account does not exist. I had access last quarter.,Account & Access,Medium,Operations,step_by_step,Step 1: Check if licence was deactivated due to inactivity. Step 2: Manager raises a licence reactivation request through IT portal. Step 3: IT restores access within 2 business hours.,3,0.86,satisfied,False,True,False,general
ACC-G-0071,What permissions does the IT Admin role have,This is really frustrating. I am a new IT team member and want to understand what access the IT Admin role provides.,Account & Access,Low,Sales,information,IT Admin role permissions are documented in the IT Access Control document on the intranet under IT Governance. For system-specific permissions refer to the Access Matrix spreadsheet. Your team lead can walk you through during onboarding.,1,0.79,satisfied,False,False,False,general
ACC-G-0072,New employee laptop and account setup,"Hi, We have a new team member joining on Monday. They need a laptop, company email, and access to our project management tool.",Account & Access,Medium,Marketing,step_by_step,Step 1: Submit a new employee onboarding request through HR portal at least 3 days before joining. Step 2: IT will create the email account and configure the laptop. Step 3: Line manager must approve specific system access. Step 4: New employee receives credentials on first day.,4,0.81,not_helpful,False,True,False,general
ACC-G-0073,New employee laptop and account setup,"Following up on this issue — we have a new team member joining on Monday. They need a laptop, company email, and access to our project management tool.",Account & Access,Medium,Marketing,step_by_step,Step 1: Submit a new employee onboarding request through HR portal at least 3 days before joining. Step 2: IT will create the email account and configure the laptop. Step 3: Line manager must approve specific system access. Step 4: New employee receives credentials on first day.,4,0.87,satisfied,False,True,False,general
ACC-G-0074,Password expired and cannot log in,My Windows password expired and I cannot log into my computer. I tried changing it but it says the new password does not meet requirements.,Account & Access,Medium,Marketing,quick_fix,"Call the IT helpdesk on extension 100 to reset your password. Requirements: minimum 10 characters, uppercase, lowercase, number, and special character, cannot match last 5 passwords.",1,0.89,not_helpful,False,True,False,general
ACC-G-0075,Need access to Finance shared drive,I have been dealing with this for days. I have joined the Finance team and need access to the Finance shared network drive. My manager has approved this.,Account & Access,High,Finance,step_by_step,Step 1: Your manager raises an access request through the IT portal. Step 2: IT verifies approval and grants access within 4 business hours. Step 3: You will receive a confirmation email once provisioned.,3,0.82,satisfied,False,True,False,general
ACC-G-0076,New employee laptop and account setup,"Urgent - We have a new team member joining on Monday. They need a laptop, company email, and access to our project management tool.",Account & Access,Medium,Marketing,step_by_step,Step 1: Submit a new employee onboarding request through HR portal at least 3 days before joining. Step 2: IT will create the email account and configure the laptop. Step 3: Line manager must approve specific system access. Step 4: New employee receives credentials on first day.,4,0.88,satisfied,False,True,False,general
ACC-G-0077,New employee laptop and account setup,"Hello, We have a new team member joining on Monday. They need a laptop, company email, and access to our project management tool. Please help.",Account & Access,Medium,Operations,step_by_step,Step 1: Submit a new employee onboarding request through HR portal at least 3 days before joining. Step 2: IT will create the email account and configure the laptop. Step 3: Line manager must approve specific system access. Step 4: New employee receives credentials on first day.,4,0.83,satisfied,False,True,False,general
ACC-G-0078,Two-factor authentication not working on new phone,Following up on this issue — since I got a new phone my authenticator app does not work. I cannot log into any company systems.,Account & Access,Critical,HR,step_by_step,"Step 1: Contact IT helpdesk — they will temporarily disable 2FA on your account. Step 2: Log in, go to security settings, and set up 2FA on new phone. Step 3: Save backup codes in a secure location.",3,0.84,escalated,True,True,False,general
ACC-G-0079,Cannot access project management tool,I have been dealing with this for days. I cannot log into Jira. It says my account does not exist. I had access last quarter.,Account & Access,Medium,Operations,step_by_step,Step 1: Check if licence was deactivated due to inactivity. Step 2: Manager raises a licence reactivation request through IT portal. Step 3: IT restores access within 2 business hours.,3,0.83,satisfied,False,True,False,general
ACC-G-0080,What permissions does the IT Admin role have,I am a new IT team member and want to understand what access the IT Admin role provides.,Account & Access,Medium,IT,information,IT Admin role permissions are documented in the IT Access Control document on the intranet under IT Governance. For system-specific permissions refer to the Access Matrix spreadsheet. Your team lead can walk you through during onboarding.,1,0.92,not_helpful,False,False,False,general
ACC-G-0081,What permissions does the IT Admin role have,Quick question — i am a new IT team member and want to understand what access the IT Admin role provides.,Account & Access,Medium,Operations,information,IT Admin role permissions are documented in the IT Access Control document on the intranet under IT Governance. For system-specific permissions refer to the Access Matrix spreadsheet. Your team lead can walk you through during onboarding.,1,0.9,not_helpful,False,False,False,general
ACC-G-0082,Need access to Finance shared drive,"Hello, I have joined the Finance team and need access to the Finance shared network drive. My manager has approved this. Please help.",Account & Access,Medium,IT,step_by_step,Step 1: Your manager raises an access request through the IT portal. Step 2: IT verifies approval and grants access within 4 business hours. Step 3: You will receive a confirmation email once provisioned.,3,0.83,satisfied,False,True,False,general
ACC-G-0083,Email account not working after name change,Urgent - I recently got married and my name was updated in HR. My old email address is not working and I have not received a new one.,Account & Access,Medium,Marketing,step_by_step,Step 1: Contact HR to confirm name change is processed. Step 2: IT will create the new email address and set up forwarding from old address. Step 3: New credentials will be provided within one business day of HR confirmation.,3,0.87,satisfied,False,False,False,general
ACC-G-0084,Two-factor authentication not working on new phone,I have been dealing with this for days. Since I got a new phone my authenticator app does not work. I cannot log into any company systems.,Account & Access,High,Marketing,step_by_step,"Step 1: Contact IT helpdesk — they will temporarily disable 2FA on your account. Step 2: Log in, go to security settings, and set up 2FA on new phone. Step 3: Save backup codes in a secure location.",3,0.96,satisfied,False,True,False,general
ACC-G-0085,Cannot access project management tool,This is really frustrating. I cannot log into Jira. It says my account does not exist. I had access last quarter.,Account & Access,Medium,IT,step_by_step,Step 1: Check if licence was deactivated due to inactivity. Step 2: Manager raises a licence reactivation request through IT portal. Step 3: IT restores access within 2 business hours.,3,0.97,not_helpful,False,True,False,general
ACC-G-0086,Two-factor authentication not working on new phone,Since I got a new phone my authenticator app does not work. I cannot log into any company systems.,Account & Access,High,HR,step_by_step,"Step 1: Contact IT helpdesk — they will temporarily disable 2FA on your account. Step 2: Log in, go to security settings, and set up 2FA on new phone. Step 3: Save backup codes in a secure location.",3,0.98,satisfied,False,True,False,general
ACC-G-0087,What permissions does the IT Admin role have,"Hello, I am a new IT team member and want to understand what access the IT Admin role provides. Please help.",Account & Access,Medium,Marketing,information,IT Admin role permissions are documented in the IT Access Control document on the intranet under IT Governance. For system-specific permissions refer to the Access Matrix spreadsheet. Your team lead can walk you through during onboarding.,1,0.76,not_helpful,False,False,False,general
ACC-G-0088,Cannot access project management tool,I cannot log into Jira. It says my account does not exist. I had access last quarter.,Account & Access,Medium,Marketing,step_by_step,Step 1: Check if licence was deactivated due to inactivity. Step 2: Manager raises a licence reactivation request through IT portal. Step 3: IT restores access within 2 business hours.,3,0.89,satisfied,False,True,False,general
ACC-G-0089,What permissions does the IT Admin role have,I am a new IT team member and want to understand what access the IT Admin role provides.,Account & Access,Medium,Sales,information,IT Admin role permissions are documented in the IT Access Control document on the intranet under IT Governance. For system-specific permissions refer to the Access Matrix spreadsheet. Your team lead can walk you through during onboarding.,1,0.9,satisfied,False,False,False,general
ACC-G-0090,Password expired and cannot log in,Following up on this issue — my Windows password expired and I cannot log into my computer. I tried changing it but it says the new password does not meet requirements.,Account & Access,High,Marketing,quick_fix,"Call the IT helpdesk on extension 100 to reset your password. Requirements: minimum 10 characters, uppercase, lowercase, number, and special character, cannot match last 5 passwords.",1,0.92,satisfied,False,True,False,general
ACC-G-0091,Need access to Finance shared drive,Urgent - I have joined the Finance team and need access to the Finance shared network drive. My manager has approved this.,Account & Access,Medium,HR,step_by_step,Step 1: Your manager raises an access request through the IT portal. Step 2: IT verifies approval and grants access within 4 business hours. Step 3: You will receive a confirmation email once provisioned.,3,0.91,not_helpful,False,True,False,general
ACC-G-0092,Account locked after failed login attempts,Not sure if this is the right place but i have been locked out of my account after entering the wrong password too many times. I need access urgently.,Account & Access,High,Marketing,quick_fix,Account will automatically unlock after 30 minutes. For immediate access call IT helpdesk on extension 100. Have your employee ID ready for verification.,1,0.92,not_helpful,False,True,False,general
ACC-G-0093,Account locked after failed login attempts,Not sure if this is the right place but i have been locked out of my account after entering the wrong password too many times. I need access urgently.,Account & Access,High,Sales,quick_fix,Account will automatically unlock after 30 minutes. For immediate access call IT helpdesk on extension 100. Have your employee ID ready for verification.,1,0.83,satisfied,False,True,False,general
ACC-G-0094,Email account not working after name change,Quick question — i recently got married and my name was updated in HR. My old email address is not working and I have not received a new one.,Account & Access,Medium,Sales,step_by_step,Step 1: Contact HR to confirm name change is processed. Step 2: IT will create the new email address and set up forwarding from old address. Step 3: New credentials will be provided within one business day of HR confirmation.,3,0.85,not_helpful,False,False,False,general
ACC-G-0095,What permissions does the IT Admin role have,"Hi team, i am a new IT team member and want to understand what access the IT Admin role provides.",Account & Access,Medium,Marketing,information,IT Admin role permissions are documented in the IT Access Control document on the intranet under IT Governance. For system-specific permissions refer to the Access Matrix spreadsheet. Your team lead can walk you through during onboarding.,1,0.94,not_helpful,False,False,False,general
ACC-G-0096,Cannot access project management tool,Not sure if this is the right place but i cannot log into Jira. It says my account does not exist. I had access last quarter.,Account & Access,High,Marketing,step_by_step,Step 1: Check if licence was deactivated due to inactivity. Step 2: Manager raises a licence reactivation request through IT portal. Step 3: IT restores access within 2 business hours.,3,0.85,satisfied,False,True,False,general
ACC-G-0097,Email account not working after name change,"Hi team, i recently got married and my name was updated in HR. My old email address is not working and I have not received a new one.",Account & Access,Low,HR,step_by_step,Step 1: Contact HR to confirm name change is processed. Step 2: IT will create the new email address and set up forwarding from old address. Step 3: New credentials will be provided within one business day of HR confirmation.,3,0.76,satisfied,False,False,False,general
ACC-G-0098,What permissions does the IT Admin role have,Urgent - I am a new IT team member and want to understand what access the IT Admin role provides.,Account & Access,Low,Finance,information,IT Admin role permissions are documented in the IT Access Control document on the intranet under IT Governance. For system-specific permissions refer to the Access Matrix spreadsheet. Your team lead can walk you through during onboarding.,1,0.88,satisfied,False,False,False,general
ACC-G-0099,Cannot access project management tool,I have been dealing with this for days. I cannot log into Jira. It says my account does not exist. I had access last quarter.,Account & Access,Medium,HR,step_by_step,Step 1: Check if licence was deactivated due to inactivity. Step 2: Manager raises a licence reactivation request through IT portal. Step 3: IT restores access within 2 business hours.,3,0.82,satisfied,False,True,False,general
ACC-G-0100,Two-factor authentication not working on new phone,Urgent - Since I got a new phone my authenticator app does not work. I cannot log into any company systems.,Account & Access,High,Finance,step_by_step,"Step 1: Contact IT helpdesk — they will temporarily disable 2FA on your account. Step 2: Log in, go to security settings, and set up 2FA on new phone. Step 3: Save backup codes in a secure location.",3,0.84,satisfied,False,True,False,general
ACC-G-0101,Email account not working after name change,Following up on this issue — i recently got married and my name was updated in HR. My old email address is not working and I have not received a new one.,Account & Access,Critical,Marketing,step_by_step,Step 1: Contact HR to confirm name change is processed. Step 2: IT will create the new email address and set up forwarding from old address. Step 3: New credentials will be provided within one business day of HR confirmation.,3,0.93,escalated,True,False,False,general
ACC-G-0102,Account locked after failed login attempts,"Hello, I have been locked out of my account after entering the wrong password too many times. I need access urgently. Please help.",Account & Access,Critical,HR,quick_fix,Account will automatically unlock after 30 minutes. For immediate access call IT helpdesk on extension 100. Have your employee ID ready for verification.,1,0.83,escalated,True,True,False,general
ACC-G-0103,What permissions does the IT Admin role have,"Hi, I am a new IT team member and want to understand what access the IT Admin role provides.",Account & Access,Low,IT,information,IT Admin role permissions are documented in the IT Access Control document on the intranet under IT Governance. For system-specific permissions refer to the Access Matrix spreadsheet. Your team lead can walk you through during onboarding.,1,0.74,satisfied,False,False,False,general
ACC-G-0104,Two-factor authentication not working on new phone,Since I got a new phone my authenticator app does not work. I cannot log into any company systems.,Account & Access,High,Marketing,step_by_step,"Step 1: Contact IT helpdesk — they will temporarily disable 2FA on your account. Step 2: Log in, go to security settings, and set up 2FA on new phone. Step 3: Save backup codes in a secure location.",3,0.82,satisfied,False,True,False,general
ACC-G-0105,Password expired and cannot log in,Quick question — my Windows password expired and I cannot log into my computer. I tried changing it but it says the new password does not meet requirements.,Account & Access,Medium,Operations,quick_fix,"Call the IT helpdesk on extension 100 to reset your password. Requirements: minimum 10 characters, uppercase, lowercase, number, and special character, cannot match last 5 passwords.",1,0.89,satisfied,False,True,False,general
ACC-G-0106,Email account not working after name change,Not sure if this is the right place but i recently got married and my name was updated in HR. My old email address is not working and I have not received a new one.,Account & Access,High,Sales,step_by_step,Step 1: Contact HR to confirm name change is processed. Step 2: IT will create the new email address and set up forwarding from old address. Step 3: New credentials will be provided within one business day of HR confirmation.,3,0.83,satisfied,False,False,False,general
ACC-G-0107,Cannot access project management tool,"Hi, I cannot log into Jira. It says my account does not exist. I had access last quarter.",Account & Access,Medium,Sales,step_by_step,Step 1: Check if licence was deactivated due to inactivity. Step 2: Manager raises a licence reactivation request through IT portal. Step 3: IT restores access within 2 business hours.,3,0.86,satisfied,False,True,False,general
ACC-G-0108,What permissions does the IT Admin role have,This is really frustrating. I am a new IT team member and want to understand what access the IT Admin role provides.,Account & Access,Low,HR,information,IT Admin role permissions are documented in the IT Access Control document on the intranet under IT Governance. For system-specific permissions refer to the Access Matrix spreadsheet. Your team lead can walk you through during onboarding.,1,0.73,satisfied,False,False,False,general
ACC-G-0109,Password expired and cannot log in,Urgent - My Windows password expired and I cannot log into my computer. I tried changing it but it says the new password does not meet requirements.,Account & Access,High,HR,quick_fix,"Call the IT helpdesk on extension 100 to reset your password. Requirements: minimum 10 characters, uppercase, lowercase, number, and special character, cannot match last 5 passwords.",1,0.93,satisfied,False,True,False,general
ACC-G-0110,Account locked after failed login attempts,"Hi, I have been locked out of my account after entering the wrong password too many times. I need access urgently.",Account & Access,Critical,Sales,quick_fix,Account will automatically unlock after 30 minutes. For immediate access call IT helpdesk on extension 100. Have your employee ID ready for verification.,1,0.85,escalated,True,True,False,general
ACC-G-0111,Two-factor authentication not working on new phone,Not sure if this is the right place but since I got a new phone my authenticator app does not work. I cannot log into any company systems.,Account & Access,High,Marketing,step_by_step,"Step 1: Contact IT helpdesk — they will temporarily disable 2FA on your account. Step 2: Log in, go to security settings, and set up 2FA on new phone. Step 3: Save backup codes in a secure location.",3,0.92,satisfied,False,True,False,general
ACC-G-0112,New employee laptop and account setup,"This is really frustrating. We have a new team member joining on Monday. They need a laptop, company email, and access to our project management tool.",Account & Access,Low,HR,step_by_step,Step 1: Submit a new employee onboarding request through HR portal at least 3 days before joining. Step 2: IT will create the email account and configure the laptop. Step 3: Line manager must approve specific system access. Step 4: New employee receives credentials on first day.,4,0.91,not_helpful,False,True,False,general
ACC-G-0113,Cannot access project management tool,Following up on this issue — i cannot log into Jira. It says my account does not exist. I had access last quarter.,Account & Access,High,Finance,step_by_step,Step 1: Check if licence was deactivated due to inactivity. Step 2: Manager raises a licence reactivation request through IT portal. Step 3: IT restores access within 2 business hours.,3,0.97,satisfied,False,True,False,general
ACC-G-0114,Two-factor authentication not working on new phone,Not sure if this is the right place but since I got a new phone my authenticator app does not work. I cannot log into any company systems.,Account & Access,High,IT,step_by_step,"Step 1: Contact IT helpdesk — they will temporarily disable 2FA on your account. Step 2: Log in, go to security settings, and set up 2FA on new phone. Step 3: Save backup codes in a secure location.",3,0.91,satisfied,False,True,False,general
ACC-G-0115,Account locked after failed login attempts,Urgent - I have been locked out of my account after entering the wrong password too many times. I need access urgently.,Account & Access,High,Operations,quick_fix,Account will automatically unlock after 30 minutes. For immediate access call IT helpdesk on extension 100. Have your employee ID ready for verification.,1,0.85,satisfied,False,True,False,general
ACC-G-0116,Password expired and cannot log in,I have been dealing with this for days. My Windows password expired and I cannot log into my computer. I tried changing it but it says the new password does not meet requirements.,Account & Access,Medium,IT,quick_fix,"Call the IT helpdesk on extension 100 to reset your password. Requirements: minimum 10 characters, uppercase, lowercase, number, and special character, cannot match last 5 passwords.",1,0.94,satisfied,False,True,False,general
ACC-G-0117,Need access to Finance shared drive,I have been dealing with this for days. I have joined the Finance team and need access to the Finance shared network drive. My manager has approved this.,Account & Access,High,Finance,step_by_step,Step 1: Your manager raises an access request through the IT portal. Step 2: IT verifies approval and grants access within 4 business hours. Step 3: You will receive a confirmation email once provisioned.,3,0.97,satisfied,False,True,False,general
ACC-G-0118,New employee laptop and account setup,"Hi team, we have a new team member joining on Monday. They need a laptop, company email, and access to our project management tool.",Account & Access,Medium,HR,step_by_step,Step 1: Submit a new employee onboarding request through HR portal at least 3 days before joining. Step 2: IT will create the email account and configure the laptop. Step 3: Line manager must approve specific system access. Step 4: New employee receives credentials on first day.,4,0.94,satisfied,False,True,False,general
ACC-G-0119,What permissions does the IT Admin role have,This is really frustrating. I am a new IT team member and want to understand what access the IT Admin role provides.,Account & Access,High,IT,information,IT Admin role permissions are documented in the IT Access Control document on the intranet under IT Governance. For system-specific permissions refer to the Access Matrix spreadsheet. Your team lead can walk you through during onboarding.,1,0.73,not_helpful,False,False,False,general
ACC-G-0120,Email account not working after name change,"Hi team, i recently got married and my name was updated in HR. My old email address is not working and I have not received a new one.",Account & Access,Medium,Marketing,step_by_step,Step 1: Contact HR to confirm name change is processed. Step 2: IT will create the new email address and set up forwarding from old address. Step 3: New credentials will be provided within one business day of HR confirmation.,3,0.78,satisfied,False,False,False,general
ACC-G-0121,Need access to Finance shared drive,This is really frustrating. I have joined the Finance team and need access to the Finance shared network drive. My manager has approved this.,Account & Access,High,Finance,step_by_step,Step 1: Your manager raises an access request through the IT portal. Step 2: IT verifies approval and grants access within 4 business hours. Step 3: You will receive a confirmation email once provisioned.,3,0.91,satisfied,False,True,False,general
ACC-G-0122,Account locked after failed login attempts,Not sure if this is the right place but i have been locked out of my account after entering the wrong password too many times. I need access urgently.,Account & Access,High,Marketing,quick_fix,Account will automatically unlock after 30 minutes. For immediate access call IT helpdesk on extension 100. Have your employee ID ready for verification.,1,0.87,satisfied,False,True,False,general
ACC-G-0123,What permissions does the IT Admin role have,"Hi team, i am a new IT team member and want to understand what access the IT Admin role provides.",Account & Access,Medium,HR,information,IT Admin role permissions are documented in the IT Access Control document on the intranet under IT Governance. For system-specific permissions refer to the Access Matrix spreadsheet. Your team lead can walk you through during onboarding.,1,0.77,satisfied,False,False,False,general
ACC-G-0124,Account locked after failed login attempts,"Hi team, i have been locked out of my account after entering the wrong password too many times. I need access urgently.",Account & Access,High,Operations,quick_fix,Account will automatically unlock after 30 minutes. For immediate access call IT helpdesk on extension 100. Have your employee ID ready for verification.,1,0.91,satisfied,False,True,False,general
ACC-G-0125,Cannot access project management tool,I cannot log into Jira. It says my account does not exist. I had access last quarter.,Account & Access,Medium,Sales,step_by_step,Step 1: Check if licence was deactivated due to inactivity. Step 2: Manager raises a licence reactivation request through IT portal. Step 3: IT restores access within 2 business hours.,3,0.86,satisfied,False,True,False,general
ACC-G-0126,Password expired and cannot log in,Not sure if this is the right place but my Windows password expired and I cannot log into my computer. I tried changing it but it says the new password does not meet requirements.,Account & Access,High,Sales,quick_fix,"Call the IT helpdesk on extension 100 to reset your password. Requirements: minimum 10 characters, uppercase, lowercase, number, and special character, cannot match last 5 passwords.",1,0.83,satisfied,False,True,False,general
ACC-G-0127,Cannot access project management tool,Quick question — i cannot log into Jira. It says my account does not exist. I had access last quarter.,Account & Access,High,Operations,step_by_step,Step 1: Check if licence was deactivated due to inactivity. Step 2: Manager raises a licence reactivation request through IT portal. Step 3: IT restores access within 2 business hours.,3,0.97,satisfied,False,True,False,general
ACC-G-0128,New employee laptop and account setup,"This is really frustrating. We have a new team member joining on Monday. They need a laptop, company email, and access to our project management tool.",Account & Access,Medium,Finance,step_by_step,Step 1: Submit a new employee onboarding request through HR portal at least 3 days before joining. Step 2: IT will create the email account and configure the laptop. Step 3: Line manager must approve specific system access. Step 4: New employee receives credentials on first day.,4,0.8,not_helpful,False,True,False,general
ACC-G-0129,Email account not working after name change,Quick question — i recently got married and my name was updated in HR. My old email address is not working and I have not received a new one.,Account & Access,High,Sales,step_by_step,Step 1: Contact HR to confirm name change is processed. Step 2: IT will create the new email address and set up forwarding from old address. Step 3: New credentials will be provided within one business day of HR confirmation.,3,0.84,satisfied,False,False,False,general
ACC-G-0130,Need access to Finance shared drive,I have joined the Finance team and need access to the Finance shared network drive. My manager has approved this.,Account & Access,High,Operations,step_by_step,Step 1: Your manager raises an access request through the IT portal. Step 2: IT verifies approval and grants access within 4 business hours. Step 3: You will receive a confirmation email once provisioned.,3,0.95,satisfied,False,True,False,general
ACC-G-0131,Cannot access project management tool,Quick question — i cannot log into Jira. It says my account does not exist. I had access last quarter.,Account & Access,Medium,IT,step_by_step,Step 1: Check if licence was deactivated due to inactivity. Step 2: Manager raises a licence reactivation request through IT portal. Step 3: IT restores access within 2 business hours.,3,0.98,satisfied,False,True,False,general
ACC-G-0132,New employee laptop and account setup,"This is really frustrating. We have a new team member joining on Monday. They need a laptop, company email, and access to our project management tool.",Account & Access,Medium,Finance,step_by_step,Step 1: Submit a new employee onboarding request through HR portal at least 3 days before joining. Step 2: IT will create the email account and configure the laptop. Step 3: Line manager must approve specific system access. Step 4: New employee receives credentials on first day.,4,0.93,satisfied,False,True,False,general
ACC-G-0133,New employee laptop and account setup,"We have a new team member joining on Monday. They need a laptop, company email, and access to our project management tool.",Account & Access,High,Finance,step_by_step,Step 1: Submit a new employee onboarding request through HR portal at least 3 days before joining. Step 2: IT will create the email account and configure the laptop. Step 3: Line manager must approve specific system access. Step 4: New employee receives credentials on first day.,4,0.97,satisfied,False,True,False,general
ACC-G-0134,Two-factor authentication not working on new phone,Urgent - Since I got a new phone my authenticator app does not work. I cannot log into any company systems.,Account & Access,High,HR,step_by_step,"Step 1: Contact IT helpdesk — they will temporarily disable 2FA on your account. Step 2: Log in, go to security settings, and set up 2FA on new phone. Step 3: Save backup codes in a secure location.",3,0.85,satisfied,False,True,False,general
ACC-G-0135,What permissions does the IT Admin role have,Not sure if this is the right place but i am a new IT team member and want to understand what access the IT Admin role provides.,Account & Access,Low,IT,information,IT Admin role permissions are documented in the IT Access Control document on the intranet under IT Governance. For system-specific permissions refer to the Access Matrix spreadsheet. Your team lead can walk you through during onboarding.,1,0.88,not_helpful,False,False,False,general
ACC-G-0136,Account locked after failed login attempts,"Hi, I have been locked out of my account after entering the wrong password too many times. I need access urgently.",Account & Access,High,Marketing,quick_fix,Account will automatically unlock after 30 minutes. For immediate access call IT helpdesk on extension 100. Have your employee ID ready for verification.,1,0.85,satisfied,False,True,False,general
ACC-G-0137,What permissions does the IT Admin role have,I am a new IT team member and want to understand what access the IT Admin role provides.,Account & Access,Low,Marketing,information,IT Admin role permissions are documented in the IT Access Control document on the intranet under IT Governance. For system-specific permissions refer to the Access Matrix spreadsheet. Your team lead can walk you through during onboarding.,1,0.8,not_helpful,False,False,False,general
ACC-G-0138,Email account not working after name change,Following up on this issue — i recently got married and my name was updated in HR. My old email address is not working and I have not received a new one.,Account & Access,Medium,Sales,step_by_step,Step 1: Contact HR to confirm name change is processed. Step 2: IT will create the new email address and set up forwarding from old address. Step 3: New credentials will be provided within one business day of HR confirmation.,3,0.76,satisfied,False,False,False,general
ACC-G-0139,Need access to Finance shared drive,I have joined the Finance team and need access to the Finance shared network drive. My manager has approved this.,Account & Access,Medium,Sales,step_by_step,Step 1: Your manager raises an access request through the IT portal. Step 2: IT verifies approval and grants access within 4 business hours. Step 3: You will receive a confirmation email once provisioned.,3,0.94,satisfied,False,True,False,general
ACC-G-0140,Account locked after failed login attempts,Not sure if this is the right place but i have been locked out of my account after entering the wrong password too many times. I need access urgently.,Account & Access,High,Marketing,quick_fix,Account will automatically unlock after 30 minutes. For immediate access call IT helpdesk on extension 100. Have your employee ID ready for verification.,1,0.98,satisfied,False,True,False,general
ACC-G-0141,Need access to Finance shared drive,Urgent - I have joined the Finance team and need access to the Finance shared network drive. My manager has approved this.,Account & Access,High,HR,step_by_step,Step 1: Your manager raises an access request through the IT portal. Step 2: IT verifies approval and grants access within 4 business hours. Step 3: You will receive a confirmation email once provisioned.,3,0.82,not_helpful,False,True,False,general
ACC-G-0142,Account locked after failed login attempts,Quick question — i have been locked out of my account after entering the wrong password too many times. I need access urgently.,Account & Access,Critical,IT,quick_fix,Account will automatically unlock after 30 minutes. For immediate access call IT helpdesk on extension 100. Have your employee ID ready for verification.,1,0.92,escalated,True,True,False,general
ACC-G-0143,Need access to Finance shared drive,"Hi, I have joined the Finance team and need access to the Finance shared network drive. My manager has approved this.",Account & Access,Medium,IT,step_by_step,Step 1: Your manager raises an access request through the IT portal. Step 2: IT verifies approval and grants access within 4 business hours. Step 3: You will receive a confirmation email once provisioned.,3,0.87,satisfied,False,True,False,general
ACC-G-0144,Two-factor authentication not working on new phone,Not sure if this is the right place but since I got a new phone my authenticator app does not work. I cannot log into any company systems.,Account & Access,High,Marketing,step_by_step,"Step 1: Contact IT helpdesk — they will temporarily disable 2FA on your account. Step 2: Log in, go to security settings, and set up 2FA on new phone. Step 3: Save backup codes in a secure location.",3,0.91,satisfied,False,True,False,general
ACC-G-0145,Account locked after failed login attempts,"Hello, I have been locked out of my account after entering the wrong password too many times. I need access urgently. Please help.",Account & Access,High,Marketing,quick_fix,Account will automatically unlock after 30 minutes. For immediate access call IT helpdesk on extension 100. Have your employee ID ready for verification.,1,0.96,satisfied,False,True,False,general
ACC-G-0146,Two-factor authentication not working on new phone,Following up on this issue — since I got a new phone my authenticator app does not work. I cannot log into any company systems.,Account & Access,High,Marketing,step_by_step,"Step 1: Contact IT helpdesk — they will temporarily disable 2FA on your account. Step 2: Log in, go to security settings, and set up 2FA on new phone. Step 3: Save backup codes in a secure location.",3,0.82,satisfied,False,True,False,general
ACC-G-0147,New employee laptop and account setup,"Hello, We have a new team member joining on Monday. They need a laptop, company email, and access to our project management tool. Please help.",Account & Access,Low,Marketing,step_by_step,Step 1: Submit a new employee onboarding request through HR portal at least 3 days before joining. Step 2: IT will create the email account and configure the laptop. Step 3: Line manager must approve specific system access. Step 4: New employee receives credentials on first day.,4,0.9,satisfied,False,True,False,general
ACC-G-0148,Account locked after failed login attempts,Not sure if this is the right place but i have been locked out of my account after entering the wrong password too many times. I need access urgently.,Account & Access,High,Sales,quick_fix,Account will automatically unlock after 30 minutes. For immediate access call IT helpdesk on extension 100. Have your employee ID ready for verification.,1,0.83,satisfied,False,True,False,general
ACC-G-0149,Need access to Finance shared drive,I have been dealing with this for days. I have joined the Finance team and need access to the Finance shared network drive. My manager has approved this.,Account & Access,Low,Finance,step_by_step,Step 1: Your manager raises an access request through the IT portal. Step 2: IT verifies approval and grants access within 4 business hours. Step 3: You will receive a confirmation email once provisioned.,3,0.81,not_helpful,False,True,False,general
ACC-G-0150,What permissions does the IT Admin role have,I have been dealing with this for days. I am a new IT team member and want to understand what access the IT Admin role provides.,Account & Access,Medium,Operations,information,IT Admin role permissions are documented in the IT Access Control document on the intranet under IT Governance. For system-specific permissions refer to the Access Matrix spreadsheet. Your team lead can walk you through during onboarding.,1,0.72,satisfied,False,False,False,general
ACC-G-0151,Two-factor authentication not working on new phone,"Hi team, since I got a new phone my authenticator app does not work. I cannot log into any company systems.",Account & Access,Medium,Finance,step_by_step,"Step 1: Contact IT helpdesk — they will temporarily disable 2FA on your account. Step 2: Log in, go to security settings, and set up 2FA on new phone. Step 3: Save backup codes in a secure location.",3,0.95,satisfied,False,True,False,general
ACC-G-0152,Account locked after failed login attempts,I have been dealing with this for days. I have been locked out of my account after entering the wrong password too many times. I need access urgently.,Account & Access,High,IT,quick_fix,Account will automatically unlock after 30 minutes. For immediate access call IT helpdesk on extension 100. Have your employee ID ready for verification.,1,0.91,satisfied,False,True,False,general
ACC-G-0153,Cannot access project management tool,Urgent - I cannot log into Jira. It says my account does not exist. I had access last quarter.,Account & Access,Medium,HR,step_by_step,Step 1: Check if licence was deactivated due to inactivity. Step 2: Manager raises a licence reactivation request through IT portal. Step 3: IT restores access within 2 business hours.,3,0.82,satisfied,False,True,False,general
ACC-G-0154,Email account not working after name change,I have been dealing with this for days. I recently got married and my name was updated in HR. My old email address is not working and I have not received a new one.,Account & Access,High,Sales,step_by_step,Step 1: Contact HR to confirm name change is processed. Step 2: IT will create the new email address and set up forwarding from old address. Step 3: New credentials will be provided within one business day of HR confirmation.,3,0.73,not_helpful,False,False,False,general
ACC-G-0155,Cannot access project management tool,I cannot log into Jira. It says my account does not exist. I had access last quarter.,Account & Access,Critical,Finance,step_by_step,Step 1: Check if licence was deactivated due to inactivity. Step 2: Manager raises a licence reactivation request through IT portal. Step 3: IT restores access within 2 business hours.,3,0.83,escalated,True,True,False,general
ACC-G-0156,Email account not working after name change,"Hello, I recently got married and my name was updated in HR. My old email address is not working and I have not received a new one. Please help.",Account & Access,Low,Marketing,step_by_step,Step 1: Contact HR to confirm name change is processed. Step 2: IT will create the new email address and set up forwarding from old address. Step 3: New credentials will be provided within one business day of HR confirmation.,3,0.95,not_helpful,False,False,False,general
ACC-G-0157,Two-factor authentication not working on new phone,This is really frustrating. Since I got a new phone my authenticator app does not work. I cannot log into any company systems.,Account & Access,Medium,Operations,step_by_step,"Step 1: Contact IT helpdesk — they will temporarily disable 2FA on your account. Step 2: Log in, go to security settings, and set up 2FA on new phone. Step 3: Save backup codes in a secure location.",3,0.89,satisfied,False,True,False,general
ACC-G-0158,New employee laptop and account setup,"We have a new team member joining on Monday. They need a laptop, company email, and access to our project management tool.",Account & Access,Medium,Finance,step_by_step,Step 1: Submit a new employee onboarding request through HR portal at least 3 days before joining. Step 2: IT will create the email account and configure the laptop. Step 3: Line manager must approve specific system access. Step 4: New employee receives credentials on first day.,4,0.92,satisfied,False,True,False,general
ACC-G-0159,Need access to Finance shared drive,Quick question — i have joined the Finance team and need access to the Finance shared network drive. My manager has approved this.,Account & Access,Medium,Operations,step_by_step,Step 1: Your manager raises an access request through the IT portal. Step 2: IT verifies approval and grants access within 4 business hours. Step 3: You will receive a confirmation email once provisioned.,3,0.95,not_helpful,False,True,False,general
ACC-G-0160,New employee laptop and account setup,"Not sure if this is the right place but we have a new team member joining on Monday. They need a laptop, company email, and access to our project management tool.",Account & Access,Medium,HR,step_by_step,Step 1: Submit a new employee onboarding request through HR portal at least 3 days before joining. Step 2: IT will create the email account and configure the laptop. Step 3: Line manager must approve specific system access. Step 4: New employee receives credentials on first day.,4,0.85,satisfied,False,True,False,general
ACC-G-0161,Email account not working after name change,Following up on this issue — i recently got married and my name was updated in HR. My old email address is not working and I have not received a new one.,Account & Access,Medium,HR,step_by_step,Step 1: Contact HR to confirm name change is processed. Step 2: IT will create the new email address and set up forwarding from old address. Step 3: New credentials will be provided within one business day of HR confirmation.,3,0.88,satisfied,False,False,False,general
ACC-G-0162,Email account not working after name change,"Hi, I recently got married and my name was updated in HR. My old email address is not working and I have not received a new one.",Account & Access,Medium,HR,step_by_step,Step 1: Contact HR to confirm name change is processed. Step 2: IT will create the new email address and set up forwarding from old address. Step 3: New credentials will be provided within one business day of HR confirmation.,3,0.95,satisfied,False,False,False,general
ACC-G-0163,Email account not working after name change,"Hi, I recently got married and my name was updated in HR. My old email address is not working and I have not received a new one.",Account & Access,Critical,Marketing,step_by_step,Step 1: Contact HR to confirm name change is processed. Step 2: IT will create the new email address and set up forwarding from old address. Step 3: New credentials will be provided within one business day of HR confirmation.,3,0.89,escalated,True,False,False,general
ACC-G-0164,Cannot access project management tool,Urgent - I cannot log into Jira. It says my account does not exist. I had access last quarter.,Account & Access,Medium,IT,step_by_step,Step 1: Check if licence was deactivated due to inactivity. Step 2: Manager raises a licence reactivation request through IT portal. Step 3: IT restores access within 2 business hours.,3,0.92,satisfied,False,True,False,general
ACC-G-0165,Need access to Finance shared drive,Quick question — i have joined the Finance team and need access to the Finance shared network drive. My manager has approved this.,Account & Access,Medium,Finance,step_by_step,Step 1: Your manager raises an access request through the IT portal. Step 2: IT verifies approval and grants access within 4 business hours. Step 3: You will receive a confirmation email once provisioned.,3,0.94,satisfied,False,True,False,general
ACC-G-0166,Account locked after failed login attempts,Not sure if this is the right place but i have been locked out of my account after entering the wrong password too many times. I need access urgently.,Account & Access,High,HR,quick_fix,Account will automatically unlock after 30 minutes. For immediate access call IT helpdesk on extension 100. Have your employee ID ready for verification.,1,0.9,satisfied,False,True,False,general
ACC-G-0167,Cannot access project management tool,"Hello, I cannot log into Jira. It says my account does not exist. I had access last quarter. Please help.",Account & Access,Medium,Finance,step_by_step,Step 1: Check if licence was deactivated due to inactivity. Step 2: Manager raises a licence reactivation request through IT portal. Step 3: IT restores access within 2 business hours.,3,0.87,satisfied,False,True,False,general
ACC-G-0168,New employee laptop and account setup,"Hi, We have a new team member joining on Monday. They need a laptop, company email, and access to our project management tool.",Account & Access,Medium,IT,step_by_step,Step 1: Submit a new employee onboarding request through HR portal at least 3 days before joining. Step 2: IT will create the email account and configure the laptop. Step 3: Line manager must approve specific system access. Step 4: New employee receives credentials on first day.,4,0.82,not_helpful,False,True,False,general
ACC-G-0169,Account locked after failed login attempts,"Hello, I have been locked out of my account after entering the wrong password too many times. I need access urgently. Please help.",Account & Access,High,Operations,quick_fix,Account will automatically unlock after 30 minutes. For immediate access call IT helpdesk on extension 100. Have your employee ID ready for verification.,1,0.82,satisfied,False,True,False,general
ACC-G-0170,Two-factor authentication not working on new phone,"Hello, Since I got a new phone my authenticator app does not work. I cannot log into any company systems. Please help.",Account & Access,Medium,Operations,step_by_step,"Step 1: Contact IT helpdesk — they will temporarily disable 2FA on your account. Step 2: Log in, go to security settings, and set up 2FA on new phone. Step 3: Save backup codes in a secure location.",3,0.86,satisfied,False,True,False,general
ACC-G-0171,Email account not working after name change,Not sure if this is the right place but i recently got married and my name was updated in HR. My old email address is not working and I have not received a new one.,Account & Access,Medium,Finance,step_by_step,Step 1: Contact HR to confirm name change is processed. Step 2: IT will create the new email address and set up forwarding from old address. Step 3: New credentials will be provided within one business day of HR confirmation.,3,0.94,satisfied,False,False,False,general
ACC-G-0172,Cannot access project management tool,I have been dealing with this for days. I cannot log into Jira. It says my account does not exist. I had access last quarter.,Account & Access,High,Operations,step_by_step,Step 1: Check if licence was deactivated due to inactivity. Step 2: Manager raises a licence reactivation request through IT portal. Step 3: IT restores access within 2 business hours.,3,0.92,satisfied,False,True,False,general
ACC-G-0173,What permissions does the IT Admin role have,I have been dealing with this for days. I am a new IT team member and want to understand what access the IT Admin role provides.,Account & Access,Low,Marketing,information,IT Admin role permissions are documented in the IT Access Control document on the intranet under IT Governance. For system-specific permissions refer to the Access Matrix spreadsheet. Your team lead can walk you through during onboarding.,1,0.75,satisfied,False,False,False,general
ACC-G-0174,Need access to Finance shared drive,"Hello, I have joined the Finance team and need access to the Finance shared network drive. My manager has approved this. Please help.",Account & Access,Medium,HR,step_by_step,Step 1: Your manager raises an access request through the IT portal. Step 2: IT verifies approval and grants access within 4 business hours. Step 3: You will receive a confirmation email once provisioned.,3,0.83,satisfied,False,True,False,general
ACC-G-0175,Cannot access project management tool,Following up on this issue — i cannot log into Jira. It says my account does not exist. I had access last quarter.,Account & Access,High,Finance,step_by_step,Step 1: Check if licence was deactivated due to inactivity. Step 2: Manager raises a licence reactivation request through IT portal. Step 3: IT restores access within 2 business hours.,3,0.84,satisfied,False,True,False,general
ACC-G-0176,Two-factor authentication not working on new phone,I have been dealing with this for days. Since I got a new phone my authenticator app does not work. I cannot log into any company systems.,Account & Access,Critical,Sales,step_by_step,"Step 1: Contact IT helpdesk — they will temporarily disable 2FA on your account. Step 2: Log in, go to security settings, and set up 2FA on new phone. Step 3: Save backup codes in a secure location.",3,0.94,escalated,True,True,False,general
ACC-G-0177,Email account not working after name change,"Hi, I recently got married and my name was updated in HR. My old email address is not working and I have not received a new one.",Account & Access,Critical,Sales,step_by_step,Step 1: Contact HR to confirm name change is processed. Step 2: IT will create the new email address and set up forwarding from old address. Step 3: New credentials will be provided within one business day of HR confirmation.,3,0.84,escalated,True,False,False,general
ACC-G-0178,Account locked after failed login attempts,This is really frustrating. I have been locked out of my account after entering the wrong password too many times. I need access urgently.,Account & Access,Critical,HR,quick_fix,Account will automatically unlock after 30 minutes. For immediate access call IT helpdesk on extension 100. Have your employee ID ready for verification.,1,0.87,escalated,True,True,False,general
ACC-G-0179,Account locked after failed login attempts,Quick question — i have been locked out of my account after entering the wrong password too many times. I need access urgently.,Account & Access,Medium,HR,quick_fix,Account will automatically unlock after 30 minutes. For immediate access call IT helpdesk on extension 100. Have your employee ID ready for verification.,1,0.84,satisfied,False,True,False,general
ACC-G-0180,Account locked after failed login attempts,I have been locked out of my account after entering the wrong password too many times. I need access urgently.,Account & Access,High,IT,quick_fix,Account will automatically unlock after 30 minutes. For immediate access call IT helpdesk on extension 100. Have your employee ID ready for verification.,1,0.9,satisfied,False,True,False,general
ACC-G-0181,Need access to Finance shared drive,I have been dealing with this for days. I have joined the Finance team and need access to the Finance shared network drive. My manager has approved this.,Account & Access,Medium,Marketing,step_by_step,Step 1: Your manager raises an access request through the IT portal. Step 2: IT verifies approval and grants access within 4 business hours. Step 3: You will receive a confirmation email once provisioned.,3,0.89,not_helpful,False,True,False,general
ACC-G-0182,Account locked after failed login attempts,I have been locked out of my account after entering the wrong password too many times. I need access urgently.,Account & Access,High,Marketing,quick_fix,Account will automatically unlock after 30 minutes. For immediate access call IT helpdesk on extension 100. Have your employee ID ready for verification.,1,0.91,not_helpful,False,True,False,general
ACC-G-0183,What permissions does the IT Admin role have,I have been dealing with this for days. I am a new IT team member and want to understand what access the IT Admin role provides.,Account & Access,Medium,Marketing,information,IT Admin role permissions are documented in the IT Access Control document on the intranet under IT Governance. For system-specific permissions refer to the Access Matrix spreadsheet. Your team lead can walk you through during onboarding.,1,0.9,satisfied,False,False,False,general
ACC-G-0184,Password expired and cannot log in,I have been dealing with this for days. My Windows password expired and I cannot log into my computer. I tried changing it but it says the new password does not meet requirements.,Account & Access,High,Finance,quick_fix,"Call the IT helpdesk on extension 100 to reset your password. Requirements: minimum 10 characters, uppercase, lowercase, number, and special character, cannot match last 5 passwords.",1,0.97,satisfied,False,True,False,general
ACC-G-0185,Need access to Finance shared drive,I have joined the Finance team and need access to the Finance shared network drive. My manager has approved this.,Account & Access,Low,IT,step_by_step,Step 1: Your manager raises an access request through the IT portal. Step 2: IT verifies approval and grants access within 4 business hours. Step 3: You will receive a confirmation email once provisioned.,3,0.95,satisfied,False,True,False,general
ACC-G-0186,Two-factor authentication not working on new phone,"Hi, Since I got a new phone my authenticator app does not work. I cannot log into any company systems.",Account & Access,High,Operations,step_by_step,"Step 1: Contact IT helpdesk — they will temporarily disable 2FA on your account. Step 2: Log in, go to security settings, and set up 2FA on new phone. Step 3: Save backup codes in a secure location.",3,0.87,satisfied,False,True,False,general
ACC-G-0187,Account locked after failed login attempts,I have been locked out of my account after entering the wrong password too many times. I need access urgently.,Account & Access,High,Marketing,quick_fix,Account will automatically unlock after 30 minutes. For immediate access call IT helpdesk on extension 100. Have your employee ID ready for verification.,1,0.89,satisfied,False,True,False,general
ACC-G-0188,What permissions does the IT Admin role have,I have been dealing with this for days. I am a new IT team member and want to understand what access the IT Admin role provides.,Account & Access,Low,HR,information,IT Admin role permissions are documented in the IT Access Control document on the intranet under IT Governance. For system-specific permissions refer to the Access Matrix spreadsheet. Your team lead can walk you through during onboarding.,1,0.79,not_helpful,False,False,False,general
ACC-G-0189,Two-factor authentication not working on new phone,Since I got a new phone my authenticator app does not work. I cannot log into any company systems.,Account & Access,Critical,Sales,step_by_step,"Step 1: Contact IT helpdesk — they will temporarily disable 2FA on your account. Step 2: Log in, go to security settings, and set up 2FA on new phone. Step 3: Save backup codes in a secure location.",3,0.95,escalated,True,True,False,general
ACC-G-0190,Password expired and cannot log in,My Windows password expired and I cannot log into my computer. I tried changing it but it says the new password does not meet requirements.,Account & Access,High,Sales,quick_fix,"Call the IT helpdesk on extension 100 to reset your password. Requirements: minimum 10 characters, uppercase, lowercase, number, and special character, cannot match last 5 passwords.",1,0.86,satisfied,False,True,False,general
ACC-G-0191,Need access to Finance shared drive,"Hi, I have joined the Finance team and need access to the Finance shared network drive. My manager has approved this.",Account & Access,Medium,HR,step_by_step,Step 1: Your manager raises an access request through the IT portal. Step 2: IT verifies approval and grants access within 4 business hours. Step 3: You will receive a confirmation email once provisioned.,3,0.8,satisfied,False,True,False,general
ACC-G-0192,Need access to Finance shared drive,"Hello, I have joined the Finance team and need access to the Finance shared network drive. My manager has approved this. Please help.",Account & Access,Medium,Finance,step_by_step,Step 1: Your manager raises an access request through the IT portal. Step 2: IT verifies approval and grants access within 4 business hours. Step 3: You will receive a confirmation email once provisioned.,3,0.96,satisfied,False,True,False,general
ACC-G-0193,Two-factor authentication not working on new phone,Urgent - Since I got a new phone my authenticator app does not work. I cannot log into any company systems.,Account & Access,High,Operations,step_by_step,"Step 1: Contact IT helpdesk — they will temporarily disable 2FA on your account. Step 2: Log in, go to security settings, and set up 2FA on new phone. Step 3: Save backup codes in a secure location.",3,0.85,satisfied,False,True,False,general
ACC-G-0194,Email account not working after name change,Urgent - I recently got married and my name was updated in HR. My old email address is not working and I have not received a new one.,Account & Access,Medium,Finance,step_by_step,Step 1: Contact HR to confirm name change is processed. Step 2: IT will create the new email address and set up forwarding from old address. Step 3: New credentials will be provided within one business day of HR confirmation.,3,0.83,not_helpful,False,False,False,general
ACC-G-0195,Cannot access project management tool,"Hi, I cannot log into Jira. It says my account does not exist. I had access last quarter.",Account & Access,High,HR,step_by_step,Step 1: Check if licence was deactivated due to inactivity. Step 2: Manager raises a licence reactivation request through IT portal. Step 3: IT restores access within 2 business hours.,3,0.8,not_helpful,False,True,False,general
ACC-G-0196,New employee laptop and account setup,"This is really frustrating. We have a new team member joining on Monday. They need a laptop, company email, and access to our project management tool.",Account & Access,Medium,HR,step_by_step,Step 1: Submit a new employee onboarding request through HR portal at least 3 days before joining. Step 2: IT will create the email account and configure the laptop. Step 3: Line manager must approve specific system access. Step 4: New employee receives credentials on first day.,4,0.82,satisfied,False,True,False,general
ACC-G-0197,Need access to Finance shared drive,"Hello, I have joined the Finance team and need access to the Finance shared network drive. My manager has approved this. Please help.",Account & Access,Medium,HR,step_by_step,Step 1: Your manager raises an access request through the IT portal. Step 2: IT verifies approval and grants access within 4 business hours. Step 3: You will receive a confirmation email once provisioned.,3,0.97,not_helpful,False,True,False,general
ACC-G-0198,What permissions does the IT Admin role have,Urgent - I am a new IT team member and want to understand what access the IT Admin role provides.,Account & Access,Low,Sales,information,IT Admin role permissions are documented in the IT Access Control document on the intranet under IT Governance. For system-specific permissions refer to the Access Matrix spreadsheet. Your team lead can walk you through during onboarding.,1,0.84,satisfied,False,False,False,general
ACC-G-0199,What permissions does the IT Admin role have,Not sure if this is the right place but i am a new IT team member and want to understand what access the IT Admin role provides.,Account & Access,Low,Finance,information,IT Admin role permissions are documented in the IT Access Control document on the intranet under IT Governance. For system-specific permissions refer to the Access Matrix spreadsheet. Your team lead can walk you through during onboarding.,1,0.94,not_helpful,False,False,False,general
ACC-G-0200,Account locked after failed login attempts,Urgent - I have been locked out of my account after entering the wrong password too many times. I need access urgently.,Account & Access,Critical,Finance,quick_fix,Account will automatically unlock after 30 minutes. For immediate access call IT helpdesk on extension 100. Have your employee ID ready for verification.,1,0.94,escalated,True,True,False,general
ACC-E-0001,Cannot add new user to ERPNext,This is really frustrating. I am trying to add a new employee to ERPNext but getting an error saying user limit has been reached.,Account & Access,High,IT,step_by_step,Step 1: Go to ERPNext Settings and check current user count against licence limit. Step 2: Identify inactive users who can be deactivated. Step 3: If additional licences needed contact your ERPNext account manager. Step 4: Deactivate the inactive user then add the new one.,4,0.8,satisfied,False,False,False,erp
ACC-E-0002,ERPNext role not restricting access correctly,"Hello, A user with Sales User role can see purchase prices which they should not be able to access. Please help.",Account & Access,High,Sales,step_by_step,Step 1: Go to Role Permissions Manager and review Sales User role access. Step 2: Check field-level permissions are set correctly for Item Price fields. Step 3: Remove overly broad permissions. Step 4: Test with affected user account to confirm restriction works.,4,0.48,escalated,True,False,True,erp
ACC-E-0003,Cannot add new user to ERPNext,I have been dealing with this for days. I am trying to add a new employee to ERPNext but getting an error saying user limit has been reached.,Account & Access,Medium,Finance,step_by_step,Step 1: Go to ERPNext Settings and check current user count against licence limit. Step 2: Identify inactive users who can be deactivated. Step 3: If additional licences needed contact your ERPNext account manager. Step 4: Deactivate the inactive user then add the new one.,4,0.74,satisfied,False,False,False,erp
ACC-E-0004,ERPNext permission denied on Purchase module,"Hello, I am getting a permission denied error when trying to create a Purchase Order. I had this access last week. Please help.",Account & Access,Medium,Marketing,step_by_step,Step 1: Check your ERPNext profile for current roles. Step 2: Verify Purchase User or Purchase Manager role is assigned. Step 3: If role was removed manager must raise an access request. Step 4: Check if role-based permissions for Purchase DocType changed recently.,4,0.41,escalated,True,True,True,erp
ACC-E-0005,ERPNext permission denied on Purchase module,"Hi team, i am getting a permission denied error when trying to create a Purchase Order. I had this access last week.",Account & Access,Medium,Marketing,step_by_step,Step 1: Check your ERPNext profile for current roles. Step 2: Verify Purchase User or Purchase Manager role is assigned. Step 3: If role was removed manager must raise an access request. Step 4: Check if role-based permissions for Purchase DocType changed recently.,4,0.48,not_helpful,False,True,True,erp
ACC-E-0006,ERPNext role not restricting access correctly,Quick question — a user with Sales User role can see purchase prices which they should not be able to access.,Account & Access,High,Marketing,step_by_step,Step 1: Go to Role Permissions Manager and review Sales User role access. Step 2: Check field-level permissions are set correctly for Item Price fields. Step 3: Remove overly broad permissions. Step 4: Test with affected user account to confirm restriction works.,4,0.42,escalated,True,False,True,erp
ACC-E-0007,ERPNext role not restricting access correctly,Not sure if this is the right place but a user with Sales User role can see purchase prices which they should not be able to access.,Account & Access,Medium,HR,step_by_step,Step 1: Go to Role Permissions Manager and review Sales User role access. Step 2: Check field-level permissions are set correctly for Item Price fields. Step 3: Remove overly broad permissions. Step 4: Test with affected user account to confirm restriction works.,4,0.41,escalated,True,False,True,erp
ACC-E-0008,Cannot add new user to ERPNext,Not sure if this is the right place but i am trying to add a new employee to ERPNext but getting an error saying user limit has been reached.,Account & Access,Critical,HR,step_by_step,Step 1: Go to ERPNext Settings and check current user count against licence limit. Step 2: Identify inactive users who can be deactivated. Step 3: If additional licences needed contact your ERPNext account manager. Step 4: Deactivate the inactive user then add the new one.,4,0.84,escalated,True,False,False,erp
ACC-E-0009,ERPNext role not restricting access correctly,Not sure if this is the right place but a user with Sales User role can see purchase prices which they should not be able to access.,Account & Access,High,IT,step_by_step,Step 1: Go to Role Permissions Manager and review Sales User role access. Step 2: Check field-level permissions are set correctly for Item Price fields. Step 3: Remove overly broad permissions. Step 4: Test with affected user account to confirm restriction works.,4,0.59,escalated,True,False,True,erp
ACC-E-0010,ERPNext role not restricting access correctly,"Hi, A user with Sales User role can see purchase prices which they should not be able to access.",Account & Access,High,Finance,step_by_step,Step 1: Go to Role Permissions Manager and review Sales User role access. Step 2: Check field-level permissions are set correctly for Item Price fields. Step 3: Remove overly broad permissions. Step 4: Test with affected user account to confirm restriction works.,4,0.53,escalated,True,False,True,erp
ACC-E-0011,Cannot add new user to ERPNext,I am trying to add a new employee to ERPNext but getting an error saying user limit has been reached.,Account & Access,High,Sales,step_by_step,Step 1: Go to ERPNext Settings and check current user count against licence limit. Step 2: Identify inactive users who can be deactivated. Step 3: If additional licences needed contact your ERPNext account manager. Step 4: Deactivate the inactive user then add the new one.,4,0.66,satisfied,False,False,False,erp
ACC-E-0012,ERPNext permission denied on Purchase module,Not sure if this is the right place but i am getting a permission denied error when trying to create a Purchase Order. I had this access last week.,Account & Access,Medium,Finance,step_by_step,Step 1: Check your ERPNext profile for current roles. Step 2: Verify Purchase User or Purchase Manager role is assigned. Step 3: If role was removed manager must raise an access request. Step 4: Check if role-based permissions for Purchase DocType changed recently.,4,0.45,not_helpful,False,True,True,erp
ACC-E-0013,Cannot add new user to ERPNext,I am trying to add a new employee to ERPNext but getting an error saying user limit has been reached.,Account & Access,Critical,HR,step_by_step,Step 1: Go to ERPNext Settings and check current user count against licence limit. Step 2: Identify inactive users who can be deactivated. Step 3: If additional licences needed contact your ERPNext account manager. Step 4: Deactivate the inactive user then add the new one.,4,0.69,escalated,True,False,False,erp
ACC-E-0014,ERPNext role not restricting access correctly,Following up on this issue — a user with Sales User role can see purchase prices which they should not be able to access.,Account & Access,High,Sales,step_by_step,Step 1: Go to Role Permissions Manager and review Sales User role access. Step 2: Check field-level permissions are set correctly for Item Price fields. Step 3: Remove overly broad permissions. Step 4: Test with affected user account to confirm restriction works.,4,0.43,escalated,True,False,True,erp
ACC-E-0015,ERPNext role not restricting access correctly,Following up on this issue — a user with Sales User role can see purchase prices which they should not be able to access.,Account & Access,Medium,Sales,step_by_step,Step 1: Go to Role Permissions Manager and review Sales User role access. Step 2: Check field-level permissions are set correctly for Item Price fields. Step 3: Remove overly broad permissions. Step 4: Test with affected user account to confirm restriction works.,4,0.42,escalated,True,False,True,erp
ACC-E-0016,Cannot add new user to ERPNext,I have been dealing with this for days. I am trying to add a new employee to ERPNext but getting an error saying user limit has been reached.,Account & Access,High,Finance,step_by_step,Step 1: Go to ERPNext Settings and check current user count against licence limit. Step 2: Identify inactive users who can be deactivated. Step 3: If additional licences needed contact your ERPNext account manager. Step 4: Deactivate the inactive user then add the new one.,4,0.67,satisfied,False,False,False,erp
ACC-E-0017,Cannot add new user to ERPNext,Quick question — i am trying to add a new employee to ERPNext but getting an error saying user limit has been reached.,Account & Access,High,Operations,step_by_step,Step 1: Go to ERPNext Settings and check current user count against licence limit. Step 2: Identify inactive users who can be deactivated. Step 3: If additional licences needed contact your ERPNext account manager. Step 4: Deactivate the inactive user then add the new one.,4,0.81,satisfied,False,False,False,erp
ACC-E-0018,ERPNext role not restricting access correctly,"Hi, A user with Sales User role can see purchase prices which they should not be able to access.",Account & Access,High,Operations,step_by_step,Step 1: Go to Role Permissions Manager and review Sales User role access. Step 2: Check field-level permissions are set correctly for Item Price fields. Step 3: Remove overly broad permissions. Step 4: Test with affected user account to confirm restriction works.,4,0.54,escalated,True,False,True,erp
ACC-E-0019,Cannot add new user to ERPNext,Quick question — i am trying to add a new employee to ERPNext but getting an error saying user limit has been reached.,Account & Access,Medium,HR,step_by_step,Step 1: Go to ERPNext Settings and check current user count against licence limit. Step 2: Identify inactive users who can be deactivated. Step 3: If additional licences needed contact your ERPNext account manager. Step 4: Deactivate the inactive user then add the new one.,4,0.67,satisfied,False,False,False,erp
ACC-E-0020,ERPNext permission denied on Purchase module,"Hi, I am getting a permission denied error when trying to create a Purchase Order. I had this access last week.",Account & Access,Medium,Finance,step_by_step,Step 1: Check your ERPNext profile for current roles. Step 2: Verify Purchase User or Purchase Manager role is assigned. Step 3: If role was removed manager must raise an access request. Step 4: Check if role-based permissions for Purchase DocType changed recently.,4,0.6,satisfied,False,True,True,erp
ACC-E-0021,ERPNext role not restricting access correctly,I have been dealing with this for days. A user with Sales User role can see purchase prices which they should not be able to access.,Account & Access,High,Operations,step_by_step,Step 1: Go to Role Permissions Manager and review Sales User role access. Step 2: Check field-level permissions are set correctly for Item Price fields. Step 3: Remove overly broad permissions. Step 4: Test with affected user account to confirm restriction works.,4,0.4,escalated,True,False,True,erp
ACC-E-0022,Cannot add new user to ERPNext,I have been dealing with this for days. I am trying to add a new employee to ERPNext but getting an error saying user limit has been reached.,Account & Access,High,Marketing,step_by_step,Step 1: Go to ERPNext Settings and check current user count against licence limit. Step 2: Identify inactive users who can be deactivated. Step 3: If additional licences needed contact your ERPNext account manager. Step 4: Deactivate the inactive user then add the new one.,4,0.74,not_helpful,False,False,False,erp
ACC-E-0023,ERPNext permission denied on Purchase module,I have been dealing with this for days. I am getting a permission denied error when trying to create a Purchase Order. I had this access last week.,Account & Access,Low,Marketing,step_by_step,Step 1: Check your ERPNext profile for current roles. Step 2: Verify Purchase User or Purchase Manager role is assigned. Step 3: If role was removed manager must raise an access request. Step 4: Check if role-based permissions for Purchase DocType changed recently.,4,0.43,escalated,True,True,True,erp
ACC-E-0024,Cannot add new user to ERPNext,I have been dealing with this for days. I am trying to add a new employee to ERPNext but getting an error saying user limit has been reached.,Account & Access,Critical,Sales,step_by_step,Step 1: Go to ERPNext Settings and check current user count against licence limit. Step 2: Identify inactive users who can be deactivated. Step 3: If additional licences needed contact your ERPNext account manager. Step 4: Deactivate the inactive user then add the new one.,4,0.8,escalated,True,False,False,erp
ACC-E-0025,Cannot add new user to ERPNext,"Hi team, i am trying to add a new employee to ERPNext but getting an error saying user limit has been reached.",Account & Access,High,IT,step_by_step,Step 1: Go to ERPNext Settings and check current user count against licence limit. Step 2: Identify inactive users who can be deactivated. Step 3: If additional licences needed contact your ERPNext account manager. Step 4: Deactivate the inactive user then add the new one.,4,0.79,not_helpful,False,False,False,erp
ACC-E-0026,Cannot add new user to ERPNext,Urgent - I am trying to add a new employee to ERPNext but getting an error saying user limit has been reached.,Account & Access,High,Operations,step_by_step,Step 1: Go to ERPNext Settings and check current user count against licence limit. Step 2: Identify inactive users who can be deactivated. Step 3: If additional licences needed contact your ERPNext account manager. Step 4: Deactivate the inactive user then add the new one.,4,0.84,not_helpful,False,False,False,erp
ACC-E-0027,Cannot add new user to ERPNext,Quick question — i am trying to add a new employee to ERPNext but getting an error saying user limit has been reached.,Account & Access,High,HR,step_by_step,Step 1: Go to ERPNext Settings and check current user count against licence limit. Step 2: Identify inactive users who can be deactivated. Step 3: If additional licences needed contact your ERPNext account manager. Step 4: Deactivate the inactive user then add the new one.,4,0.68,satisfied,False,False,False,erp
ACC-E-0028,ERPNext role not restricting access correctly,Following up on this issue — a user with Sales User role can see purchase prices which they should not be able to access.,Account & Access,High,Marketing,step_by_step,Step 1: Go to Role Permissions Manager and review Sales User role access. Step 2: Check field-level permissions are set correctly for Item Price fields. Step 3: Remove overly broad permissions. Step 4: Test with affected user account to confirm restriction works.,4,0.58,escalated,True,False,True,erp
ACC-E-0029,ERPNext role not restricting access correctly,Urgent - A user with Sales User role can see purchase prices which they should not be able to access.,Account & Access,Critical,IT,step_by_step,Step 1: Go to Role Permissions Manager and review Sales User role access. Step 2: Check field-level permissions are set correctly for Item Price fields. Step 3: Remove overly broad permissions. Step 4: Test with affected user account to confirm restriction works.,4,0.61,escalated,True,False,True,erp
ACC-E-0030,ERPNext role not restricting access correctly,Not sure if this is the right place but a user with Sales User role can see purchase prices which they should not be able to access.,Account & Access,High,Operations,step_by_step,Step 1: Go to Role Permissions Manager and review Sales User role access. Step 2: Check field-level permissions are set correctly for Item Price fields. Step 3: Remove overly broad permissions. Step 4: Test with affected user account to confirm restriction works.,4,0.57,escalated,True,False,True,erp
ACC-E-0031,Cannot add new user to ERPNext,Quick question — i am trying to add a new employee to ERPNext but getting an error saying user limit has been reached.,Account & Access,High,Marketing,step_by_step,Step 1: Go to ERPNext Settings and check current user count against licence limit. Step 2: Identify inactive users who can be deactivated. Step 3: If additional licences needed contact your ERPNext account manager. Step 4: Deactivate the inactive user then add the new one.,4,0.65,satisfied,False,False,False,erp
ACC-E-0032,ERPNext permission denied on Purchase module,Following up on this issue — i am getting a permission denied error when trying to create a Purchase Order. I had this access last week.,Account & Access,High,Operations,step_by_step,Step 1: Check your ERPNext profile for current roles. Step 2: Verify Purchase User or Purchase Manager role is assigned. Step 3: If role was removed manager must raise an access request. Step 4: Check if role-based permissions for Purchase DocType changed recently.,4,0.57,escalated,True,True,True,erp
ACC-E-0033,ERPNext role not restricting access correctly,"Hi, A user with Sales User role can see purchase prices which they should not be able to access.",Account & Access,High,Sales,step_by_step,Step 1: Go to Role Permissions Manager and review Sales User role access. Step 2: Check field-level permissions are set correctly for Item Price fields. Step 3: Remove overly broad permissions. Step 4: Test with affected user account to confirm restriction works.,4,0.44,escalated,True,False,True,erp
ACC-E-0034,ERPNext role not restricting access correctly,"Hi, A user with Sales User role can see purchase prices which they should not be able to access.",Account & Access,High,HR,step_by_step,Step 1: Go to Role Permissions Manager and review Sales User role access. Step 2: Check field-level permissions are set correctly for Item Price fields. Step 3: Remove overly broad permissions. Step 4: Test with affected user account to confirm restriction works.,4,0.41,escalated,True,False,True,erp
ACC-E-0035,ERPNext role not restricting access correctly,Urgent - A user with Sales User role can see purchase prices which they should not be able to access.,Account & Access,High,Sales,step_by_step,Step 1: Go to Role Permissions Manager and review Sales User role access. Step 2: Check field-level permissions are set correctly for Item Price fields. Step 3: Remove overly broad permissions. Step 4: Test with affected user account to confirm restriction works.,4,0.39,escalated,True,False,True,erp
ACC-E-0036,ERPNext permission denied on Purchase module,"Hi, I am getting a permission denied error when trying to create a Purchase Order. I had this access last week.",Account & Access,Medium,Finance,step_by_step,Step 1: Check your ERPNext profile for current roles. Step 2: Verify Purchase User or Purchase Manager role is assigned. Step 3: If role was removed manager must raise an access request. Step 4: Check if role-based permissions for Purchase DocType changed recently.,4,0.57,satisfied,False,True,True,erp
ACC-E-0037,ERPNext role not restricting access correctly,This is really frustrating. A user with Sales User role can see purchase prices which they should not be able to access.,Account & Access,Medium,Sales,step_by_step,Step 1: Go to Role Permissions Manager and review Sales User role access. Step 2: Check field-level permissions are set correctly for Item Price fields. Step 3: Remove overly broad permissions. Step 4: Test with affected user account to confirm restriction works.,4,0.54,not_helpful,False,False,True,erp
ACC-E-0038,ERPNext permission denied on Purchase module,"Hello, I am getting a permission denied error when trying to create a Purchase Order. I had this access last week. Please help.",Account & Access,High,Marketing,step_by_step,Step 1: Check your ERPNext profile for current roles. Step 2: Verify Purchase User or Purchase Manager role is assigned. Step 3: If role was removed manager must raise an access request. Step 4: Check if role-based permissions for Purchase DocType changed recently.,4,0.59,escalated,True,True,True,erp
ACC-E-0039,ERPNext permission denied on Purchase module,I am getting a permission denied error when trying to create a Purchase Order. I had this access last week.,Account & Access,Medium,Marketing,step_by_step,Step 1: Check your ERPNext profile for current roles. Step 2: Verify Purchase User or Purchase Manager role is assigned. Step 3: If role was removed manager must raise an access request. Step 4: Check if role-based permissions for Purchase DocType changed recently.,4,0.53,not_helpful,False,True,True,erp
ACC-E-0040,ERPNext permission denied on Purchase module,"Hello, I am getting a permission denied error when trying to create a Purchase Order. I had this access last week. Please help.",Account & Access,High,Finance,step_by_step,Step 1: Check your ERPNext profile for current roles. Step 2: Verify Purchase User or Purchase Manager role is assigned. Step 3: If role was removed manager must raise an access request. Step 4: Check if role-based permissions for Purchase DocType changed recently.,4,0.43,escalated,True,True,True,erp
ACC-E-0041,Cannot add new user to ERPNext,Quick question — i am trying to add a new employee to ERPNext but getting an error saying user limit has been reached.,Account & Access,Critical,HR,step_by_step,Step 1: Go to ERPNext Settings and check current user count against licence limit. Step 2: Identify inactive users who can be deactivated. Step 3: If additional licences needed contact your ERPNext account manager. Step 4: Deactivate the inactive user then add the new one.,4,0.76,escalated,True,False,False,erp
ACC-E-0042,ERPNext role not restricting access correctly,"Hello, A user with Sales User role can see purchase prices which they should not be able to access. Please help.",Account & Access,High,Marketing,step_by_step,Step 1: Go to Role Permissions Manager and review Sales User role access. Step 2: Check field-level permissions are set correctly for Item Price fields. Step 3: Remove overly broad permissions. Step 4: Test with affected user account to confirm restriction works.,4,0.47,escalated,True,False,True,erp
ACC-E-0043,ERPNext role not restricting access correctly,Following up on this issue — a user with Sales User role can see purchase prices which they should not be able to access.,Account & Access,High,Finance,step_by_step,Step 1: Go to Role Permissions Manager and review Sales User role access. Step 2: Check field-level permissions are set correctly for Item Price fields. Step 3: Remove overly broad permissions. Step 4: Test with affected user account to confirm restriction works.,4,0.43,escalated,True,False,True,erp
ACC-E-0044,Cannot add new user to ERPNext,Not sure if this is the right place but i am trying to add a new employee to ERPNext but getting an error saying user limit has been reached.,Account & Access,High,Finance,step_by_step,Step 1: Go to ERPNext Settings and check current user count against licence limit. Step 2: Identify inactive users who can be deactivated. Step 3: If additional licences needed contact your ERPNext account manager. Step 4: Deactivate the inactive user then add the new one.,4,0.77,not_helpful,False,False,False,erp
ACC-E-0045,Cannot add new user to ERPNext,Following up on this issue — i am trying to add a new employee to ERPNext but getting an error saying user limit has been reached.,Account & Access,High,HR,step_by_step,Step 1: Go to ERPNext Settings and check current user count against licence limit. Step 2: Identify inactive users who can be deactivated. Step 3: If additional licences needed contact your ERPNext account manager. Step 4: Deactivate the inactive user then add the new one.,4,0.8,satisfied,False,False,False,erp
ACC-E-0046,Cannot add new user to ERPNext,"Hi, I am trying to add a new employee to ERPNext but getting an error saying user limit has been reached.",Account & Access,High,Operations,step_by_step,Step 1: Go to ERPNext Settings and check current user count against licence limit. Step 2: Identify inactive users who can be deactivated. Step 3: If additional licences needed contact your ERPNext account manager. Step 4: Deactivate the inactive user then add the new one.,4,0.69,not_helpful,False,False,False,erp
ACC-E-0047,Cannot add new user to ERPNext,"Hello, I am trying to add a new employee to ERPNext but getting an error saying user limit has been reached. Please help.",Account & Access,Critical,HR,step_by_step,Step 1: Go to ERPNext Settings and check current user count against licence limit. Step 2: Identify inactive users who can be deactivated. Step 3: If additional licences needed contact your ERPNext account manager. Step 4: Deactivate the inactive user then add the new one.,4,0.69,escalated,True,False,False,erp
ACC-E-0048,Cannot add new user to ERPNext,Quick question — i am trying to add a new employee to ERPNext but getting an error saying user limit has been reached.,Account & Access,High,Finance,step_by_step,Step 1: Go to ERPNext Settings and check current user count against licence limit. Step 2: Identify inactive users who can be deactivated. Step 3: If additional licences needed contact your ERPNext account manager. Step 4: Deactivate the inactive user then add the new one.,4,0.69,satisfied,False,False,False,erp
ACC-E-0049,ERPNext permission denied on Purchase module,Not sure if this is the right place but i am getting a permission denied error when trying to create a Purchase Order. I had this access last week.,Account & Access,Medium,HR,step_by_step,Step 1: Check your ERPNext profile for current roles. Step 2: Verify Purchase User or Purchase Manager role is assigned. Step 3: If role was removed manager must raise an access request. Step 4: Check if role-based permissions for Purchase DocType changed recently.,4,0.48,not_helpful,False,True,True,erp
ACC-E-0050,ERPNext role not restricting access correctly,A user with Sales User role can see purchase prices which they should not be able to access.,Account & Access,High,Operations,step_by_step,Step 1: Go to Role Permissions Manager and review Sales User role access. Step 2: Check field-level permissions are set correctly for Item Price fields. Step 3: Remove overly broad permissions. Step 4: Test with affected user account to confirm restriction works.,4,0.55,escalated,True,False,True,erp
ACC-E-0051,ERPNext permission denied on Purchase module,I am getting a permission denied error when trying to create a Purchase Order. I had this access last week.,Account & Access,Medium,Marketing,step_by_step,Step 1: Check your ERPNext profile for current roles. Step 2: Verify Purchase User or Purchase Manager role is assigned. Step 3: If role was removed manager must raise an access request. Step 4: Check if role-based permissions for Purchase DocType changed recently.,4,0.38,escalated,True,True,True,erp
ACC-E-0052,ERPNext permission denied on Purchase module,Quick question — i am getting a permission denied error when trying to create a Purchase Order. I had this access last week.,Account & Access,Medium,HR,step_by_step,Step 1: Check your ERPNext profile for current roles. Step 2: Verify Purchase User or Purchase Manager role is assigned. Step 3: If role was removed manager must raise an access request. Step 4: Check if role-based permissions for Purchase DocType changed recently.,4,0.56,satisfied,False,True,True,erp
ACC-E-0053,ERPNext permission denied on Purchase module,This is really frustrating. I am getting a permission denied error when trying to create a Purchase Order. I had this access last week.,Account & Access,Critical,Marketing,step_by_step,Step 1: Check your ERPNext profile for current roles. Step 2: Verify Purchase User or Purchase Manager role is assigned. Step 3: If role was removed manager must raise an access request. Step 4: Check if role-based permissions for Purchase DocType changed recently.,4,0.41,escalated,True,True,True,erp
ACC-E-0054,ERPNext permission denied on Purchase module,Following up on this issue — i am getting a permission denied error when trying to create a Purchase Order. I had this access last week.,Account & Access,Medium,Finance,step_by_step,Step 1: Check your ERPNext profile for current roles. Step 2: Verify Purchase User or Purchase Manager role is assigned. Step 3: If role was removed manager must raise an access request. Step 4: Check if role-based permissions for Purchase DocType changed recently.,4,0.5,not_helpful,False,True,True,erp
ACC-E-0055,Cannot add new user to ERPNext,"Hello, I am trying to add a new employee to ERPNext but getting an error saying user limit has been reached. Please help.",Account & Access,High,Marketing,step_by_step,Step 1: Go to ERPNext Settings and check current user count against licence limit. Step 2: Identify inactive users who can be deactivated. Step 3: If additional licences needed contact your ERPNext account manager. Step 4: Deactivate the inactive user then add the new one.,4,0.68,satisfied,False,False,False,erp
ACC-E-0056,ERPNext role not restricting access correctly,"Hello, A user with Sales User role can see purchase prices which they should not be able to access. Please help.",Account & Access,Medium,HR,step_by_step,Step 1: Go to Role Permissions Manager and review Sales User role access. Step 2: Check field-level permissions are set correctly for Item Price fields. Step 3: Remove overly broad permissions. Step 4: Test with affected user account to confirm restriction works.,4,0.58,satisfied,False,False,True,erp
ACC-E-0057,ERPNext role not restricting access correctly,A user with Sales User role can see purchase prices which they should not be able to access.,Account & Access,Critical,Finance,step_by_step,Step 1: Go to Role Permissions Manager and review Sales User role access. Step 2: Check field-level permissions are set correctly for Item Price fields. Step 3: Remove overly broad permissions. Step 4: Test with affected user account to confirm restriction works.,4,0.48,escalated,True,False,True,erp
ACC-E-0058,ERPNext permission denied on Purchase module,"Hello, I am getting a permission denied error when trying to create a Purchase Order. I had this access last week. Please help.",Account & Access,Medium,Finance,step_by_step,Step 1: Check your ERPNext profile for current roles. Step 2: Verify Purchase User or Purchase Manager role is assigned. Step 3: If role was removed manager must raise an access request. Step 4: Check if role-based permissions for Purchase DocType changed recently.,4,0.47,not_helpful,False,True,True,erp
ACC-E-0059,ERPNext role not restricting access correctly,"Hi team, a user with Sales User role can see purchase prices which they should not be able to access.",Account & Access,High,IT,step_by_step,Step 1: Go to Role Permissions Manager and review Sales User role access. Step 2: Check field-level permissions are set correctly for Item Price fields. Step 3: Remove overly broad permissions. Step 4: Test with affected user account to confirm restriction works.,4,0.59,escalated,True,False,True,erp
ACC-E-0060,ERPNext permission denied on Purchase module,"Hello, I am getting a permission denied error when trying to create a Purchase Order. I had this access last week. Please help.",Account & Access,Critical,Sales,step_by_step,Step 1: Check your ERPNext profile for current roles. Step 2: Verify Purchase User or Purchase Manager role is assigned. Step 3: If role was removed manager must raise an access request. Step 4: Check if role-based permissions for Purchase DocType changed recently.,4,0.43,escalated,True,True,True,erp
ACC-E-0061,ERPNext permission denied on Purchase module,"Hi team, i am getting a permission denied error when trying to create a Purchase Order. I had this access last week.",Account & Access,Medium,HR,step_by_step,Step 1: Check your ERPNext profile for current roles. Step 2: Verify Purchase User or Purchase Manager role is assigned. Step 3: If role was removed manager must raise an access request. Step 4: Check if role-based permissions for Purchase DocType changed recently.,4,0.41,escalated,True,True,True,erp
ACC-E-0062,ERPNext role not restricting access correctly,This is really frustrating. A user with Sales User role can see purchase prices which they should not be able to access.,Account & Access,High,Operations,step_by_step,Step 1: Go to Role Permissions Manager and review Sales User role access. Step 2: Check field-level permissions are set correctly for Item Price fields. Step 3: Remove overly broad permissions. Step 4: Test with affected user account to confirm restriction works.,4,0.48,escalated,True,False,True,erp
ACC-E-0063,ERPNext permission denied on Purchase module,"Hello, I am getting a permission denied error when trying to create a Purchase Order. I had this access last week. Please help.",Account & Access,Medium,Operations,step_by_step,Step 1: Check your ERPNext profile for current roles. Step 2: Verify Purchase User or Purchase Manager role is assigned. Step 3: If role was removed manager must raise an access request. Step 4: Check if role-based permissions for Purchase DocType changed recently.,4,0.42,escalated,True,True,True,erp
ACC-E-0064,Cannot add new user to ERPNext,This is really frustrating. I am trying to add a new employee to ERPNext but getting an error saying user limit has been reached.,Account & Access,High,Sales,step_by_step,Step 1: Go to ERPNext Settings and check current user count against licence limit. Step 2: Identify inactive users who can be deactivated. Step 3: If additional licences needed contact your ERPNext account manager. Step 4: Deactivate the inactive user then add the new one.,4,0.67,not_helpful,False,False,False,erp
ACC-E-0065,ERPNext role not restricting access correctly,Urgent - A user with Sales User role can see purchase prices which they should not be able to access.,Account & Access,High,Marketing,step_by_step,Step 1: Go to Role Permissions Manager and review Sales User role access. Step 2: Check field-level permissions are set correctly for Item Price fields. Step 3: Remove overly broad permissions. Step 4: Test with affected user account to confirm restriction works.,4,0.57,escalated,True,False,True,erp
ACC-E-0066,ERPNext permission denied on Purchase module,Following up on this issue — i am getting a permission denied error when trying to create a Purchase Order. I had this access last week.,Account & Access,Medium,HR,step_by_step,Step 1: Check your ERPNext profile for current roles. Step 2: Verify Purchase User or Purchase Manager role is assigned. Step 3: If role was removed manager must raise an access request. Step 4: Check if role-based permissions for Purchase DocType changed recently.,4,0.47,escalated,False,True,True,erp
ACC-E-0067,ERPNext permission denied on Purchase module,"Hi team, i am getting a permission denied error when trying to create a Purchase Order. I had this access last week.",Account & Access,Medium,Sales,step_by_step,Step 1: Check your ERPNext profile for current roles. Step 2: Verify Purchase User or Purchase Manager role is assigned. Step 3: If role was removed manager must raise an access request. Step 4: Check if role-based permissions for Purchase DocType changed recently.,4,0.61,satisfied,False,True,True,erp
ACC-E-0068,ERPNext permission denied on Purchase module,Not sure if this is the right place but i am getting a permission denied error when trying to create a Purchase Order. I had this access last week.,Account & Access,Medium,IT,step_by_step,Step 1: Check your ERPNext profile for current roles. Step 2: Verify Purchase User or Purchase Manager role is assigned. Step 3: If role was removed manager must raise an access request. Step 4: Check if role-based permissions for Purchase DocType changed recently.,4,0.47,not_helpful,False,True,True,erp
ACC-E-0069,ERPNext role not restricting access correctly,This is really frustrating. A user with Sales User role can see purchase prices which they should not be able to access.,Account & Access,Critical,Finance,step_by_step,Step 1: Go to Role Permissions Manager and review Sales User role access. Step 2: Check field-level permissions are set correctly for Item Price fields. Step 3: Remove overly broad permissions. Step 4: Test with affected user account to confirm restriction works.,4,0.52,escalated,True,False,True,erp
ACC-E-0070,ERPNext role not restricting access correctly,I have been dealing with this for days. A user with Sales User role can see purchase prices which they should not be able to access.,Account & Access,Critical,IT,step_by_step,Step 1: Go to Role Permissions Manager and review Sales User role access. Step 2: Check field-level permissions are set correctly for Item Price fields. Step 3: Remove overly broad permissions. Step 4: Test with affected user account to confirm restriction works.,4,0.47,escalated,True,False,True,erp
ACC-E-0071,ERPNext role not restricting access correctly,"Hi, A user with Sales User role can see purchase prices which they should not be able to access.",Account & Access,High,IT,step_by_step,Step 1: Go to Role Permissions Manager and review Sales User role access. Step 2: Check field-level permissions are set correctly for Item Price fields. Step 3: Remove overly broad permissions. Step 4: Test with affected user account to confirm restriction works.,4,0.51,escalated,True,False,True,erp
ACC-E-0072,ERPNext permission denied on Purchase module,"Hi, I am getting a permission denied error when trying to create a Purchase Order. I had this access last week.",Account & Access,Medium,Marketing,step_by_step,Step 1: Check your ERPNext profile for current roles. Step 2: Verify Purchase User or Purchase Manager role is assigned. Step 3: If role was removed manager must raise an access request. Step 4: Check if role-based permissions for Purchase DocType changed recently.,4,0.48,not_helpful,False,True,True,erp
ACC-E-0073,ERPNext permission denied on Purchase module,I am getting a permission denied error when trying to create a Purchase Order. I had this access last week.,Account & Access,Medium,Sales,step_by_step,Step 1: Check your ERPNext profile for current roles. Step 2: Verify Purchase User or Purchase Manager role is assigned. Step 3: If role was removed manager must raise an access request. Step 4: Check if role-based permissions for Purchase DocType changed recently.,4,0.38,escalated,True,True,True,erp
ACC-E-0074,ERPNext role not restricting access correctly,"Hi team, a user with Sales User role can see purchase prices which they should not be able to access.",Account & Access,High,HR,step_by_step,Step 1: Go to Role Permissions Manager and review Sales User role access. Step 2: Check field-level permissions are set correctly for Item Price fields. Step 3: Remove overly broad permissions. Step 4: Test with affected user account to confirm restriction works.,4,0.41,escalated,True,False,True,erp
ACC-E-0075,Cannot add new user to ERPNext,Urgent - I am trying to add a new employee to ERPNext but getting an error saying user limit has been reached.,Account & Access,High,Sales,step_by_step,Step 1: Go to ERPNext Settings and check current user count against licence limit. Step 2: Identify inactive users who can be deactivated. Step 3: If additional licences needed contact your ERPNext account manager. Step 4: Deactivate the inactive user then add the new one.,4,0.82,not_helpful,False,False,False,erp
ACC-E-0076,Cannot add new user to ERPNext,Not sure if this is the right place but i am trying to add a new employee to ERPNext but getting an error saying user limit has been reached.,Account & Access,Medium,Finance,step_by_step,Step 1: Go to ERPNext Settings and check current user count against licence limit. Step 2: Identify inactive users who can be deactivated. Step 3: If additional licences needed contact your ERPNext account manager. Step 4: Deactivate the inactive user then add the new one.,4,0.82,not_helpful,False,False,False,erp
ACC-E-0077,ERPNext permission denied on Purchase module,Urgent - I am getting a permission denied error when trying to create a Purchase Order. I had this access last week.,Account & Access,High,HR,step_by_step,Step 1: Check your ERPNext profile for current roles. Step 2: Verify Purchase User or Purchase Manager role is assigned. Step 3: If role was removed manager must raise an access request. Step 4: Check if role-based permissions for Purchase DocType changed recently.,4,0.39,escalated,True,True,True,erp
ACC-E-0078,ERPNext role not restricting access correctly,A user with Sales User role can see purchase prices which they should not be able to access.,Account & Access,High,Marketing,step_by_step,Step 1: Go to Role Permissions Manager and review Sales User role access. Step 2: Check field-level permissions are set correctly for Item Price fields. Step 3: Remove overly broad permissions. Step 4: Test with affected user account to confirm restriction works.,4,0.47,escalated,True,False,True,erp
ACC-E-0079,Cannot add new user to ERPNext,"Hi team, i am trying to add a new employee to ERPNext but getting an error saying user limit has been reached.",Account & Access,High,IT,step_by_step,Step 1: Go to ERPNext Settings and check current user count against licence limit. Step 2: Identify inactive users who can be deactivated. Step 3: If additional licences needed contact your ERPNext account manager. Step 4: Deactivate the inactive user then add the new one.,4,0.79,satisfied,False,False,False,erp
ACC-E-0080,ERPNext role not restricting access correctly,This is really frustrating. A user with Sales User role can see purchase prices which they should not be able to access.,Account & Access,Critical,Finance,step_by_step,Step 1: Go to Role Permissions Manager and review Sales User role access. Step 2: Check field-level permissions are set correctly for Item Price fields. Step 3: Remove overly broad permissions. Step 4: Test with affected user account to confirm restriction works.,4,0.39,escalated,True,False,True,erp
ACC-E-0081,ERPNext permission denied on Purchase module,Not sure if this is the right place but i am getting a permission denied error when trying to create a Purchase Order. I had this access last week.,Account & Access,Medium,Finance,step_by_step,Step 1: Check your ERPNext profile for current roles. Step 2: Verify Purchase User or Purchase Manager role is assigned. Step 3: If role was removed manager must raise an access request. Step 4: Check if role-based permissions for Purchase DocType changed recently.,4,0.38,escalated,True,True,True,erp
ACC-E-0082,ERPNext permission denied on Purchase module,I have been dealing with this for days. I am getting a permission denied error when trying to create a Purchase Order. I had this access last week.,Account & Access,Medium,Marketing,step_by_step,Step 1: Check your ERPNext profile for current roles. Step 2: Verify Purchase User or Purchase Manager role is assigned. Step 3: If role was removed manager must raise an access request. Step 4: Check if role-based permissions for Purchase DocType changed recently.,4,0.41,escalated,True,True,True,erp
ACC-E-0083,Cannot add new user to ERPNext,I am trying to add a new employee to ERPNext but getting an error saying user limit has been reached.,Account & Access,High,Sales,step_by_step,Step 1: Go to ERPNext Settings and check current user count against licence limit. Step 2: Identify inactive users who can be deactivated. Step 3: If additional licences needed contact your ERPNext account manager. Step 4: Deactivate the inactive user then add the new one.,4,0.79,satisfied,False,False,False,erp
ACC-E-0084,ERPNext permission denied on Purchase module,Urgent - I am getting a permission denied error when trying to create a Purchase Order. I had this access last week.,Account & Access,Medium,Operations,step_by_step,Step 1: Check your ERPNext profile for current roles. Step 2: Verify Purchase User or Purchase Manager role is assigned. Step 3: If role was removed manager must raise an access request. Step 4: Check if role-based permissions for Purchase DocType changed recently.,4,0.59,satisfied,False,True,True,erp
ACC-E-0085,ERPNext permission denied on Purchase module,Following up on this issue — i am getting a permission denied error when trying to create a Purchase Order. I had this access last week.,Account & Access,Low,Operations,step_by_step,Step 1: Check your ERPNext profile for current roles. Step 2: Verify Purchase User or Purchase Manager role is assigned. Step 3: If role was removed manager must raise an access request. Step 4: Check if role-based permissions for Purchase DocType changed recently.,4,0.58,satisfied,False,True,True,erp
ACC-E-0086,ERPNext role not restricting access correctly,I have been dealing with this for days. A user with Sales User role can see purchase prices which they should not be able to access.,Account & Access,Critical,Sales,step_by_step,Step 1: Go to Role Permissions Manager and review Sales User role access. Step 2: Check field-level permissions are set correctly for Item Price fields. Step 3: Remove overly broad permissions. Step 4: Test with affected user account to confirm restriction works.,4,0.6,escalated,True,False,True,erp
ACC-E-0087,ERPNext role not restricting access correctly,"Hi team, a user with Sales User role can see purchase prices which they should not be able to access.",Account & Access,High,Operations,step_by_step,Step 1: Go to Role Permissions Manager and review Sales User role access. Step 2: Check field-level permissions are set correctly for Item Price fields. Step 3: Remove overly broad permissions. Step 4: Test with affected user account to confirm restriction works.,4,0.6,satisfied,False,False,True,erp
ACC-E-0088,Cannot add new user to ERPNext,"Hi, I am trying to add a new employee to ERPNext but getting an error saying user limit has been reached.",Account & Access,Critical,IT,step_by_step,Step 1: Go to ERPNext Settings and check current user count against licence limit. Step 2: Identify inactive users who can be deactivated. Step 3: If additional licences needed contact your ERPNext account manager. Step 4: Deactivate the inactive user then add the new one.,4,0.68,escalated,True,False,False,erp
ACC-E-0089,ERPNext role not restricting access correctly,I have been dealing with this for days. A user with Sales User role can see purchase prices which they should not be able to access.,Account & Access,Medium,Operations,step_by_step,Step 1: Go to Role Permissions Manager and review Sales User role access. Step 2: Check field-level permissions are set correctly for Item Price fields. Step 3: Remove overly broad permissions. Step 4: Test with affected user account to confirm restriction works.,4,0.47,escalated,False,False,True,erp
ACC-E-0090,ERPNext permission denied on Purchase module,This is really frustrating. I am getting a permission denied error when trying to create a Purchase Order. I had this access last week.,Account & Access,High,Marketing,step_by_step,Step 1: Check your ERPNext profile for current roles. Step 2: Verify Purchase User or Purchase Manager role is assigned. Step 3: If role was removed manager must raise an access request. Step 4: Check if role-based permissions for Purchase DocType changed recently.,4,0.49,escalated,True,True,True,erp
ACC-E-0091,ERPNext role not restricting access correctly,A user with Sales User role can see purchase prices which they should not be able to access.,Account & Access,High,Sales,step_by_step,Step 1: Go to Role Permissions Manager and review Sales User role access. Step 2: Check field-level permissions are set correctly for Item Price fields. Step 3: Remove overly broad permissions. Step 4: Test with affected user account to confirm restriction works.,4,0.47,escalated,True,False,True,erp
ACC-E-0092,ERPNext role not restricting access correctly,"Hi team, a user with Sales User role can see purchase prices which they should not be able to access.",Account & Access,High,HR,step_by_step,Step 1: Go to Role Permissions Manager and review Sales User role access. Step 2: Check field-level permissions are set correctly for Item Price fields. Step 3: Remove overly broad permissions. Step 4: Test with affected user account to confirm restriction works.,4,0.44,escalated,True,False,True,erp
ACC-E-0093,Cannot add new user to ERPNext,"Hello, I am trying to add a new employee to ERPNext but getting an error saying user limit has been reached. Please help.",Account & Access,High,Finance,step_by_step,Step 1: Go to ERPNext Settings and check current user count against licence limit. Step 2: Identify inactive users who can be deactivated. Step 3: If additional licences needed contact your ERPNext account manager. Step 4: Deactivate the inactive user then add the new one.,4,0.82,satisfied,False,False,False,erp
ACC-E-0094,ERPNext role not restricting access correctly,A user with Sales User role can see purchase prices which they should not be able to access.,Account & Access,Medium,Sales,step_by_step,Step 1: Go to Role Permissions Manager and review Sales User role access. Step 2: Check field-level permissions are set correctly for Item Price fields. Step 3: Remove overly broad permissions. Step 4: Test with affected user account to confirm restriction works.,4,0.43,escalated,True,False,True,erp
ACC-E-0095,ERPNext permission denied on Purchase module,"Hello, I am getting a permission denied error when trying to create a Purchase Order. I had this access last week. Please help.",Account & Access,Medium,HR,step_by_step,Step 1: Check your ERPNext profile for current roles. Step 2: Verify Purchase User or Purchase Manager role is assigned. Step 3: If role was removed manager must raise an access request. Step 4: Check if role-based permissions for Purchase DocType changed recently.,4,0.53,not_helpful,False,True,True,erp
ACC-E-0096,ERPNext role not restricting access correctly,Following up on this issue — a user with Sales User role can see purchase prices which they should not be able to access.,Account & Access,High,HR,step_by_step,Step 1: Go to Role Permissions Manager and review Sales User role access. Step 2: Check field-level permissions are set correctly for Item Price fields. Step 3: Remove overly broad permissions. Step 4: Test with affected user account to confirm restriction works.,4,0.52,escalated,True,False,True,erp
ACC-E-0097,ERPNext permission denied on Purchase module,This is really frustrating. I am getting a permission denied error when trying to create a Purchase Order. I had this access last week.,Account & Access,Medium,Sales,step_by_step,Step 1: Check your ERPNext profile for current roles. Step 2: Verify Purchase User or Purchase Manager role is assigned. Step 3: If role was removed manager must raise an access request. Step 4: Check if role-based permissions for Purchase DocType changed recently.,4,0.61,satisfied,False,True,True,erp
ACC-E-0098,Cannot add new user to ERPNext,This is really frustrating. I am trying to add a new employee to ERPNext but getting an error saying user limit has been reached.,Account & Access,High,Finance,step_by_step,Step 1: Go to ERPNext Settings and check current user count against licence limit. Step 2: Identify inactive users who can be deactivated. Step 3: If additional licences needed contact your ERPNext account manager. Step 4: Deactivate the inactive user then add the new one.,4,0.71,satisfied,False,False,False,erp
ACC-E-0099,ERPNext role not restricting access correctly,I have been dealing with this for days. A user with Sales User role can see purchase prices which they should not be able to access.,Account & Access,High,HR,step_by_step,Step 1: Go to Role Permissions Manager and review Sales User role access. Step 2: Check field-level permissions are set correctly for Item Price fields. Step 3: Remove overly broad permissions. Step 4: Test with affected user account to confirm restriction works.,4,0.46,escalated,True,False,True,erp
ACC-E-0100,ERPNext role not restricting access correctly,Quick question — a user with Sales User role can see purchase prices which they should not be able to access.,Account & Access,Critical,IT,step_by_step,Step 1: Go to Role Permissions Manager and review Sales User role access. Step 2: Check field-level permissions are set correctly for Item Price fields. Step 3: Remove overly broad permissions. Step 4: Test with affected user account to confirm restriction works.,4,0.42,escalated,True,False,True,erp
CORR-G-0001,Suspicious login detected and account is now locked,"I got an alert saying someone logged in from an unknown location and now I cannot log into my account at all. I need access restored urgently.",Account & Access,High,IT,step_by_step,Step 1: Call IT helpdesk immediately on extension 100 for an emergency account unlock. Step 2: Verify your identity via mobile OTP. Step 3: Reset your password once unlocked. Step 4: Enable multi-factor authentication to prevent future incidents.,4,0.72,satisfied,False,False,True,general
CORR-G-0002,Security alert triggered and I am locked out,"My account was flagged for suspicious activity and automatically locked. I cannot get past the login screen. I need to get back in.",Account & Access,High,Finance,step_by_step,Step 1: The account lock is a security precaution. Contact IT helpdesk on extension 100 with your employee ID. Step 2: IT will verify your identity and unlock the account. Step 3: You will be prompted to change your password immediately after unlock. Step 4: Review the security alert details with IT to confirm no breach occurred.,4,0.74,satisfied,False,False,True,general
CORR-G-0003,Account blocked after someone else logged in from overseas,"A colleague told me someone used my credentials to log in from another country. Now my account shows suspended and I cannot access anything.",Account & Access,Critical,IT,step_by_step,Step 1: Contact IT Security immediately on the emergency line — do not wait. Step 2: IT will verify whether a breach occurred and unlock your account. Step 3: Change your password and enable MFA once access is restored. Step 4: IT will review login audit logs and advise on next steps.,4,0.65,satisfied,False,False,True,general
CORR-G-0004,Got a phishing warning and now cannot log in,"I received a warning that my account may have been accessed by unauthorised person. When I try to log in now it says account suspended.",Account & Access,High,Marketing,step_by_step,Step 1: Your account has been automatically suspended as a precaution. Contact the IT helpdesk on extension 100. Step 2: Confirm your identity and request an account reinstatement. Step 3: Change your password to something new and unique. Step 4: Report the original suspicious activity to the security team via security@company.com.,4,0.71,satisfied,False,False,True,general
CORR-G-0005,Login alert says unknown device used my account now I am locked,"I received an SMS saying a new device was used to sign in. I did not do this. My account is now locked and I need it unlocked.",Account & Access,High,HR,step_by_step,Step 1: Your account was locked automatically to protect you. Contact IT helpdesk for immediate unlock. Step 2: Provide your employee ID for identity verification. Step 3: Once unlocked reset your password immediately. Step 4: Ask IT to review which device was used and revoke any unrecognised active sessions.,4,0.73,satisfied,False,False,True,general
CORR-G-0006,ERP system cannot connect to the database,The ERP application opens but every page shows a database connection error. I can browse the internet and access emails fine. Only the ERP is affected.,Software & Applications,High,Finance,step_by_step,Step 1: This is an application-level connection issue not a network issue. Restart the ERP application completely. Step 2: Clear the application cache if available in settings. Step 3: Check whether other users are experiencing the same issue — if widespread it may be a server-side service restart needed by IT. Step 4: Contact IT with the exact error message and the time it started.,4,0.76,satisfied,False,False,False,general
CORR-G-0007,Application shows connection timeout but internet works fine,"When I open the business application it keeps saying connection timeout or cannot reach server. However my browser works fine and I can access all websites.",Software & Applications,Medium,IT,step_by_step,Step 1: The issue is with the application configuration not the network. Try restarting the application completely. Step 2: Check if the application server address in settings is correct — it may have changed after a server migration. Step 3: Try accessing the application from a different machine to confirm whether it is device-specific. Step 4: Raise a ticket with IT including the exact error message text.,4,0.74,satisfied,False,False,False,general
CORR-G-0008,Software cannot reach the backend server,"Our accounting software keeps throwing a server unreachable error when I try to post entries. Email and internet are working normally on my machine.",Software & Applications,High,Finance,step_by_step,Step 1: Restart the accounting application. Step 2: Check if your application needs a specific VPN or network profile to reach the backend — connect to it if not already. Step 3: Verify the server address in application settings has not changed. Step 4: Contact IT with the error code and they will check if the application server needs a restart.,4,0.75,satisfied,False,False,False,general
CORR-G-0009,ERPNext database connection refused at login,"When I try to log into ERPNext it immediately shows database connection refused. I checked and my internet connection is working fine.",Software & Applications,High,IT,step_by_step,Step 1: This is a server-side issue with the ERPNext application server. Check with other users to see if they are also affected. Step 2: If widespread contact the IT admin immediately as the MariaDB service may need restarting on the server. Step 3: If only affecting you try clearing browser cache and cookies and retry. Step 4: If browser fix does not help your admin account configuration may need to be reset by IT.,4,0.73,satisfied,False,False,False,erp
CORR-G-0010,Application crashes when trying to connect to company database,"I installed the updated client software but it crashes every time it tries to connect to the company server. The installation completed without errors.",Software & Applications,Medium,IT,step_by_step,Step 1: This is a software compatibility issue not a network issue. Uninstall the updated client and reinstall the previous version. Step 2: Check the IT portal for known compatibility issues with the latest version. Step 3: Run the application as Administrator and check if it connects successfully. Step 4: If the issue persists raise a ticket with IT including the software version number and the crash error.,4,0.77,satisfied,False,False,False,general
CORR-G-0011,Cannot log in after security team reset my account,The IT security team sent me a password reset email after a routine audit but when I use the temporary password it says account disabled. I cannot get in.,Account & Access,Medium,HR,step_by_step,Step 1: Contact the IT helpdesk and reference the security audit reset — your account may have been disabled before the password reset completed. Step 2: Provide your employee ID and the reset reference number from the email. Step 3: IT will re-enable the account and confirm the new password is active. Step 4: Log in and change your password to a permanent one immediately.,4,0.76,satisfied,False,False,False,general
CORR-G-0012,System flagged my account for unusual activity and blocked access,"I have been travelling for work and now back in the office. The system says my account was flagged for unusual login locations and blocked my access.",Account & Access,Medium,Marketing,step_by_step,Step 1: This is a geo-location based security policy blocking your account. Contact IT helpdesk and explain you have been travelling. Step 2: IT will verify your travel record and unblock the account. Step 3: In future notify IT in advance when travelling internationally to whitelist your locations. Step 4: Your account will be restored within 30 minutes of the call.,4,0.78,satisfied,False,False,False,general
CORR-G-0013,Suspicious login notification and now I cannot get into my account,"I received a notification that a suspicious login was detected on my account. When I tried to log in myself I found my account is now locked and I am unable to access it.",Account & Access,High,IT,step_by_step,Step 1: Contact IT helpdesk on extension 100 and explain the account is locked. Step 2: IT will verify your identity and unlock the account. Step 3: Change your password immediately. Step 4: Enable MFA on your account.,4,0.72,satisfied,False,False,True,general
CORR-G-0014,Account locked after suspicious access alert I need it unlocked,"Security sent me an alert about suspicious access on my account and now it is locked. I need IT to unlock it so I can get back to work.",Account & Access,High,Finance,step_by_step,Step 1: Call IT helpdesk on extension 100 with your employee ID ready. Step 2: IT will authenticate you and remove the account lock. Step 3: Set a new password. Step 4: You will need to re-login to all company systems after the unlock.,4,0.73,satisfied,False,False,True,general
CORR-G-0015,Someone tried to log into my account from abroad now I am blocked,"I got an email saying an unfamiliar device logged in from a foreign country. IT blocked my account as a precaution. How do I get access restored?",Account & Access,High,Marketing,step_by_step,Step 1: Contact IT helpdesk to restore account access. Step 2: Confirm your identity with employee number. Step 3: IT will lift the block and you can set a new password. Step 4: The login from abroad will be investigated by security separately.,4,0.74,satisfied,False,False,True,general
CORR-G-0016,Received a security flag and my access is suspended I need to log in,"My account was suspended after a security flag was raised. I have verified with my manager that I did nothing wrong. I just need my login access restored.",Account & Access,High,HR,step_by_step,Step 1: Contact the IT helpdesk and reference the security flag notification. Step 2: IT will coordinate with the security team to lift the suspension. Step 3: Once cleared your access will be reinstated within one hour. Step 4: You will be asked to reset your password as part of reinstatement.,4,0.75,satisfied,False,False,True,general
CORR-G-0017,Unauthorised login flagged and now my account is disabled,"The system flagged an unauthorised login from a new location and disabled my account. I need to regain access urgently as I have deadlines today.",Account & Access,Critical,Finance,step_by_step,Step 1: This is an account access reinstatement issue. Call IT helpdesk immediately. Step 2: IT will validate your identity and re-enable the account. Step 3: Update your password to a strong unique one. Step 4: Review any changes made to your account settings after you are back in.,4,0.71,satisfied,False,False,True,general
CORR-G-0018,Login blocked after security alert I need access not a security investigation,"My account was auto-blocked after a security alert. I am not reporting a threat I just need my account unblocked so I can log in.",Account & Access,High,IT,step_by_step,Step 1: Account reinstatement requests go through the IT helpdesk on extension 100. Step 2: Provide your employee ID and the alert reference number. Step 3: IT will remove the block. Step 4: You will be prompted to set a new password on first login.,4,0.76,satisfied,False,False,True,general
CORR-G-0019,My password reset email says account locked for suspicious activity,"I requested a password reset but the email I got says my account has been locked due to suspicious activity. I cannot complete the reset.",Account & Access,High,Marketing,step_by_step,Step 1: The account lock must be removed before the password reset can complete. Call IT helpdesk. Step 2: IT will verify your identity and remove the lock. Step 3: IT will re-trigger the password reset email. Step 4: Complete the reset and log in with the new password.,4,0.73,satisfied,False,False,True,general
CORR-G-0020,Account suspended due to unusual sign-in I just need to log in,"I keep getting an error saying my account is suspended due to unusual sign-in activity. All I want is to log in to do my job. Can IT please sort this out?",Account & Access,High,Finance,step_by_step,Step 1: This is an account suspension — contact IT helpdesk on extension 100. Step 2: Confirm you are the legitimate account owner. Step 3: IT will lift the suspension immediately. Step 4: You will need to reset your password before the first login.,4,0.74,satisfied,False,False,True,general
CORR-G-0021,Locked out of account after getting notified about login from unknown IP,"Got a notification saying a login from an unknown IP was detected. My account was locked after that. I need it unlocked ASAP.",Account & Access,High,IT,step_by_step,Step 1: Contact IT helpdesk for an account unlock. This is a precautionary lock not a permanent suspension. Step 2: Verify your identity with your employee ID. Step 3: IT will unlock within 15 minutes. Step 4: Reset your password after regaining access.,4,0.72,satisfied,False,False,True,general
CORR-G-0022,Account blocked I cannot access anything since the security flag,"Ever since the security team flagged my account I cannot access any company resource. My email is down my VPN does not work nothing. I need access back.",Account & Access,Critical,IT,step_by_step,Step 1: This is a full account suspension from a security flag. Escalate directly to IT Security team on the emergency line. Step 2: They will verify you are the legitimate user. Step 3: All account access will be restored simultaneously once cleared. Step 4: You may need to re-enroll in MFA after reinstatement.,4,0.71,satisfied,False,False,True,general
CORR-APP-001,Application cannot connect to server but my internet is working,"The application I use for invoicing keeps showing a server connection error but I can browse the internet and use email without any issues. Only this one app is broken.",Software & Applications,Medium,Finance,step_by_step,Step 1: Since other services work this is an application-specific issue not a network problem. Restart the application. Step 2: Check application settings for the server address — a recent update may have changed the configuration. Step 3: Try running the application as Administrator. Step 4: If still failing contact IT with the exact error message.,4,0.75,satisfied,False,False,False,general
CORR-APP-002,ERP shows database error only in the application everything else works,"When I open ERPNext it shows a database connection error on every page. I tested my internet connection and it is fine. Outlook and all websites work normally.",Software & Applications,High,Finance,step_by_step,Step 1: This is an application server issue not a network issue. Try clearing your browser cache completely. Step 2: If the same error appears in incognito mode the issue is server-side. Step 3: Contact the ERP administrator — the database service on the server may need restarting. Step 4: Provide the admin with the error message and the time it started.,4,0.76,satisfied,False,False,False,erp
CORR-APP-003,Business application times out connecting to backend other apps work fine,"Our accounting software times out after 30 seconds trying to connect. I checked and the company intranet and email all work fine so the network is not the issue.",Software & Applications,Medium,Finance,step_by_step,Step 1: The timeout is in the application layer not the network. Restart the accounting software. Step 2: Check if the application server address in settings is correct. Step 3: Ask IT to verify the application service is running on the server side. Step 4: If the service is down IT will restart it and notify users.,4,0.74,satisfied,False,False,False,general
CORR-APP-004,Software crashes with connection refused even though internet works,"My software shows connection refused every time I launch it. I have tested the internet and it is working. Other software on the same machine connects fine.",Software & Applications,Medium,IT,step_by_step,Step 1: Connection refused usually means the application server is down or on a different port. Contact IT. Step 2: IT will check the application service status on the server. Step 3: If the service crashed IT will restart it. Step 4: Confirm with the user after restart that the application connects successfully.,4,0.77,satisfied,False,False,False,general
CORR-APP-005,ERP connection timeout on all modules but network is functional,"ERPNext is timing out on every page load. I tested by opening other websites and my network connection is completely fine. This is only happening in ERPNext.",Software & Applications,High,IT,step_by_step,Step 1: This is an ERPNext server-side issue. Check with the IT admin whether the application server or database service needs a restart. Step 2: Admin should check the Frappe bench log for errors using bench logs command. Step 3: If the gunicorn process has crashed restart it. Step 4: Notify all affected users once service is restored.,4,0.75,satisfied,False,False,False,erp
CORR-APP-006,Cannot open application says cannot reach database tried restarting network,"My application keeps saying it cannot reach the database. I have already restarted my network adapter and the problem persists. Network looks fine.",Software & Applications,High,Finance,step_by_step,Step 1: Since restarting the network did not help the issue is in the application or server. Contact IT application support. Step 2: IT will check the database service status on the application server. Step 3: If MariaDB or SQL Server service is stopped IT will restart it. Step 4: You will be notified when the application is back online.,4,0.73,satisfied,False,False,False,general
CORR-APP-007,App showing server unreachable but colleague on same WiFi can access it,"My application shows server unreachable error but my colleague sitting next to me using the same WiFi can access it fine. So the network is not the issue.",Software & Applications,Medium,IT,step_by_step,Step 1: Since it is device-specific on the same network this is a software issue. Restart the application and your computer. Step 2: Check if there is a local firewall or antivirus blocking the application — temporarily disable and test. Step 3: Reinstall the application client. Step 4: If reinstall does not fix it IT will check application profile settings for your account.,4,0.78,satisfied,False,False,False,general
CORR-APP-008,System says database unavailable only for our department application,"Our department application is showing database unavailable. I tested the internet, checked with IT networking — they confirmed the network is healthy.",Software & Applications,High,IT,step_by_step,Step 1: The network is healthy so this is an application or database service issue. Contact the application administrator directly. Step 2: Admin should check whether the database container or service for this application has stopped. Step 3: Restart the service and verify connectivity from the application server. Step 4: Test from a user machine after service restart.,4,0.76,satisfied,False,False,False,general
CORR-APP-009,ERPNext login page loads but gives database connection error after submitting credentials,"The ERPNext login page loads fine but after entering my username and password it gives a database connection error. Internet is working.",Software & Applications,High,Finance,step_by_step,Step 1: The login page rendering fine but failing post-login indicates a database session issue. Clear browser cookies and retry. Step 2: Try a different browser. Step 3: If still failing the ERPNext database connection pool may be exhausted — contact your IT admin. Step 4: Admin should restart the bench service to release stale connections.,4,0.74,satisfied,False,False,False,erp
CORR-APP-010,Application keeps saying failed to connect to server I checked network it is fine,"My project management application keeps saying failed to connect to server. I checked and my WiFi is connected and internet works. Only this app is failing.",Software & Applications,Medium,IT,step_by_step,Step 1: Since the network is confirmed working restart the application completely. Step 2: Check if there is an application update pending — a server migration may have changed the endpoint. Step 3: Contact IT with the application name and exact error message. Step 4: IT will check the application server status and update connection settings if needed.,4,0.76,satisfied,False,False,False,general
